t,T_true,T_meas,T_out,setpoint,heater,error,T_pred,lower,upper
0.0,18.0,18.226442669706422,5.0,21.0,1,2.7735573302935776,18.226442669706422,20.5,21.5
1.0,18.0174,18.291318776766474,5.00174532903047,21.0,1,2.7086812232335262,18.940079847366988,20.5,21.5
2.0,18.034796869065804,18.3442850602834,5.003490656731796,21.0,1,2.6557149397165993,18.87394789545267,20.5,21.5
3.0,18.052190607823338,18.3733590581889,5.005235981774836,21.0,1,2.6266409418111003,18.66409903724389,20.5,21.5
4.0,18.06958121689813,18.35970792528439,5.0069813028304475,21.0,1,2.6402920747156102,18.22319659623929,20.5,21.5
5.0,18.086968696915317,18.33077591446541,5.008726618569493,21.0,1,2.669224085534591,18.041455806275604,20.5,21.5
6.0,18.104353048499647,18.31356396039307,5.010471927662839,21.0,1,2.6864360396069316,18.14144441966966,20.5,21.5
7.0,18.12173427227548,18.313320134338838,5.012217228781357,21.0,1,2.686679865661162,18.310881873796532,20.5,21.5
8.0,18.13911236886678,18.282627621179444,5.013962520595923,21.0,1,2.7173723788205564,17.9757024895855,20.5,21.5
9.0,18.156487338897126,18.326415175287956,5.015707801777423,21.0,1,2.6735848247120444,18.764290716373075,20.5,21.5
10.0,18.173859182989702,18.437947346425936,5.017453070996748,21.0,1,2.5620526535740638,19.553269057805743,20.5,21.5
11.0,18.191227901767302,18.527238175817036,5.0191983269248,21.0,1,2.472761824182964,19.420146469728035,20.5,21.5
12.0,18.208593495852334,18.533318059853674,5.020943568232491,21.0,1,2.4666819401463265,18.594116900220047,20.5,21.5
13.0,18.22595596586681,18.62004678068423,5.022688793590745,21.0,1,2.3799532193157695,19.4873339889898,20.5,21.5
14.0,18.243315312432355,18.624106182842084,5.024434001670494,21.0,1,2.375893817157916,18.66470020442062,20.5,21.5
15.0,18.260671536170204,18.55914250799622,5.026179191142689,21.0,1,2.4408574920037793,17.909505759537588,20.5,21.5
16.0,18.278024637701197,18.44454782798499,5.02792436067829,21.0,1,2.555452172015009,17.298601027872692,20.5,21.5
17.0,18.29537461764579,18.47431837085528,5.029669508948277,21.0,1,2.525681629144721,18.772023799558163,20.5,21.5
18.0,18.312721476624052,18.51917669758832,5.0314146346236415,21.0,1,2.480823302411679,18.96775996491874,20.5,21.5
19.0,18.33006521525565,18.524661248595883,5.033159736375395,21.0,1,2.4753387514041165,18.579506758671506,20.5,21.5
20.0,18.347405834159876,18.540753383336646,5.034904812874567,21.0,1,2.4592466166633535,18.701674730744276,20.5,21.5
21.0,18.36474333395562,18.638719865061763,5.036649862792205,21.0,1,2.3612801349382373,19.618384682312925,20.5,21.5
22.0,18.382077715261385,18.623922877780608,5.038394884799379,21.0,1,2.3760771222193924,18.475953004969057,20.5,21.5
23.0,18.39940897869529,18.54176527203031,5.040139877567178,21.0,1,2.458234727969689,17.720189214527345,20.5,21.5
24.0,18.416737124875066,18.662356908890718,5.0418848397667135,21.0,1,2.337643091109282,19.86827327749479,20.5,21.5
25.0,18.434062154418044,18.73145649534542,5.043629770069122,21.0,1,2.2685435046545805,19.422452359892432,20.5,21.5
26.0,18.451384067941174,18.756174540045297,5.045374667145563,21.0,1,2.243825459954703,19.003354987044073,20.5,21.5
27.0,18.468702866061015,18.77979945989491,5.047119529667221,21.0,1,2.2202005401050897,19.016048658391043,20.5,21.5
28.0,18.486018549393737,18.791663610655817,5.048864356305306,21.0,1,2.2083363893441827,18.910305118264887,20.5,21.5
29.0,18.50333111855512,18.726038284823613,5.050609145731059,21.0,1,2.2739617151763873,18.069785026501567,20.5,21.5
30.0,18.520640574160556,18.720326293405332,5.052353896615746,21.0,1,2.279673706594668,18.663206379222526,20.5,21.5
31.0,18.537946916825046,18.72384866509961,5.054098607630664,21.0,1,2.2761513349003906,18.759072382042383,20.5,21.5
32.0,18.555250147163207,18.702969845686646,5.055843277447138,21.0,1,2.2970301543133544,18.494181651557007,20.5,21.5
33.0,18.572550265789264,18.7723226045509,5.057587904736527,21.0,1,2.227677395449099,19.465850193193454,20.5,21.5
34.0,18.589847273317055,18.792860432640516,5.059332488170221,21.0,1,2.2071395673594836,18.998238713536672,20.5,21.5
35.0,18.607141170360027,18.823418420185927,5.061077026419645,21.0,1,2.176581579814073,19.128998295640034,20.5,21.5
36.0,18.62443195753124,18.891493321179055,5.062821518156257,21.0,1,2.1085066788209446,19.57224233111034,20.5,21.5
37.0,18.641719635443366,19.034394386754048,5.064565962051549,21.0,1,1.9656056132459518,20.463405042503975,20.5,21.5
38.0,18.659004204708687,19.01413523539029,5.066310356777053,21.0,1,1.9858647646097083,18.811543721752727,20.5,21.5
39.0,18.6762856659391,18.99608980756168,5.068054701004335,21.0,1,2.003910192438319,18.815635529275575,20.5,21.5
40.0,18.693564019746113,18.99247099907609,5.069798993405002,21.0,1,2.0075290009239097,18.956282914220182,20.5,21.5
41.0,18.710839266740845,19.004164830055863,5.071543232650699,21.0,1,1.9958351699441366,19.121103139853595,20.5,21.5
42.0,18.728111407534026,18.944226772580866,5.073287417413113,21.0,1,2.0557732274191345,18.344846197830886,20.5,21.5
43.0,18.745380442736003,18.9701571155667,5.075031546363969,21.0,1,2.0298428844333003,19.22946054542504,20.5,21.5
44.0,18.76264637295673,18.99996062207008,5.07677561817504,21.0,1,2.0000393779299195,19.29799568710389,20.5,21.5
45.0,18.779909198805775,19.043344815116235,5.078519631518137,21.0,1,1.9566551848837648,19.477186745577782,20.5,21.5
46.0,18.797168920892318,19.034115318418515,5.080263585065119,21.0,1,1.9658846815814854,18.941820351441308,20.5,21.5
47.0,18.81442553982515,19.054487877515527,5.08200747748789,21.0,1,1.9455121224844731,19.25821346848565,20.5,21.5
48.0,18.831679056212685,19.03418862438757,5.0837513074583995,21.0,1,1.9658113756124287,18.831196093108016,20.5,21.5
49.0,18.848929470662934,19.015412567693176,5.085495073648644,21.0,1,1.9845874323068244,18.827652000749218,20.5,21.5
50.0,18.86617678378353,19.069932694737222,5.087238774730672,21.0,1,1.930067305262778,19.615133965177687,20.5,21.5
51.0,18.88342099618172,19.147472121238422,5.088982409376578,21.0,1,1.8525278787615775,19.922866386250426,20.5,21.5
52.0,18.90066210846436,19.115334651464707,5.090725976258508,21.0,1,1.884665348535293,18.79395995372755,20.5,21.5
53.0,18.917900121237917,19.195873508955657,5.09246947404866,21.0,1,1.804126491044343,20.001262083865157,20.5,21.5
54.0,18.93513503510848,19.350682992866663,5.094212901419286,21.0,1,1.6493170071333374,20.89877783197672,20.5,21.5
55.0,18.95236685068174,19.403159292210297,5.095956257042688,21.0,1,1.5968407077897027,19.927922285646645,20.5,21.5
56.0,18.969595568563015,19.286638286819667,5.097699539591226,21.0,1,1.7133617131803334,18.12142823291336,20.5,21.5
57.0,18.986821189357222,19.25006576032126,5.099442747737315,21.0,1,1.7499342396787405,18.884340495337188,20.5,21.5
58.0,19.0040437136689,19.297497828641163,5.101185880153427,21.0,1,1.7025021713588373,19.771818511840195,20.5,21.5
59.0,19.021263142102196,19.198635088526565,5.102928935512088,21.0,1,1.801364911473435,18.21000768738059,20.5,21.5
60.0,19.03847947526088,19.178099095941093,5.1046719124858875,21.0,1,1.8219009040589071,18.97273917008637,20.5,21.5
61.0,19.055692713748325,19.2525174250953,5.106414809747473,21.0,1,1.7474825749047014,19.996700716637356,20.5,21.5
62.0,19.072902858167524,19.38903553372684,5.10815762596955,21.0,1,1.6109644662731597,20.754216620042257,20.5,21.5
63.0,19.090109909121082,19.374224742276123,5.109900359824891,21.0,1,1.6257752577238769,19.22611682776895,20.5,21.5
64.0,19.10731386721122,19.427087741756537,5.111643009986327,21.0,1,1.5729122582434627,19.95571773656068,20.5,21.5
65.0,19.124514733039778,19.400593816317688,5.113385575126755,21.0,1,1.5994061836823121,19.135654561929194,20.5,21.5
66.0,19.141712507208194,19.48457549379166,5.115128053919134,21.0,1,1.5154245062083405,20.324392268531376,20.5,21.5
67.0,19.158907190317535,19.56040959185419,5.116870445036493,21.0,1,1.4395904081458113,20.31875057247948,20.5,21.5
68.0,19.176098782968477,19.63038448743037,5.118612747151923,21.0,1,1.3696155125696308,20.330133443192175,20.5,21.5
69.0,19.193287285761315,19.666738985446063,5.120354958938587,21.0,1,1.333261014553937,20.030283965603,20.5,21.5
70.0,19.210472699295952,19.736018841711026,5.122097079069714,21.0,1,1.2639811582889742,20.428817404360654,20.5,21.5
71.0,19.227655024171906,19.682004959919464,5.123839106218604,21.0,1,1.317995040080536,19.141866142003845,20.5,21.5
72.0,19.244834260988316,19.635783557915786,5.125581039058627,21.0,1,1.3642164420842136,19.17356953787901,20.5,21.5
73.0,19.26201041034393,19.604037745887595,5.127322876263226,21.0,1,1.3959622541124048,19.286579625605683,20.5,21.5
74.0,19.279183472837115,19.598532120256074,5.129064616505916,21.0,1,1.401467879743926,19.543475863940863,20.5,21.5
75.0,19.296353449065847,19.592240409314314,5.130806258460286,21.0,1,1.4077595906856857,19.529323299896717,20.5,21.5
76.0,19.313520339627726,19.62807922142265,5.1325478008,21.0,1,1.3719207785773513,19.986467342505993,20.5,21.5
77.0,19.33068414511996,19.598608516634645,5.134289242198798,21.0,1,1.4013914833653551,19.303901468754606,20.5,21.5
78.0,19.347844866139376,19.56521627209768,5.1360305813304965,21.0,1,1.434783727902321,19.23129382672802,20.5,21.5
79.0,19.365002503282415,19.572151807839585,5.137771816868989,21.0,1,1.4278481921604147,19.64150716525865,20.5,21.5
80.0,19.382157057145132,19.5913469237489,5.13951294748825,21.0,1,1.408653076251099,19.78329808284206,20.5,21.5
81.0,19.3993085283232,19.527243659728818,5.141253971862334,21.0,1,1.4727563402711823,18.886211019527984,20.5,21.5
82.0,19.416456917411907,19.554628556516,5.142994888665372,21.0,1,1.4453714434839995,19.82847752438783,20.5,21.5
83.0,19.433602225006158,19.64556308749862,5.1447356965715825,21.0,1,1.3544369125013809,20.554908397324805,20.5,21.5
84.0,19.450744451700473,19.675092690052644,5.146476394255263,21.0,1,1.3249073099473563,19.97038871559289,20.5,21.5
85.0,19.467883598088985,19.61425519074759,5.1482169803907984,21.0,1,1.3857448092524116,19.005880197697035,20.5,21.5
86.0,19.485019664765446,19.733630155355918,5.149957453652656,21.0,1,1.2663698446440819,20.927379801439216,20.5,21.5
87.0,19.502152652323222,19.79799038281083,5.151697812715388,21.0,1,1.2020096171891694,20.441592657359955,20.5,21.5
88.0,19.5192825613553,19.815493673628104,5.153438056253638,21.0,1,1.1845063263718956,19.990526581800843,20.5,21.5
89.0,19.53640939245428,19.802422127310372,5.155178182942132,21.0,1,1.197577872689628,19.671706664133048,20.5,21.5
90.0,19.55353314621238,19.87148515309382,5.15691819145569,21.0,1,1.1285148469061816,20.562115410928282,20.5,21.5
91.0,19.57065382322143,19.843969385032487,5.158658080469219,21.0,1,1.1560306149675128,19.568811704419176,20.5,21.5
92.0,19.58777142407288,19.853421212036082,5.160397848657718,21.0,1,1.146578787963918,19.94793948207203,20.5,21.5
93.0,19.604885949357797,19.76150643845147,5.162137494696277,21.0,1,1.2384935615485304,18.842358702605345,20.5,21.5
94.0,19.621997399666864,19.843199590417836,5.163877017260082,21.0,1,1.1568004095821642,20.660131110081497,20.5,21.5
95.0,19.639105775590384,19.854849063885432,5.165616415024409,21.0,1,1.1451509361145682,19.971343798561392,20.5,21.5
96.0,19.65621107771827,19.91136419506707,5.167355686664631,21.0,1,1.088635804932931,20.47651550688344,20.5,21.5
97.0,19.67331330664006,19.953922941225947,5.169094830856218,21.0,1,1.0460770587740527,20.37951040281473,20.5,21.5
98.0,19.690412462944906,20.04503247272183,5.170833846274735,21.0,1,0.9549675272781712,20.956127787680643,20.5,21.5
99.0,19.707508547221572,20.012595810932787,5.172572731595847,21.0,1,0.9874041890672132,19.688229193042368,20.5,21.5
100.0,19.724601560058446,20.061314422313266,5.174311485495316,21.0,1,0.9386855776867336,20.548500536118063,20.5,21.5
101.0,19.741691502043533,20.021186324883352,5.176050106649007,21.0,1,0.9788136751166476,19.61990535058421,20.5,21.5
102.0,19.758778373764454,19.987816124425027,5.177788593732883,21.0,1,1.0121838755749728,19.654114119841775,20.5,21.5
103.0,19.77586217580845,20.0661842366203,5.179526945423011,21.0,1,0.9338157633797017,20.84986535857301,20.5,21.5
104.0,19.79294290876237,20.121876148589536,5.181265160395561,21.0,1,0.8781238514104643,20.67879526828191,20.5,21.5
105.0,19.810020573212697,20.02694680633915,5.183003237326805,21.0,1,0.9730531936608493,19.0776533838353,20.5,21.5
106.0,19.82709516974552,20.18666807316182,5.184741174893123,21.0,0,0.8133319268381811,21.7838807413885,20.5,21.5
107.0,19.82416669894655,20.22559257829649,5.186478971771001,21.0,0,0.7744074217035113,20.614837629643187,20.5,21.5
108.0,19.821239161401113,20.19754590156375,5.188216626637028,21.0,1,0.8024540984362503,19.91707913423636,20.5,21.5
109.0,19.83831255689416,20.15941682140957,5.189954138167908,21.0,1,0.8405831785904283,19.77812601986779,20.5,21.5
110.0,19.855382885210414,20.207079670100292,5.191691505040448,21.0,1,0.7929203298997081,20.683708157007494,20.5,21.5
111.0,19.87245014693438,20.165430348491917,5.193428725931568,21.0,1,0.8345696515080832,19.748937132408166,20.5,21.5
112.0,19.88951434265018,20.197776523699762,5.195165799518299,21.0,1,0.802223476300238,20.521238275778213,20.5,21.5
113.0,19.906575472941554,20.234509856573254,5.196902724477783,21.0,1,0.7654901434267458,20.601843185308176,20.5,21.5
114.0,19.92363353839186,20.279516848695096,5.198639499487278,21.0,1,0.7204831513049044,20.72958676991351,20.5,21.5
115.0,19.94068853958408,20.34726662389495,5.200376123224153,21.0,1,0.6527333761050507,21.024764375893486,20.5,21.5
116.0,19.95774047710081,20.31116819391388,5.202112594365893,21.0,1,0.6888318060861209,19.950183894103176,20.5,21.5
117.0,19.97478935152426,20.209534440349323,5.2038489115901,21.0,1,0.7904655596506771,19.19319690470376,20.5,21.5
118.0,19.991835163436274,20.23110483083591,5.205585073574493,21.0,1,0.7688951691640895,20.446808735701786,20.5,21.5
119.0,20.008877913418303,20.240814469621263,5.207321078996911,21.0,1,0.7591855303787369,20.33791085747479,20.5,21.5
120.0,20.02591760205142,20.267900472230156,5.209056926535307,21.0,1,0.7320995277698437,20.53876049831909,20.5,21.5
121.0,20.042954229916315,20.297335460510226,5.21079261486776,21.0,1,0.7026645394897741,20.59168534331092,20.5,21.5
122.0,20.059987797593305,20.37172219292578,5.212528142672467,21.0,1,0.6282778070742197,21.115589517081325,20.5,21.5
123.0,20.07701830566232,20.306633339730848,5.214263508627747,21.0,1,0.6933666602691524,19.65574480778152,20.5,21.5
124.0,20.094045754702915,20.312578536897153,5.215998711412046,21.0,1,0.6874214631028472,20.372030508560204,20.5,21.5
125.0,20.111070145294256,20.384829928892355,5.217733749703929,21.0,1,0.6151700711076451,21.107343848844376,20.5,21.5
126.0,20.12809147801514,20.361075233294812,5.219468622182091,21.0,1,0.6389247667051876,20.123528277319387,20.5,21.5
127.0,20.145109753443972,20.44659525265414,5.221203327525349,21.0,1,0.5534047473458585,21.301795446247432,20.5,21.5
128.0,20.16212497215879,20.499032862330203,5.222937864412651,21.0,1,0.5009671376697966,21.023408959090823,20.5,21.5
129.0,20.17913713473724,20.585424898040138,5.224672231523071,21.0,1,0.414575101959862,21.449345255139484,20.5,21.5
130.0,20.196146241756598,20.509986834248604,5.226406427535814,21.0,1,0.490013165751396,19.755606196333265,20.5,21.5
131.0,20.213152293793755,20.568960139022888,5.228140451130212,21.0,1,0.431039860977112,21.158693186765728,20.5,21.5
132.0,20.230155291425223,20.63462472669823,5.229874300985733,21.0,1,0.365375273301769,21.29127060345166,20.5,21.5
133.0,20.247155235227137,20.635458038019618,5.231607975781974,21.0,1,0.36454196198038247,20.643791151233483,20.5,21.5
134.0,20.264152125775247,20.55923685021551,5.233341474198666,21.0,1,0.44076314978449105,19.797024972174423,20.5,21.5
135.0,20.28114596364493,20.62901216720838,5.2350747949156755,21.0,1,0.37098783279162006,21.32676533713709,20.5,21.5
136.0,20.298136749411185,20.670195756369434,5.236807936613002,21.0,1,0.3298042436305657,21.082031647979978,20.5,21.5
137.0,20.315124483648624,20.607398820826614,5.2385408979707835,21.0,1,0.3926011791733863,19.979429465398407,20.5,21.5
138.0,20.332109166931488,20.630489474688957,5.240273677669294,21.0,1,0.36951052531104267,20.861396013312394,20.5,21.5
139.0,20.349090799833636,20.66087604258889,5.242006274388947,21.0,1,0.3391239574111111,20.964741721588204,20.5,21.5
140.0,20.366069382928547,20.659572491354286,5.243738686810295,21.0,1,0.340427508645714,20.646536979008257,20.5,21.5
141.0,20.383044916789324,20.582438319460152,5.24547091361403,21.0,1,0.41756168053984766,19.811096600518816,20.5,21.5
142.0,20.400017401988688,20.579550224691182,5.247202953480985,21.0,1,0.42044977530881766,20.550669277001482,20.5,21.5
143.0,20.416986839098985,20.596987552750456,5.248934805092138,21.0,1,0.40301244724954444,20.771360833343188,20.5,21.5
144.0,20.433953228692186,20.56178718860545,5.2506664671286085,21.0,1,0.4382128113945498,20.209783547155396,20.5,21.5
145.0,20.450916571339874,20.53362225880977,5.25239793827166,21.0,1,0.4663777411902288,20.25197296085298,20.5,21.5
146.0,20.46787686761326,20.5697658949384,5.254129217202701,21.0,1,0.43023410506160076,20.93120225622468,20.5,21.5
147.0,20.484834118083178,20.618956015125747,5.255860302603288,21.0,1,0.3810439848742533,21.11085721699922,20.5,21.5
148.0,20.50178832332008,20.608673515550873,5.257591193155125,21.0,1,0.3913264844491273,20.505848519802132,20.5,21.5
149.0,20.51873948389405,20.71383487688403,5.259321887540064,21.0,0,0.2861651231159712,21.76544849021559,20.5,21.5
150.0,20.51568760037478,20.792036938343593,5.261052384440103,21.0,0,0.20796306165640743,21.57405755293923,20.5,21.5
151.0,20.512636673331592,20.78569784295714,5.262782682537396,21.0,0,0.2143021570428587,20.72230688909263,20.5,21.5
152.0,20.509586702533433,20.776476091139987,5.264512780514245,21.0,0,0.22352390886001317,20.684258572968442,20.5,21.5
153.0,20.506537687749027,20.810261252321077,5.266242677053104,21.0,0,0.1897387476789234,21.148112864131974,20.5,21.5
154.0,20.503489628746888,20.735448914223234,5.267972370836584,21.0,1,0.2645510857767661,19.987325533244807,20.5,21.5
155.0,20.520442525295305,20.72220012864607,5.269701860547446,21.0,1,0.27779987135393114,20.58971227287442,20.5,21.5
156.0,20.537392377162355,20.783338540775713,5.271431144868608,21.0,1,0.21666145922428726,21.39472266207215,20.5,21.5
157.0,20.554339184915897,20.859895724318896,5.273160222483147,21.0,0,0.14010427568110373,21.62546755975073,20.5,21.5
158.0,20.55128294912341,20.89058513297727,5.274889092074293,21.0,0,0.1094148670227284,21.197479219561025,20.5,21.5
159.0,20.548227670352002,20.956710887476195,5.276617752325438,21.0,0,0.04328911252380507,21.617968432465428,20.5,21.5
160.0,20.545173348368397,20.91888231484875,5.278346201920131,21.0,0,0.08111768515124851,20.540596588574317,20.5,21.5
161.0,20.54211998293911,20.843664455072428,5.280074439542083,21.0,1,0.15633554492757185,20.091485857309195,20.5,21.5
162.0,20.55906757383043,20.774872146198806,5.281802463875166,21.0,1,0.22512785380119382,20.086949057462586,20.5,21.5
163.0,20.57601212080844,20.687623845224902,5.283530273603413,21.0,1,0.31237615477509806,19.81514083548586,20.5,21.5
164.0,20.592953624438998,20.73539351959489,5.2852578674110235,21.0,1,0.26460648040511003,21.21309026329477,20.5,21.5
165.0,20.60989208528759,20.79849276587901,5.286985243982358,21.0,1,0.2015072341209887,21.429485228720225,20.5,21.5
166.0,20.62682750391933,20.89355453571661,5.288712402001947,21.0,0,0.10644546428338941,21.844172234092603,20.5,21.5
167.0,20.623759880898945,20.89329609124048,5.290439340154481,21.0,0,0.10670390875952052,20.89071164647917,20.5,21.5
168.0,20.620693216790794,20.953067783882183,5.292166057124823,21.0,0,0.04693221611781695,21.55078471029922,20.5,21.5
169.0,20.61762751135886,20.8895577790152,5.293892551598003,21.0,1,0.11044222098480105,20.254457730345358,20.5,21.5
170.0,20.63456276436691,20.927817521139353,5.295618822259221,21.0,1,0.07218247886064688,21.310414942380895,20.5,21.5
171.0,20.651494975578487,21.001968967849145,5.297344867793846,21.0,0,-0.001968967849144576,21.74348343494706,20.5,21.5
172.0,20.64842414555693,21.10049091761125,5.299070686887419,21.0,0,-0.10049091761124984,22.085710415232302,20.5,21.5
173.0,20.645354274865195,21.166504233445938,5.300796278225654,21.0,0,-0.1665042334459379,21.82663739179282,20.5,21.5
174.0,20.642285363265866,21.1892692621312,5.302521640494438,21.0,0,-0.18926926213120154,21.416919548983838,20.5,21.5
175.0,20.63921741052131,21.110881847988765,5.304246772379833,21.0,1,-0.11088184798876455,20.327007706564395,20.5,21.5
176.0,20.656150416393682,21.047940030482103,5.305971672568076,21.0,1,-0.04794003048210271,20.418521855415484,20.5,21.5
177.0,20.67308038064492,21.02643200259531,5.30769633974558,21.0,1,-0.026432002595310422,20.811351723727388,20.5,21.5
178.0,20.69000730383674,21.00345274342193,5.309420772598936,21.0,1,-0.003452743421931359,20.77366015168814,20.5,21.5
179.0,20.706931186530493,20.99986699349246,5.311144969814913,21.0,1,0.00013300650753933496,20.964009494197754,20.5,21.5
180.0,20.72385202928715,20.993533373626587,5.3128689300804615,21.0,1,0.00646662637341322,20.930197174967848,20.5,21.5
181.0,20.74076983266731,21.00441478393119,5.314592652082709,21.0,1,-0.0044147839311889925,21.11322888697721,20.5,21.5
182.0,20.757684597231194,20.989602224656903,5.316316134508967,21.0,1,0.010397775343097493,20.841476631914038,20.5,21.5
183.0,20.77459632353865,21.063669387434807,5.318039376046729,21.0,0,-0.06366938743480688,21.80434101521385,20.5,21.5
184.0,20.771505012149152,21.143056054507234,5.31976237538367,21.0,0,-0.1430560545072339,21.936922725231504,20.5,21.5
185.0,20.768414663621797,21.169754785724983,5.321485131207652,21.0,0,-0.16975478572498304,21.436742097902474,20.5,21.5
186.0,20.765325277715316,21.03647852444882,5.3232076422067225,21.0,1,-0.03647852444882105,19.7037159116872,20.5,21.5
187.0,20.782236854188216,21.015683848564684,5.324929907069113,21.0,1,-0.01568384856468441,20.807737089723318,20.5,21.5
188.0,20.799145392798792,20.881051087078177,5.326651924483245,21.0,1,0.11894891292182308,19.534723472213102,20.5,21.5
189.0,20.81605089410513,20.834015814142294,5.328373693137726,21.0,1,0.16598418585770602,20.363663084783465,20.5,21.5
190.0,20.832953358664934,20.82325776280046,5.330095211721355,21.0,1,0.17674223719954085,20.71567724938211,20.5,21.5
191.0,20.849852787035545,21.011450027698228,5.3318164789231215,21.0,0,-0.011450027698227672,22.893372676675913,20.5,21.5
192.0,20.846749179773923,20.96952689477063,5.333537493432204,21.0,0,0.03047310522936897,20.550295565494665,20.5,21.5
193.0,20.843646537436655,21.067601058460202,5.335258253937977,21.0,0,-0.06760105846020181,22.04834269535591,20.5,21.5
194.0,20.840544859779953,21.023977060859465,5.336978759130005,21.0,0,-0.023977060859465382,20.5877370848521,20.5,21.5
195.0,20.83744414655982,21.026172178120227,5.338699007698049,21.0,0,-0.026172178120226874,21.048123350727842,20.5,21.5
196.0,20.83434439753205,21.087527223376632,5.340418998332065,21.0,0,-0.08752722337663243,21.701077675940688,20.5,21.5
197.0,20.83124561245221,21.153255146505188,5.342138729722205,21.0,0,-0.15325514650518812,21.810534377790745,20.5,21.5
198.0,20.828147791075665,21.16396238920947,5.343858200558819,21.0,0,-0.1639623892094697,21.271034816252286,20.5,21.5
199.0,20.825050933157563,21.28074958654349,5.3455774095324555,21.0,0,-0.28074958654348947,22.448621559883687,20.5,21.5
200.0,20.82195503845284,21.35627379567323,5.347296355333861,21.0,0,-0.3562737956732285,22.11151588697062,20.5,21.5
201.0,20.818860106716215,21.27818693946764,5.349015036653984,21.0,1,-0.2781869394676413,20.49731837741177,20.5,21.5
202.0,20.8357661377022,21.237717145805924,5.350733452183974,21.0,1,-0.23771714580592374,20.83301920918875,20.5,21.5
203.0,20.852669131165097,21.196212118040485,5.352451600615184,21.0,1,-0.196212118040485,20.781161840386098,20.5,21.5
204.0,20.869569087658988,21.153638084541143,5.354169480639166,21.0,1,-0.15363808454114292,20.727897749547722,20.5,21.5
205.0,20.886466007737585,21.09308486955279,5.355887090947683,21.0,1,-0.09308486955278994,20.48755271966926,20.5,21.5
206.0,20.903359891954228,21.073282148032924,5.3576044302326995,21.0,1,-0.07328214803292354,20.87525493283426,20.5,21.5
207.0,20.920250740861885,21.104373793085934,5.359321497186385,21.0,1,-0.10437379308593364,21.415290243616035,20.5,21.5
208.0,20.93713855501315,21.15686286172662,5.36103829050112,21.0,0,-0.15686286172661923,21.681753548133475,20.5,21.5
209.0,20.934023334960248,21.161829863259534,5.362754808869491,21.0,0,-0.16182986325953408,21.211499878588683,20.5,21.5
210.0,20.93090908125503,21.261091966008703,5.364471050984295,21.0,0,-0.26109196600870277,22.25371299350039,20.5,21.5
211.0,20.927795793648976,21.226321697058456,5.3661870155385385,21.0,0,-0.22632169705845584,20.878619007555987,20.5,21.5
212.0,20.924683471893353,21.22161244757401,5.36790270122544,21.0,0,-0.22161244757401022,21.174519952729554,20.5,21.5
213.0,20.92157211573922,21.17865261765559,5.3696181067384305,21.0,0,-0.17865261765559026,20.74905431847139,20.5,21.5
214.0,20.91846172493742,21.205459872966898,5.371333230771154,21.0,0,-0.20545987296689816,21.473532426079977,20.5,21.5
215.0,20.915352299238585,21.18555193103098,5.373048072017469,21.0,0,-0.18555193103097878,20.986472511671785,20.5,21.5
216.0,20.91224383839314,21.20328913787767,5.37476262917145,21.0,0,-0.20328913787766822,21.380661206344563,20.5,21.5
217.0,20.909136342151296,21.215856091292665,5.3764769009273845,21.0,0,-0.2158560912926646,21.341525625442628,20.5,21.5
218.0,20.90602981026305,21.219457054897024,5.378190885979783,21.0,0,-0.21945705489702405,21.25546669094062,20.5,21.5
219.0,20.902924242478193,21.153193619768082,5.379904583023369,21.0,1,-0.1531936197680821,20.490559268478663,20.5,21.5
220.0,20.9198196385463,21.095466555464863,5.38161799075309,21.0,1,-0.09546655546486349,20.518195912432677,20.5,21.5
221.0,20.936711998216744,21.115383703718102,5.383331107864109,21.0,1,-0.11538370371810203,21.314555186250487,20.5,21.5
222.0,20.953601322038672,21.134002124218146,5.385043933051815,21.0,1,-0.13400212421814572,21.320186329218583,20.5,21.5
223.0,20.970487610560873,21.095039888059766,5.386756465011816,21.0,1,-0.09503988805976604,20.70541752647597,20.5,21.5
224.0,20.987370864331762,21.145325367546015,5.388468702439944,21.0,0,-0.14532536754601466,21.6481801624085,20.5,21.5
225.0,20.984251083899384,21.21110452387666,5.390180644032257,21.0,0,-0.21110452387666,21.868896087183114,20.5,21.5
226.0,20.98113226981141,21.27377731853435,5.391892288485035,21.0,0,-0.27377731853434994,21.90050526511125,20.5,21.5
227.0,20.978014421815146,21.212926096711477,5.393603634494789,21.0,0,-0.21292609671147744,20.604413878482752,20.5,21.5
228.0,20.974897539657682,21.26570164725627,5.395314680758252,21.0,0,-0.26570164725627166,21.793457152704214,20.5,21.5
229.0,20.971781623085903,21.271711803299013,5.39702542597239,21.0,0,-0.2717118032990129,21.331813363726425,20.5,21.5
230.0,20.96866667184648,21.24995767364643,5.398735868834394,21.0,0,-0.2499576736464313,21.032416377120615,20.5,21.5
231.0,20.96555268568588,21.290032865742184,5.40044600804169,21.0,0,-0.2900328657421838,21.69078478669971,20.5,21.5
232.0,20.96243966435035,21.280936759353843,5.402155842291929,21.0,0,-0.28093675935384255,21.18997569547043,20.5,21.5
233.0,20.959327607585937,21.298643284035656,5.403865370283001,21.0,0,-0.29864328403565565,21.475708530853787,20.5,21.5
234.0,20.956216515138475,21.255776829077217,5.405574590713025,21.0,0,-0.25577682907721666,20.827112279492827,20.5,21.5
235.0,20.95310638675359,21.293955695730162,5.407283502280355,21.0,0,-0.2939556957301619,21.675744362259614,20.5,21.5
236.0,20.949997222176695,21.188782154385432,5.40899210368358,21.0,1,-0.18878215438543222,20.137046740938136,20.5,21.5
237.0,20.966889021152998,21.173797747604368,5.410700393621528,21.0,1,-0.17379774760436817,21.023953679793728,20.5,21.5
238.0,20.98377778342749,21.146766380691044,5.412408370793259,21.0,1,-0.14676638069104442,20.876452711557807,20.5,21.5
239.0,21.000663509544964,21.199881124959607,5.414116033898076,21.0,0,-0.19988112495960664,21.73102856764523,20.5,21.5
240.0,20.997546200049836,21.169862647747745,5.415823381635518,21.0,0,-0.1698626477477454,20.869677875629133,20.5,21.5
241.0,20.994429855486153,21.176049848481803,5.417530412705367,21.0,0,-0.17604984848180294,21.23792185582238,20.5,21.5
242.0,20.991314475597598,21.258965006842374,5.419237125807643,21.0,0,-0.25896500684237367,22.08811659044808,20.5,21.5
243.0,20.98820006012764,21.238581942981,5.420943519642611,21.0,0,-0.23858194298099988,21.034751304367262,20.5,21.5
244.0,20.985086608819543,21.180066166778726,5.422649592910777,21.0,0,-0.180066166778726,20.594908404755987,20.5,21.5
245.0,20.98197412141636,21.232994554839202,5.424355344312892,21.0,0,-0.23299455483920184,21.76227843544396,20.5,21.5
246.0,20.97886259766094,21.21280487556391,5.4260607725499534,21.0,0,-0.21280487556391137,21.010908082811007,20.5,21.5
247.0,20.975752037295916,21.164305332033273,5.4277658763232015,21.0,0,-0.16430533203327258,20.679309896726885,20.5,21.5
248.0,20.972642440063723,21.18536206795779,5.429470654334127,21.0,0,-0.1853620679577901,21.395929427202965,20.5,21.5
249.0,20.969533805706575,21.20510950794813,5.431175105284466,21.0,0,-0.20510950794813,21.40258390785153,20.5,21.5
250.0,20.96642613396649,21.104678680587483,5.432879227876206,21.0,1,-0.10467868058748309,20.100370406981014,20.5,21.5
251.0,20.98331942458527,21.10561051546731,5.434583020811583,21.0,1,-0.10561051546730837,21.11492886426556,20.5,21.5
252.0,21.000209677304518,21.17176931911283,5.4362864827930855,21.0,0,-0.17176931911282978,21.833357355568044,20.5,21.5
253.0,20.997096892665617,21.23482836488768,5.4379896125234515,21.0,0,-0.23482836488767944,21.865418822636176,20.5,21.5
254.0,20.99398507120959,21.296745329156657,5.439692408705675,21.0,0,-0.2967453291566571,21.915914971846433,20.5,21.5
255.0,20.990874212677088,21.365298645455262,5.441394870043002,21.0,0,-0.3652986454552618,22.05083180844131,20.5,21.5
256.0,20.987764316808562,21.4343784107764,5.4430969952389345,21.0,0,-0.43437841077640016,22.125176063987784,20.5,21.5
257.0,20.984655383344247,21.32808635730085,5.44479878299723,21.0,1,-0.328086357300851,20.26516582254536,20.5,21.5
258.0,21.001547412024177,21.292625768144546,5.4465002320219025,21.0,1,-0.2926257681445463,20.9380198765815,20.5,21.5
259.0,21.018436402588176,21.278493508891785,5.448201341017225,21.0,1,-0.2784935088917848,21.13717091636417,20.5,21.5
260.0,21.03532235557586,21.219420183827847,5.44990210868773,21.0,1,-0.21942018382784667,20.628686933188465,20.5,21.5
261.0,21.052205271526482,21.235297443561613,5.451602533738208,21.0,1,-0.2352974435616133,21.39407004089928,20.5,21.5
262.0,21.069085150978925,21.3274622022294,5.45330261487371,21.0,0,-0.32746220222939826,22.249109788907248,20.5,21.5
263.0,21.065961994471703,21.314748147193104,5.455002350799552,21.0,0,-0.31474814719310373,21.18760759683016,20.5,21.5
264.0,21.062839802542968,21.351310689893754,5.456701740221312,21.0,0,-0.35131068989375436,21.71693611690026,20.5,21.5
265.0,21.059718574930503,21.34024702244528,5.458400781844828,21.0,0,-0.34024702244527916,21.229610347960527,20.5,21.5
266.0,21.056598311371886,21.279652002139205,5.460099474376209,21.0,0,-0.2796520021392048,20.67370179907846,20.5,21.5
267.0,21.053479011604487,21.301677596557134,5.461797816521825,21.0,0,-0.3016775965571341,21.521933540736427,20.5,21.5
268.0,21.05036067536547,21.25822818436535,5.463495806988314,21.0,0,-0.25822818436535044,20.823734062447514,20.5,21.5
269.0,21.047243302391795,21.199996538439407,5.465193444482585,21.0,0,-0.19999653843940735,20.617680079179976,20.5,21.5
270.0,21.044126892420213,21.238241786136133,5.466890727711811,21.0,0,-0.23824178613613256,21.620694263103385,20.5,21.5
271.0,21.04101144518727,21.28568564076077,5.468587655383438,21.0,0,-0.2856856407607715,21.76012418700716,20.5,21.5
272.0,21.037896960429308,21.321183184710232,5.47028422620518,21.0,0,-0.32118318471023244,21.67615862420484,20.5,21.5
273.0,21.034783437882464,21.387092858234773,5.471980438885026,21.0,0,-0.387092858234773,22.04618959348018,20.5,21.5
274.0,21.031670877282664,21.381625632886898,5.473676292131238,21.0,0,-0.3816256328868981,21.32695337940815,20.5,21.5
275.0,21.028559278365634,21.46983312747604,5.475371784652346,21.0,0,-0.4698331274760399,22.351908073367458,20.5,21.5
276.0,21.02544864086689,21.390959769781666,5.477066915157161,21.0,0,-0.39095976978166647,20.602226192837932,20.5,21.5
277.0,21.022338964521747,21.29918522669012,5.478761682354769,21.0,1,-0.2991852266901205,20.38143979577466,20.5,21.5
278.0,21.039230249065312,21.309010310767427,5.480456084954527,21.0,1,-0.3090103107674267,21.40726115154049,20.5,21.5
279.0,21.05611849423249,21.340201673404657,5.482150121666077,21.0,0,-0.3402016734046569,21.65211529977696,20.5,21.5
280.0,21.053003700557976,21.257861651812007,5.483843791199336,21.0,1,-0.25786165181200715,20.43446143588551,20.5,21.5
281.0,21.069889868576105,21.28166335073278,5.485537092264499,21.0,0,-0.2816633507327815,21.519680339940525,20.5,21.5
282.0,21.06677299802084,21.37613929465484,5.487230023572045,21.0,0,-0.3761392946548412,22.32089873387544,20.5,21.5
283.0,21.063657089425952,21.407354898205917,5.488922583832733,21.0,0,-0.4073548982059165,21.71951093371667,20.5,21.5
284.0,21.060542142524834,21.429260003291184,5.490614771757605,21.0,0,-0.4292600032911835,21.648311054143853,20.5,21.5
285.0,21.05742815705068,21.469418541859998,5.492306586057986,21.0,0,-0.4694185418599979,21.87100392754814,20.5,21.5
286.0,21.05431513273648,21.514661180957347,5.493998025445486,21.0,0,-0.5146611809573471,21.96708757193084,20.5,21.5
287.0,21.051203069315022,21.441701009233743,5.495689088632,21.0,0,-0.4417010092337428,20.7120992919977,20.5,21.5
288.0,21.048091966518886,21.36528067344539,5.497379774329709,21.0,0,-0.3652806734453904,20.601077315561866,20.5,21.5
289.0,21.04498182408045,21.330982758919593,5.499070081251085,21.0,0,-0.3309827589195926,20.988003613661615,20.5,21.5
290.0,21.04187264173188,21.233449981555474,5.500760008108883,21.0,1,-0.23344998155547358,20.258122207914283,20.5,21.5
291.0,21.058764419205158,21.287053180101157,5.502449553616151,21.0,0,-0.2870531801011573,21.823085165557995,20.5,21.5
292.0,21.05565315623204,21.29326115306975,5.504138716486227,21.0,0,-0.29326115306975,21.355340882755677,20.5,21.5
293.0,21.05254285334409,21.37040322024354,5.50582749543274,21.0,0,-0.37040322024353856,22.141823891981424,20.5,21.5
294.0,21.049433510272507,21.374537306968566,5.507515889169611,21.0,0,-0.37453730696856624,21.415878174218843,20.5,21.5
295.0,21.046325126748286,21.483912658392317,5.509203896411055,21.0,0,-0.4839126583923168,22.577666172629822,20.5,21.5
296.0,21.04321770250222,21.308717952405313,5.510891515871581,21.0,1,-0.3087179524053134,19.55677089253528,20.5,21.5
297.0,21.06011123726489,21.373838598976942,5.512578746265993,21.0,0,-0.37383859897694194,22.025045064693227,20.5,21.5
298.0,21.057001730766693,21.315202134703732,5.514265586309392,21.0,0,-0.31520213470373193,20.728837491971632,20.5,21.5
299.0,21.053893183537802,21.244992412495773,5.515952034717176,21.0,0,-0.24499241249577253,20.54289519041618,20.5,21.5
300.0,21.05078559530804,21.206359670575193,5.5176380902050415,21.0,0,-0.20635967057519267,20.820032251369394,20.5,21.5
301.0,21.04767896580702,21.301943988810116,5.519323751488983,21.0,0,-0.3019439888101161,22.25778717115935,20.5,21.5
302.0,21.044573294764156,21.288511742011842,5.521009017285297,21.0,0,-0.28851174201184193,21.1541892740291,20.5,21.5
303.0,21.04146858190866,21.37629207626996,5.522693886310579,21.0,0,-0.37629207626995864,22.254095418851126,20.5,21.5
304.0,21.03836482696954,21.41738499295306,5.524378357281729,21.0,0,-0.4173849929530604,21.828314159784078,20.5,21.5
305.0,21.035262029675604,21.39948076888562,5.5260624289159495,21.0,0,-0.39948076888562056,21.220438528211222,20.5,21.5
306.0,21.03216018975545,21.375444883374065,5.527746099930746,21.0,0,-0.37544488337406534,21.135086028258513,20.5,21.5
307.0,21.029059306937487,21.331258344011495,5.529429369043929,21.0,0,-0.3312583440114949,20.88939295038579,20.5,21.5
308.0,21.02595938094991,21.269193440293684,5.531112234973618,21.0,0,-0.26919344029368375,20.648544403115572,20.5,21.5
309.0,21.022860411520714,21.38127213688273,5.532794696438235,21.0,0,-0.3812721368827283,22.502059102773174,20.5,21.5
310.0,21.019762398377697,21.458417877678613,5.534476752156514,21.0,0,-0.4584178776786132,22.229875285637462,20.5,21.5
311.0,21.01666534124845,21.52898751849814,5.536158400847495,21.0,0,-0.5289875184981412,22.23468392669342,20.5,21.5
312.0,21.01356923986037,21.52913394853644,5.537839641230532,21.0,0,-0.5291339485364404,21.530598248919432,20.5,21.5
313.0,21.010474093940644,21.486085927139587,5.539520472025284,21.0,0,-0.4860859271395874,21.055605713171058,20.5,21.5
314.0,21.00737990321626,21.425314311504287,5.5412008919517275,21.0,0,-0.42531431150428745,20.817598155151288,20.5,21.5
315.0,21.004286667414007,21.309257524702247,5.542880899730148,21.0,1,-0.30925752470224666,20.14868965668184,20.5,21.5
316.0,21.021194386260472,21.296952929735813,5.544560494081149,21.0,1,-0.2969529297358129,21.173906980071475,20.5,21.5
317.0,21.038099059482036,21.290849118884683,5.546239673725643,21.0,1,-0.2908491188846831,21.229811010373385,20.5,21.5
318.0,21.055000687604885,21.30833130477796,5.547918437384865,21.0,1,-0.30833130477795834,21.48315316371071,20.5,21.5
319.0,21.07189927115484,21.31391950042148,5.549596783780361,21.0,1,-0.31391950042148054,21.369801456856703,20.5,21.5
320.0,21.088794810657365,21.422782809143705,5.551274711633998,21.0,0,-0.4227828091437047,22.511415896365946,20.5,21.5
321.0,21.08568730663756,21.40863073620192,5.5529522196679615,21.0,0,-0.40863073620192125,21.267110006784087,20.5,21.5
322.0,21.082580759620164,21.464108830205856,5.554629306604756,21.0,0,-0.4641088302058556,22.0188897702452,20.5,21.5
323.0,21.079475169329562,21.453673610428858,5.556305971167205,21.0,0,-0.4536736104288579,21.34932141265888,20.5,21.5
324.0,21.07637053548993,21.449074455262974,5.557982212078459,21.0,0,-0.4490744552629735,21.40308290360413,20.5,21.5
325.0,21.073266857825246,21.40626059181424,5.5596580280619845,21.0,0,-0.4062605918142417,20.978121957326923,20.5,21.5
326.0,21.070164136059294,21.33370414157645,5.561333417841576,21.0,0,-0.333704141576451,20.608139639198544,20.5,21.5
327.0,21.06706236991565,21.28800697531431,5.563008380141351,21.0,0,-0.2880069753143104,20.831035312692904,20.5,21.5
328.0,21.063961559117697,21.315147033500097,5.564682913685753,21.0,0,-0.31514703350009654,21.586547615357958,20.5,21.5
329.0,21.06086170338861,21.31323465947835,5.566357017199552,21.0,0,-0.3132346594783506,21.29411091926089,20.5,21.5
330.0,21.05776280245137,21.358087969336154,5.568030689407845,21.0,0,-0.35808796933615383,21.806621067914186,20.5,21.5
331.0,21.05466485602876,21.408519847907797,5.569703929036058,21.0,0,-0.4085198479077974,21.912838633624233,20.5,21.5
332.0,21.051567863843363,21.39629272007892,5.571376734809947,21.0,0,-0.3962927200789217,21.274021441790165,20.5,21.5
333.0,21.048471825617558,21.31788696593902,5.573049105455596,21.0,0,-0.3178869659390209,20.533829424540013,20.5,21.5
334.0,21.045376741073525,21.215793567963196,5.5747210396994245,21.0,1,-0.21579356796319615,20.19485958820495,20.5,21.5
335.0,21.062282609933252,21.081743296554947,5.5763925362681785,21.0,1,-0.08174329655494716,19.741240582472457,20.5,21.5
336.0,21.079185431918518,21.028705470308672,5.578063593888944,21.0,1,-0.02870547030867243,20.498327207845925,20.5,21.5
337.0,21.09608520755091,21.031713035030574,5.579734211289135,21.0,1,-0.03171303503057388,21.06178868224959,20.5,21.5
338.0,21.11298193735166,21.135294303777517,5.581404387196505,21.0,0,-0.13529430377751694,22.171106991246948,20.5,21.5
339.0,21.109875621841628,21.21459014702119,5.583074120339143,21.0,0,-0.21459014702119106,22.007548579457932,20.5,21.5
340.0,21.106770261541328,21.27649619379053,5.5847434094454735,21.0,0,-0.27649619379052837,21.8955566614839,20.5,21.5
341.0,21.10366585617091,21.32653635124262,5.58641225324426,21.0,0,-0.3265363512426198,21.826937925763534,20.5,21.5
342.0,21.100562405450326,21.477307128926014,5.588080650464608,21.0,0,-0.47730712892601446,22.98501490575996,20.5,21.5
343.0,21.097459909099328,21.495668569416253,5.589748599835957,21.0,0,-0.49566856941625304,21.67928297431864,20.5,21.5
344.0,21.094358366837476,21.469763958765213,5.591416100088093,21.0,0,-0.4697639587652134,21.210717852254817,20.5,21.5
345.0,21.091257778384126,21.548869627806436,5.593083149951142,21.0,0,-0.548869627806436,22.339926318218662,20.5,21.5
346.0,21.08815814345844,21.57189936317048,5.5947497481555715,21.0,0,-0.5718993631704805,21.802196716810926,20.5,21.5
347.0,21.08505946177938,21.46454679607601,5.596415893432196,21.0,1,-0.4645467960760108,20.391021125131314,20.5,21.5
348.0,21.10196173306571,21.428251274258628,5.598081584512173,21.0,1,-0.42825127425862775,21.065296056084797,20.5,21.5
349.0,21.118860957036,21.481496016497,5.599746820127006,21.0,0,-0.481496016497001,22.013943438880734,20.5,21.5
350.0,21.115757134208618,21.401929916863352,5.6014115990085465,21.0,0,-0.40192991686335233,20.606268920526865,20.5,21.5
351.0,21.11265426510158,21.508325852296576,5.603075919888991,21.0,0,-0.5083258522965757,22.57228520662881,20.5,21.5
352.0,21.109552349432537,21.544485096373457,5.604739781500889,21.0,0,-0.5444850963734567,21.906077537142266,20.5,21.5
353.0,21.106451386918952,21.57520156910606,5.606403182577136,21.0,0,-0.5752015691060599,21.882366296432092,20.5,21.5
354.0,21.103351377278084,21.56810382977472,5.608066121850981,21.0,0,-0.5681038297747207,21.49712643646133,20.5,21.5
355.0,21.100252320227,21.65140894074296,5.609728598056021,21.0,0,-0.6514089407429609,22.484460050425362,20.5,21.5
356.0,21.097154215482565,21.543715666094702,5.611390609926211,21.0,1,-0.5437156660947018,20.46678291961211,20.5,21.5
357.0,21.114057062761454,21.46702682064725,5.613052156195855,21.0,1,-0.46702682064724854,20.700138366172716,20.5,21.5
358.0,21.13095686178014,21.382779778789896,5.6147132355996145,21.0,1,-0.3827797787898959,20.54030936021637,20.5,21.5
359.0,21.147853613054906,21.44404562583599,5.616373846872503,21.0,0,-0.44404562583599017,22.056704096296933,20.5,21.5
360.0,21.144747317101668,21.347258856737035,5.618033988749895,21.0,1,-0.34725885673703516,20.379391165747485,20.5,21.5
361.0,21.161641974435998,21.339644218170687,5.619693659967519,21.0,1,-0.3396442181706867,21.263497832507202,20.5,21.5
362.0,21.178533584773103,21.35030581739802,5.621352859261464,21.0,1,-0.35030581739802,21.456921809671353,20.5,21.5
363.0,21.195422148628,21.437703235727966,5.623011585368176,21.0,0,-0.437703235727966,22.311677419027426,20.5,21.5
364.0,21.19230766651535,21.33015968898925,5.624669837024465,21.0,1,-0.3301596889892515,20.254724221602107,20.5,21.5
365.0,21.209194138949453,21.316208108156804,5.626327612967499,21.0,1,-0.316208108156804,21.17669229983233,20.5,21.5
366.0,21.226077565644257,21.32198591734575,5.62798491193481,21.0,1,-0.32198591734574933,21.379764009235203,20.5,21.5
367.0,21.242957947113513,21.398983626049336,5.629641732664292,21.0,0,-0.39898362604933624,22.168960713085205,20.5,21.5
368.0,21.239835283870622,21.37731589799836,5.631298073894205,21.0,0,-0.3773158979983613,21.160638617488612,20.5,21.5
369.0,21.236713576428627,21.487006710280436,5.632953934363172,21.0,0,-0.4870067102804363,22.583914833101186,20.5,21.5
370.0,21.233592824500214,21.57557342672617,5.634609312810184,21.0,0,-0.5755734267261694,22.4612405911835,20.5,21.5
371.0,21.230473027797874,21.61770691574057,5.636264207974598,21.0,0,-0.6177069157405697,22.039041805884573,20.5,21.5
372.0,21.22735418603391,21.62514259261983,5.63791861859614,21.0,0,-0.6251425926198309,21.699499361412443,20.5,21.5
373.0,21.224236298920424,21.602771104216114,5.6395725434149035,21.0,0,-0.6027711042161137,21.379056220178942,20.5,21.5
374.0,21.221119366169322,21.547952466131598,5.6412259811713525,21.0,0,-0.5479524661315978,20.99976608528644,20.5,21.5
375.0,21.218003387492324,21.51254756149577,5.642878930606323,21.0,0,-0.5125475614957686,21.158498515137477,20.5,21.5
376.0,21.214888362600945,21.540470729067625,5.644531390461022,21.0,0,-0.5404707290676249,21.819702404786188,20.5,21.5
377.0,21.211774291206517,21.471745740964746,5.646183359477029,21.0,0,-0.47174574096474586,20.784495859935955,20.5,21.5
378.0,21.20866117302017,21.56190623170921,5.6478348363962985,21.0,0,-0.5619062317092087,22.463511139153837,20.5,21.5
379.0,21.205549007752847,21.55024452851036,5.649485819961159,21.0,0,-0.5502445285103583,21.433627496521854,20.5,21.5
380.0,21.202437795115287,21.60931699334889,5.651136308914314,21.0,0,-0.6093169933488909,22.200041641734217,20.5,21.5
381.0,21.199327534818046,21.57924721767889,5.652786301998844,21.0,0,-0.5792472176788905,21.278549460978887,20.5,21.5
382.0,21.19621822657148,21.542683661985784,5.654435797958207,21.0,0,-0.5426836619857838,21.177048105054716,20.5,21.5
383.0,21.19310987008576,21.436803230022747,5.656084795536243,21.0,1,-0.4368032300227469,20.377998910392378,20.5,21.5
384.0,21.21000246507085,21.380104741183036,5.6577332934771665,21.0,1,-0.38010474118303605,20.813119852785928,20.5,21.5
385.0,21.226892011236533,21.354160705566386,5.659381290525575,21.0,1,-0.354160705566386,21.094720349399886,20.5,21.5
386.0,21.24377850909239,21.354213207962395,5.661028785426446,21.0,1,-0.3542132079623954,21.35473823192249,20.5,21.5
387.0,21.260661959147658,21.48178248832841,5.662675776925142,21.0,0,-0.48178248832840964,22.757475291988552,20.5,21.5
388.0,21.257542361911213,21.540458918531804,5.664322263767406,21.0,0,-0.5404589185318045,22.127223220565753,20.5,21.5
389.0,21.254423717891584,21.617315973072053,5.665968244699369,21.0,0,-0.6173159730720528,22.385886518474535,20.5,21.5
390.0,21.251306026796946,21.62162959272817,5.667613718467542,21.0,0,-0.6216295927281692,21.664765789289333,20.5,21.5
391.0,21.24818928833528,21.62595299197326,5.669258683818827,21.0,0,-0.6259529919732607,21.669186984424176,20.5,21.5
392.0,21.245073502214375,21.559112212173044,5.67090313950051,21.0,0,-0.5591122121730443,20.89070441417088,20.5,21.5
393.0,21.24195866814183,21.573245817732737,5.672547084260268,21.0,0,-0.5732458177327366,21.71458187332966,20.5,21.5
394.0,21.238844785825055,21.55502971180304,5.674190516846164,21.0,0,-0.5550297118030407,21.37286865250608,20.5,21.5
395.0,21.23573185497126,21.526382092108218,5.675833436006654,21.0,0,-0.5263820921082178,21.23990589515999,20.5,21.5
396.0,21.232619875287465,21.481795704174335,5.677475840490583,21.0,0,-0.4817957041743348,21.035931824835505,20.5,21.5
397.0,21.229508846480506,21.44742564627146,5.679117729047188,21.0,0,-0.44742564627145853,21.103725067242696,20.5,21.5
398.0,21.22639876825702,21.456764709572695,5.6807591004261,21.0,0,-0.45676470957269544,21.550155342585064,20.5,21.5
399.0,21.223289640323454,21.456814102661504,5.6823999533773435,21.0,0,-0.4568141026615038,21.457308033549587,20.5,21.5
400.0,21.220181462386066,21.406757497177562,5.684040286651338,21.0,0,-0.40675749717756204,20.906191442338145,20.5,21.5
401.0,21.217074234150918,21.434182515469985,5.685680098998897,21.0,0,-0.43418251546998476,21.708432698394212,20.5,21.5
402.0,21.213967955323888,21.503269046731564,5.687319389171233,21.0,0,-0.5032690467315639,22.194134359347355,20.5,21.5
403.0,21.21086262561066,21.460840840275004,5.688958155919954,21.0,0,-0.4608408402750044,21.03655877570941,20.5,21.5
404.0,21.20775824471672,21.46095020872508,5.690596397997069,21.0,0,-0.4609502087250803,21.46204389322584,20.5,21.5
405.0,21.20465481234738,21.45889990238112,5.692234114154986,21.0,0,-0.4588999023811198,21.438396838941514,20.5,21.5
406.0,21.20155232820774,21.511385355807185,5.693871303146512,21.0,0,-0.5113853558071852,22.03623989006784,20.5,21.5
407.0,21.198450792002728,21.533173214390484,5.695507963724856,21.0,0,-0.5331732143904837,21.75105180022347,20.5,21.5
408.0,21.195350203437073,21.54481074640479,5.6971440946436305,21.0,0,-0.5448107464047887,21.661186066547838,20.5,21.5
409.0,21.192250562215314,21.49115400813967,5.69877969465685,21.0,0,-0.49115400813967014,20.954586625488485,20.5,21.5
410.0,21.1891518680418,21.533209191701808,5.7004147625189345,21.0,0,-0.5332091917018076,21.953761027323182,20.5,21.5
411.0,21.186054120620696,21.468052946004683,5.702049296984709,21.0,0,-0.4680529460046827,20.816490489033434,20.5,21.5
412.0,21.18295731965597,21.36958786492969,5.703683296809404,21.0,1,-0.36958786492969153,20.38493705417978,20.5,21.5
413.0,21.1998614648514,21.408522457992483,5.705316760748657,21.0,0,-0.40852245799248266,21.797868388620394,20.5,21.5
414.0,21.196762555910578,21.46617471773492,5.706949687558514,21.0,0,-0.46617471773491914,22.042697315159284,20.5,21.5
415.0,21.19366459333691,21.528181348334783,5.708582075995432,21.0,0,-0.5281813483347833,22.148247654333424,20.5,21.5
416.0,21.19056757683344,21.528064522505932,5.710213924816274,21.0,0,-0.5280645225059324,21.526896264217424,20.5,21.5
417.0,21.187471506103037,21.56476488868413,5.711845232778318,21.0,0,-0.564764888684131,21.931768550466117,20.5,21.5
418.0,21.184376380848374,21.464744074097517,5.71347599863925,21.0,1,-0.46474407409751706,20.464535928231378,20.5,21.5
419.0,21.20128220077193,21.481545137337886,5.715106221157173,21.0,0,-0.4815451373378856,21.64955576974157,20.5,21.5
420.0,21.198184965576008,21.45147903924983,5.716735899090601,21.0,0,-0.45147903924982913,21.150818058369264,20.5,21.5
421.0,21.19508867576271,21.472903072849313,5.718365031198462,21.0,0,-0.4729030728493129,21.68714340884415,20.5,21.5
422.0,21.1919933310338,21.431263782136362,5.719993616240102,21.0,0,-0.4312637821363623,21.014870875006856,20.5,21.5
423.0,21.18889893109084,21.445353354230242,5.7216216529752835,21.0,0,-0.44535335423024236,21.586249075169043,20.5,21.5
424.0,21.185805475635217,21.44211351545024,5.723249140164184,21.0,0,-0.4421135154502416,21.409715127650234,20.5,21.5
425.0,21.182712964368122,21.450733978767445,5.724876076567403,21.0,0,-0.45073397876744536,21.536938611939483,20.5,21.5
426.0,21.179621396990562,21.464748003369778,5.726502460945957,21.0,0,-0.4647480033697775,21.6048882493931,20.5,21.5
427.0,21.176530773203353,21.55457196869694,5.728128292061283,21.0,0,-0.5545719686969406,22.45281162196857,20.5,21.5
428.0,21.173441092707126,21.605391726862198,5.729753568675239,21.0,0,-0.605391726862198,22.113589308514772,20.5,21.5
429.0,21.17035235520232,21.595407815850187,5.731378289550109,21.0,0,-0.5954078158501872,21.49556870573008,20.5,21.5
430.0,21.16726456038919,21.60154268592412,5.733002453448594,21.0,0,-0.6015426859241195,21.662891386663443,20.5,21.5
431.0,21.164177707967802,21.619319369132107,5.734626059133825,21.0,0,-0.6193193691321071,21.797086201211982,20.5,21.5
432.0,21.161091797638036,21.533526333318214,5.736249105369356,21.0,0,-0.5335263333182141,20.675595975179284,20.5,21.5
433.0,21.158006829099584,21.558521056027054,5.737871590919164,21.0,0,-0.5585210560270539,21.808468283115452,20.5,21.5
434.0,21.15492280205195,21.52445420757137,5.739493514547658,21.0,0,-0.5244542075713703,21.183785723014534,20.5,21.5
435.0,21.15183971619445,21.59747860514122,5.741114875019672,21.0,0,-0.5974786051412195,22.327722580839712,20.5,21.5
436.0,21.148757571226213,21.523985662208126,5.742735671100469,21.0,0,-0.5239856622081263,20.789056232877194,20.5,21.5
437.0,21.14567636684619,21.59819755721391,5.7443559015557435,21.0,0,-0.5981975572139113,22.340316507271762,20.5,21.5
438.0,21.14259610275313,21.51011748769455,5.745975565151618,21.0,0,-0.5101174876945507,20.629316792500944,20.5,21.5
439.0,21.13951677864561,21.59406642066719,5.747594660654649,21.0,0,-0.5940664206671897,22.43355575039358,20.5,21.5
440.0,21.13643839422201,21.54178142091005,5.749213186831824,21.0,0,-0.5417814209100484,21.018931423338636,20.5,21.5
441.0,21.133360949180535,21.50599250751068,5.750831142450566,21.0,0,-0.5059925075106797,21.148103373516992,20.5,21.5
442.0,21.13028444321919,21.43925842085743,5.752448526278731,21.0,0,-0.4392584208574313,20.771917554324947,20.5,21.5
443.0,21.1272088760358,21.515763673529353,5.7540653370846115,21.0,0,-0.5157636735293529,22.28081620024857,20.5,21.5
444.0,21.124134247328012,21.416261447210132,5.7556815736369344,21.0,1,-0.4162614472101325,20.421239184017928,20.5,21.5
445.0,21.141060556793274,21.39319953119899,5.757297234704866,21.0,1,-0.39319953119899154,21.162580371087582,20.5,21.5
446.0,21.157983804128857,21.491442266955456,5.75891231905801,21.0,0,-0.4914422669554561,22.473869624520102,20.5,21.5
447.0,21.154903989831844,21.493653267254338,5.7605268254664095,21.0,0,-0.4936532672543379,21.515763270243156,20.5,21.5
448.0,21.15182511439897,21.477817479624683,5.762140752700548,21.0,0,-0.477817479624683,21.319459603328134,20.5,21.5
449.0,21.14874717752663,21.552045357585477,5.763754099531349,21.0,0,-0.5520453575854773,22.29432413719342,20.5,21.5
450.0,21.145670178911033,21.499176461155997,5.765366864730179,21.0,0,-0.49917646115599723,20.970487496861196,20.5,21.5
451.0,21.142594118248198,21.47282641465484,5.766979047068848,21.0,0,-0.47282641465483977,21.209325949643265,20.5,21.5
452.0,21.139518995233963,21.518496896987678,5.768590645319607,21.0,0,-0.5184968969876778,21.975201720316058,20.5,21.5
453.0,21.13644480956398,21.506639117747447,5.770201658255156,21.0,0,-0.5066391177474472,21.38806132534514,20.5,21.5
454.0,21.133371560933718,21.45725515416439,5.771812084648637,21.0,0,-0.45725515416438967,20.963415518333814,20.5,21.5
455.0,21.130299249038462,21.522706777015934,5.7734219232736415,21.0,0,-0.5227067770159337,22.177223005531374,20.5,21.5
456.0,21.127227873573307,21.568048871839352,5.775031172904206,21.0,0,-0.5680488718393519,22.021469820073534,20.5,21.5
457.0,21.124157434233172,21.510738787580568,5.776639832314817,21.0,0,-0.5107387875805678,20.937637944992726,20.5,21.5
458.0,21.12108793071279,21.54023222295219,5.778247900280412,21.0,0,-0.5402322229521914,21.835166576668428,20.5,21.5
459.0,21.118019362706704,21.60489776339105,5.779855375576377,21.0,0,-0.6048977633910511,22.251553167779647,20.5,21.5
460.0,21.11495172990928,21.55914047729684,5.781462256978547,21.0,0,-0.5591404772968396,21.101567616354725,20.5,21.5
461.0,21.111885032014694,21.528637557409958,5.783068543263215,21.0,0,-0.528637557409958,21.223608358541142,20.5,21.5
462.0,21.108819268716942,21.480945042030463,5.784674233207123,21.0,0,-0.48094504203046284,21.00401988823551,20.5,21.5
463.0,21.10575443970984,21.420476896899693,5.786279325587468,21.0,0,-0.42047689689969303,20.815795445591995,20.5,21.5
464.0,21.102690544687018,21.4054838175789,5.787883819181902,21.0,0,-0.40548381757890084,21.25555302437098,20.5,21.5
465.0,21.099627583341917,21.422459436412176,5.789487712768534,21.0,0,-0.42245943641217565,21.592215624744924,20.5,21.5
466.0,21.096565555367803,21.366238542272914,5.79109100512593,21.0,0,-0.36623854227291375,20.804029600880295,20.5,21.5
467.0,21.093504460457755,21.442616672318223,5.792693695033112,21.0,0,-0.44261667231822344,22.20639797277132,20.5,21.5
468.0,21.09044429830467,21.41473295715632,5.794295781269561,21.0,0,-0.4147329571563212,21.1358958055373,20.5,21.5
469.0,21.087385068601264,21.320842094760394,5.79589726261522,21.0,1,-0.32084209476039405,20.381933470801123,20.5,21.5
470.0,21.104326771040068,21.350146774065227,5.797498137850493,21.0,0,-0.35014677406522665,21.643193567113553,20.5,21.5
471.0,21.10126540531343,21.39165342577048,5.79909840575624,21.0,0,-0.39165342577047824,21.806719942822994,20.5,21.5
472.0,21.098204971913518,21.359424495225753,5.80069806511379,21.0,0,-0.3594244952257526,21.037135189778496,20.5,21.5
473.0,21.095145470532156,21.375313512031944,5.802297114704932,21.0,0,-0.3753135120319442,21.53420368009386,20.5,21.5
474.0,21.09208690086099,21.44568628005384,5.8038955533119205,21.0,0,-0.4456862800538417,22.149413960272817,20.5,21.5
475.0,21.08902926259148,21.442249063487385,5.805493379717475,21.0,0,-0.4422490634873846,21.407876897822813,20.5,21.5
476.0,21.085972555414905,21.39339775462185,5.80709059270478,21.0,0,-0.39339775462185145,20.90488466596652,20.5,21.5
477.0,21.082916779022362,21.43380250911362,5.80868719105749,21.0,0,-0.43380250911361884,21.837850054031293,20.5,21.5
478.0,21.07986193310477,21.448783003117953,5.810283173559725,21.0,0,-0.4487830031179527,21.59858794316129,20.5,21.5
479.0,21.07680801735286,21.497709749223702,5.811878538996075,21.0,0,-0.49770974922370215,21.986977210281196,20.5,21.5
480.0,21.07375503145719,21.446950272478915,5.8134732861516,21.0,0,-0.44695027247891517,20.939355505031045,20.5,21.5
481.0,21.070702975108127,21.471560196407175,5.815067413811831,21.0,0,-0.47156019640717517,21.717659435689775,20.5,21.5
482.0,21.06765184799587,21.52958089162497,5.81666092076277,21.0,0,-0.5295808916249705,22.109787843802923,20.5,21.5
483.0,21.064601649810424,21.49331277394907,5.818253805790892,21.0,0,-0.49331277394907147,21.13063159719008,20.5,21.5
484.0,21.06155238024162,21.349914866520443,5.819846067683145,21.0,1,-0.349914866520443,19.91593579223416,20.5,21.5
485.0,21.07850403897911,21.421897189342992,5.821437705226955,21.0,0,-0.42189718934299236,22.141720417568486,20.5,21.5
486.0,21.07545262571236,21.44911851014575,5.823028717210217,21.0,0,-0.44911851014575177,21.721331718173346,20.5,21.5
487.0,21.07240214093066,21.363961898028528,5.82461910242131,21.0,0,-0.36396189802852774,20.512395776856287,20.5,21.5
488.0,21.069352584322957,21.34840703861524,5.826208859649084,21.0,0,-0.3484070386152389,21.19285844448235,20.5,21.5
489.0,21.06630395557802,21.384629019166056,5.827797987682869,21.0,0,-0.38462901916605574,21.746848824674224,20.5,21.5
490.0,21.06325625438444,21.297288456411337,5.829386485312478,21.0,1,-0.29728845641133717,20.42388282886415,20.5,21.5
491.0,21.08020948043063,21.261764743854112,5.830974351328199,21.0,1,-0.26176474385411197,20.90652761828186,20.5,21.5
492.0,21.097159633404807,21.293771240152733,5.8325615845208025,21.0,0,-0.2937712401527328,21.61383620313894,20.5,21.5
493.0,21.094106713795032,21.31720664958725,5.834148183681542,21.0,0,-0.31720664958724853,21.551560743932406,20.5,21.5
494.0,21.09105472208901,21.34248046179382,5.835734147602153,21.0,0,-0.3424804617938193,21.595218583859527,20.5,21.5
495.0,21.088003657974113,21.368122141993698,5.837319475074856,21.0,0,-0.3681221419936982,21.624538943992487,20.5,21.5
496.0,21.084953521137532,21.388354458367864,5.838904164892354,21.0,0,-0.3883544583678642,21.590677622109524,20.5,21.5
497.0,21.081904311266282,21.352626960444727,5.840488215847837,21.0,0,-0.3526269604447272,20.995351981213357,20.5,21.5
498.0,21.0788560280472,21.344860898098,5.842071626734982,21.0,0,-0.34486089809799836,21.26720027463071,20.5,21.5
499.0,21.075808671166936,21.395638764487625,5.843654396347952,21.0,0,-0.39563876448762514,21.903417428383893,20.5,21.5
500.0,21.07276224031197,21.364196010857846,5.8452365234813985,21.0,0,-0.3641960108578459,21.049768474560054,20.5,21.5
501.0,21.069716735168605,21.3451220957805,5.846818006930464,21.0,0,-0.3451220957804999,21.15438294500704,20.5,21.5
502.0,21.066672155422957,21.355793636572184,5.84839884549078,21.0,0,-0.35579363657218366,21.46250904448902,20.5,21.5
503.0,21.06362850076097,21.355389735971052,5.8499790379584695,21.0,0,-0.35538973597105183,21.351350729959734,20.5,21.5
504.0,21.06058577086841,21.349879177003924,5.851558583130146,21.0,0,-0.349879177003924,21.294773587332646,20.5,21.5
505.0,21.057543965430863,21.37380440863469,5.853137479802917,21.0,0,-0.37380440863469033,21.613056724942354,20.5,21.5
506.0,21.05450308413374,21.41600587133768,5.854715726774385,21.0,0,-0.4160058713376813,21.83802049836759,20.5,21.5
507.0,21.051463126662266,21.39389118622927,5.856293322842646,21.0,0,-0.39389118622926844,21.17274433514514,20.5,21.5
508.0,21.048424092701502,21.47583177115194,5.857870266806292,21.0,0,-0.47583177115194175,22.295237620378675,20.5,21.5
509.0,21.045385981936324,21.43665731337832,5.859446557464411,21.0,0,-0.43665731337831915,21.044912735642093,20.5,21.5
510.0,21.042348794051428,21.418957055262638,5.8610221936165905,21.0,0,-0.4189570552626378,21.241954474105825,20.5,21.5
511.0,21.03931252873134,21.418108196686365,5.8625971740629135,21.0,0,-0.4181081966863651,21.409619610923638,20.5,21.5
512.0,21.036277185660406,21.505947452444676,5.864171497603965,21.0,0,-0.5059474524446763,22.38434001002779,20.5,21.5
513.0,21.033242764522797,21.42041686977083,5.8657451630408275,21.0,0,-0.42041686977082904,20.565111043032356,20.5,21.5
514.0,21.0302092650025,21.323336184733712,5.867318169175088,21.0,1,-0.3233361847337122,20.352529334362544,20.5,21.5
515.0,21.047176686783335,21.30650029241574,5.868890514808834,21.0,1,-0.30650029241574117,21.13814136923603,20.5,21.5
516.0,21.06414102954894,21.273611842218955,5.870462198744655,21.0,1,-0.27361184221895485,20.94472734025109,20.5,21.5
517.0,21.081102293782777,21.214421752754895,5.872033219785646,21.0,1,-0.2144217527548946,20.622520858114292,20.5,21.5
518.0,21.098060479967977,21.29091332323575,5.8736035767354045,21.0,0,-0.29091332323574903,22.055829028044293,20.5,21.5
519.0,21.09501558858733,21.347085942915072,5.875173268398037,21.0,0,-0.3470859429150721,21.908812139708303,20.5,21.5
520.0,21.091971620123292,21.37301626196038,5.876742293578155,21.0,0,-0.3730162619603803,21.632319452413462,20.5,21.5
521.0,21.088928574257984,21.376830919087276,5.878310651080877,21.0,0,-0.3768309190872756,21.41497749035623,20.5,21.5
522.0,21.08588645067335,21.35972501282086,5.87987833971183,21.0,0,-0.35972501282086,21.188665950156704,20.5,21.5
523.0,21.082845249051157,21.32111378405253,5.881445358277152,21.0,0,-0.32111378405253177,20.93500149636925,20.5,21.5
524.0,21.079804969073002,21.31371164731916,5.88301170558349,21.0,0,-0.3137116473191597,21.23969027998544,20.5,21.5
525.0,21.076765610420306,21.332649622943784,5.884577380438002,21.0,0,-0.33264962294378364,21.522029379190023,20.5,21.5
526.0,21.07372717277431,21.274605462584915,5.88614238164836,21.0,0,-0.27460546258491547,20.694163858996234,20.5,21.5
527.0,21.070689655816082,21.336937620807287,5.887706708022744,21.0,0,-0.3369376208072872,21.960259203031004,20.5,21.5
528.0,21.067653059226522,21.329684444952083,5.889270358369855,21.0,0,-0.3296844449520826,21.257152686400037,20.5,21.5
529.0,21.06461738268635,21.451331732387768,5.890833331498904,21.0,0,-0.4513317323877679,22.66780460674462,20.5,21.5
530.0,21.061582625876113,21.48893524320004,5.892395626219617,21.0,0,-0.48893524320003934,21.864970351322754,20.5,21.5
531.0,21.05854878847618,21.544083033467867,5.8939572413422425,21.0,0,-0.5440830334678672,22.095560936146146,20.5,21.5
532.0,21.055515870166754,21.474099580986376,5.895518175677539,21.0,0,-0.47409958098637617,20.774265056171465,20.5,21.5
533.0,21.052483870627857,21.514896913077127,5.89707842803679,21.0,0,-0.514896913077127,21.922870233984636,20.5,21.5
534.0,21.049452789539338,21.40278665637536,5.898637997231793,21.0,1,-0.4027866563753584,20.28168408935767,20.5,21.5
535.0,21.066422626580877,21.350554065519113,5.90019688207487,21.0,1,-0.3505540655191126,20.828228156956655,20.5,21.5
536.0,21.083389381431974,21.31244286099684,5.9017550813788615,21.0,1,-0.31244286099683904,20.931330815774103,20.5,21.5
537.0,21.100353054571965,21.35973583873206,5.903312593957131,21.0,0,-0.3597358387320604,21.832665616084274,20.5,21.5
538.0,21.097313646479844,21.292570858296063,5.904869418623566,21.0,0,-0.2925708582960631,20.62092105393609,20.5,21.5
539.0,21.09427515763427,21.325072699668446,5.906425554192575,21.0,0,-0.3250726996684463,21.65009111339228,20.5,21.5
540.0,21.091237587713582,21.32854159985903,5.9079809994790935,21.0,0,-0.32854159985902953,21.36323060176486,20.5,21.5
541.0,21.088200936395936,21.362313389352835,5.9095357532985835,21.0,0,-0.36231338935283475,21.700031284290887,20.5,21.5
542.0,21.085165203359317,21.364910670230127,5.911089814467031,21.0,0,-0.36491067023012747,21.390883479003055,20.5,21.5
543.0,21.082130388281538,21.398248659659718,5.912643181800951,21.0,0,-0.3982486596597177,21.73162855395562,20.5,21.5
544.0,21.079096490840243,21.41282371572771,5.914195854117389,21.0,0,-0.41282371572771126,21.558574276407647,20.5,21.5
545.0,21.0760635107129,21.412967916900374,5.915747830233913,21.0,0,-0.4129679169003744,21.414409928627006,20.5,21.5
546.0,21.073031447576803,21.42743925107238,5.9172991089686295,21.0,0,-0.42743925107237857,21.57215259279242,20.5,21.5
547.0,21.07000030110908,21.325011151249022,5.918849689140171,21.0,1,-0.32501115124902213,20.300730153015458,20.5,21.5
548.0,21.086970070986684,21.3010066898254,5.920399569567703,21.0,1,-0.3010066898253996,21.060962075589174,20.5,21.5
549.0,21.1039367568864,21.233151589953973,5.921948749070925,21.0,1,-0.23315158995397312,20.55460059123971,20.5,21.5
550.0,21.12090035928484,21.204005152580372,5.923497226470068,21.0,1,-0.20400515258037188,20.91254077884436,20.5,21.5
551.0,21.137860878658277,21.17885173989406,5.9250450005859,21.0,1,-0.17885173989406056,20.927317613030947,20.5,21.5
552.0,21.15481831548266,21.33327060322589,5.926592070239724,21.0,0,-0.3332706032258912,22.877459236544198,20.5,21.5
553.0,21.151772670233612,21.347810415780646,5.928138434253378,21.0,0,-0.3478104157806463,21.493208541328197,20.5,21.5
554.0,21.148727943386415,21.37851274495698,5.929684091449239,21.0,0,-0.3785127449569785,21.6855360367203,20.5,21.5
555.0,21.14568413461603,21.44609236063014,5.931229040650223,21.0,0,-0.44609236063013924,22.121888517361747,20.5,21.5
556.0,21.142641243597236,21.427849858597945,5.932773280679783,21.0,0,-0.4278498585979449,21.245424838276,20.5,21.5
557.0,21.139599270004652,21.34086187973343,5.934316810361912,21.0,1,-0.3408618797334313,20.470982091088295,20.5,21.5
558.0,21.156558213512724,21.338253879992713,5.935859628521147,21.0,1,-0.3382538799927133,21.312173882585533,20.5,21.5
559.0,21.173514073795726,21.368371543627138,5.937401733982563,21.0,0,-0.36837154362713775,21.669548179971382,20.5,21.5
560.0,21.170466851327763,21.261786308896905,5.9389431255717815,21.0,1,-0.26178630889690524,20.19593396159458,20.5,21.5
561.0,21.18742054658261,21.34909449094159,5.940483802114964,21.0,0,-0.34909449094158873,22.222176311388424,20.5,21.5
562.0,21.184371159233716,21.365890770655565,5.94202376243882,21.0,0,-0.3658907706555645,21.533853567795322,20.5,21.5
563.0,21.181322689754357,21.404179058381043,5.943563005370601,21.0,0,-0.4041790583810432,21.78706193563583,20.5,21.5
564.0,21.17827513781748,21.492985472510828,5.945101529738108,21.0,0,-0.4929854725108278,22.381049613808674,20.5,21.5
565.0,21.175228503095862,21.550011286308028,5.946639334369687,21.0,0,-0.5500112863080275,22.120269424280025,20.5,21.5
566.0,21.172182785262116,21.512643819312203,5.948176418094232,21.0,0,-0.5126438193122027,21.138969149353954,20.5,21.5
567.0,21.169137983988684,21.4542493410367,5.949712779741189,21.0,0,-0.4542493410367001,20.870304558281674,20.5,21.5
568.0,21.166094098947834,21.44560552559791,5.95124841814055,21.0,0,-0.4456055255979088,21.359167371209995,20.5,21.5
569.0,21.163051129811674,21.344312157626867,5.952783332122861,21.0,1,-0.3443121576268666,20.331378477916445,20.5,21.5
570.0,21.180009076252137,21.31762858011363,5.954317520519217,21.0,1,-0.31762858011363093,21.050792804981274,20.5,21.5
571.0,21.19696393794099,21.335703699652065,5.955850982161267,21.0,0,-0.3357036996520648,21.516454895036404,20.5,21.5
572.0,21.19391571534983,21.42125980383968,5.957383715881214,21.0,0,-0.4212598038396784,22.276820845715815,20.5,21.5
573.0,21.19086840894994,21.44596685119749,5.958915720511813,21.0,0,-0.4459668511974897,21.693037324775602,20.5,21.5
574.0,21.187822018412252,21.49542556795472,5.960446994886378,21.0,0,-0.4954255679547188,21.99001273552701,20.5,21.5
575.0,21.184776543407548,21.655003575600404,5.961977537838775,21.0,0,-0.6550035756004036,23.25078365205725,20.5,21.5
576.0,21.181731983606433,21.68663174303463,5.96350734820343,21.0,0,-0.6866317430346314,22.00291341737691,20.5,21.5
577.0,21.17868833867935,21.618244009066434,5.9650364248153265,21.0,0,-0.6182440090664336,20.934366669384456,20.5,21.5
578.0,21.175645608296577,21.661413495364748,5.966564766510005,21.0,0,-0.6614134953647479,22.09310835834789,20.5,21.5
579.0,21.17260379212822,21.65709088846781,5.968092372123566,21.0,0,-0.6570908884678097,21.613864819498428,20.5,21.5
580.0,21.16956288984422,21.564807236935593,5.969619240492674,21.0,0,-0.564807236935593,20.641970721613426,20.5,21.5
581.0,21.166522901114348,21.516044667914638,5.9711453704545505,21.0,0,-0.5160446679146382,21.02841897770509,20.5,21.5
582.0,21.163483825608218,21.537976500473633,5.972670760846981,21.0,0,-0.5379765004736328,21.75729482606358,20.5,21.5
583.0,21.160445662995265,21.47782570882335,5.974195410508315,21.0,0,-0.4778257088233495,20.876317792320517,20.5,21.5
584.0,21.15740841294477,21.45858417672454,5.9757193182774655,21.0,0,-0.4585841767245391,21.266168855736435,20.5,21.5
585.0,21.154372075125835,21.477274222550697,5.97724248299391,21.0,0,-0.4772742225506974,21.66417468081228,20.5,21.5
586.0,21.15133664920741,21.41418718506406,5.978764903497693,21.0,0,-0.4141871850640584,20.783316810197668,20.5,21.5
587.0,21.148302134858266,21.399434394993346,5.980286578629424,21.0,0,-0.3994343949933459,21.25190649428622,20.5,21.5
588.0,21.14526853174702,21.44501862270729,5.981807507230282,21.0,0,-0.4450186227072912,21.900860899846744,20.5,21.5
589.0,21.142235839542117,21.522990838078584,5.983327688142013,21.0,0,-0.5229908380785844,22.302712991791516,20.5,21.5
590.0,21.139204057911837,21.368554434701846,5.984847120206934,21.0,1,-0.3685544347018457,19.82419040093446,20.5,21.5
591.0,21.156173186524295,21.368475373897866,5.986365802267931,21.0,1,-0.36847537389786567,21.367684765858066,20.5,21.5
592.0,21.173139225047443,21.37302734690156,5.987883733168462,21.0,1,-0.3730273469015586,21.418547076938488,20.5,21.5
593.0,21.190102173949068,21.34753384574443,5.989400911752556,21.0,1,-0.34753384574442947,21.09259883417314,20.5,21.5
594.0,21.20706203369663,21.267889140337196,5.990917336864815,21.0,1,-0.26788914033719635,20.471442086264865,20.5,21.5
595.0,21.224018804757264,21.391880921450188,5.992433007350416,21.0,0,-0.3918809214501877,22.6317987325801,20.5,21.5
596.0,21.220972487597784,21.509440176372173,5.993947922055111,21.0,0,-0.5094401763721734,22.68503272559203,20.5,21.5
597.0,21.217927082684675,21.563103622221366,5.9954620798252245,21.0,0,-0.5631036222213659,22.09973808071329,20.5,21.5
598.0,21.214882589684102,21.485422349438384,5.99697547950766,21.0,0,-0.4854223494383838,20.708609621608563,20.5,21.5
599.0,21.211839008262068,21.54188197408514,5.9984881199499,21.0,0,-0.5418819740851397,22.1064782205527,20.5,21.5
600.0,21.208796338084404,21.574333108303758,6.0,21.0,0,-0.5743331083037582,21.898844450489943,20.5,21.5
601.0,21.205754578816787,21.530564209193603,6.001511118506599,21.0,0,-0.5305642091936029,21.09287521809205,20.5,21.5
602.0,21.202713730124724,21.509857122941895,6.003021474318914,21.0,0,-0.5098571229418951,21.302786260424817,20.5,21.5
603.0,21.199673791673565,21.515800973608197,6.004531066286745,21.0,0,-0.5158009736081972,21.575239480271218,20.5,21.5
604.0,21.196634763128486,21.4059262758636,6.0060398932604695,21.0,1,-0.40592627586359953,20.307179298417623,20.5,21.5
605.0,21.213596644154514,21.36327394715809,6.007547954091052,21.0,1,-0.36327394715808836,20.936750660102977,20.5,21.5
606.0,21.2305554344165,21.37834707216077,6.009055247630038,21.0,0,-0.37834707216077135,21.5290783221876,20.5,21.5
607.0,21.227511134379146,21.46435208400114,6.010561772729559,21.0,0,-0.46435208400113837,22.32440220240481,20.5,21.5
608.0,21.224467744506814,21.488967263698395,6.012067528242327,21.0,0,-0.48896726369839527,21.735119060670964,20.5,21.5
609.0,21.221425264463562,21.554388620709524,6.013572513021648,21.0,0,-0.5543886207095241,22.208602190820812,20.5,21.5
610.0,21.218383693913275,21.602770301743067,6.015076725921408,21.0,0,-0.6027703017430674,22.0865871120785,20.5,21.5
611.0,21.215343032519677,21.613934919672147,6.016580165796085,21.0,0,-0.6139349196721469,21.72558109896294,20.5,21.5
612.0,21.212303279946333,21.48678486645527,6.018082831500743,21.0,1,-0.4867848664552703,20.215284334286505,20.5,21.5
613.0,21.229264435856646,21.493775057751574,6.019584721891037,21.0,0,-0.4937750577515736,21.563676970714607,20.5,21.5
614.0,21.226222499913852,21.483746769030432,6.021085835823211,21.0,0,-0.48374676903043223,21.38346388181902,20.5,21.5
615.0,21.223181472581036,21.432868710655633,6.022586172154104,21.0,0,-0.43286871065563304,20.92408812690764,20.5,21.5
616.0,21.22014135352095,21.430458988163902,6.024085729741143,21.0,0,-0.4304589881639025,21.406361763246597,20.5,21.5
617.0,21.217102142396197,21.506677926830715,6.02558450744235,21.0,0,-0.5066779268307151,22.26886731349884,20.5,21.5
618.0,21.214063838869205,21.48051360727129,6.02708250411634,21.0,0,-0.4805136072712912,21.218870411677052,20.5,21.5
619.0,21.211026442602254,21.483982673931358,6.028579718622325,21.0,0,-0.48398267393135797,21.518673340532025,20.5,21.5
620.0,21.207989953257457,21.47899483897569,6.0300761498201085,21.0,0,-0.47899483897569084,21.42911648941902,20.5,21.5
621.0,21.20495437049677,21.456965109115096,6.031571796570095,21.0,0,-0.4569651091150959,21.236667810509147,20.5,21.5
622.0,21.20191969398198,21.408281629306334,6.033066657733284,21.0,0,-0.4082816293063338,20.921446831218713,20.5,21.5
623.0,21.198885923374732,21.44574959411997,6.034560732171273,21.0,0,-0.4457495941199703,21.820429242256335,20.5,21.5
624.0,21.195853058336493,21.413295480166916,6.036054018746261,21.0,0,-0.41329548016691575,21.08875434063637,20.5,21.5
625.0,21.192821098528576,21.49896058004204,6.037546516321043,21.0,0,-0.49896058004204136,22.355611578793297,20.5,21.5
626.0,21.189790043612135,21.502134184485417,6.039038223759019,21.0,0,-0.502134184485417,21.533870228919174,20.5,21.5
627.0,21.186759893248166,21.53595192124585,6.040529139924188,21.0,0,-0.5359519212458501,21.87412928885018,20.5,21.5
628.0,21.1837306470975,21.52002416810316,6.042019263681153,21.0,0,-0.5200241681031592,21.36074663667625,20.5,21.5
629.0,21.18070230482082,21.49235643521812,6.043508593895119,21.0,0,-0.4923564352181202,21.21567910636773,20.5,21.5
630.0,21.177674866078632,21.45235373470871,6.044997129431898,21.0,0,-0.45235373470870854,21.05232672961459,20.5,21.5
631.0,21.1746483305313,21.421647011904724,6.046484869157903,21.0,0,-0.4216470119047244,21.114579783864883,20.5,21.5
632.0,21.171622697839027,21.44004512343053,6.047971811940158,21.0,0,-0.4400451234305294,21.62402623868858,20.5,21.5
633.0,21.168597967661846,21.477250984720644,6.04945795664629,21.0,0,-0.4772509847206443,21.849309597621794,20.5,21.5
634.0,21.165574139659643,21.555252629044645,6.050943302144535,21.0,0,-0.5552526290446451,22.335269072284653,20.5,21.5
635.0,21.16255121349214,21.54421190620747,6.052427847303739,21.0,0,-0.5442119062074688,21.433804677835706,20.5,21.5
636.0,21.1595291888189,21.549044292844847,6.053911590993355,21.0,0,-0.5490442928448473,21.597368159218632,20.5,21.5
637.0,21.156508065299334,21.433341357573713,6.055394532083448,21.0,1,-0.4333413575737133,20.276312004862373,20.5,21.5
638.0,21.173487842592692,21.416727153462,6.056876669444694,21.0,1,-0.4167271534619985,21.25058511234485,20.5,21.5
639.0,21.190464520358063,21.40615649638847,6.058358001948381,21.0,1,-0.4061564963884692,21.300449925653176,20.5,21.5
640.0,21.207438099054382,21.36138932815732,6.059838528466409,21.0,1,-0.36138932815731906,20.913717645845818,20.5,21.5
641.0,21.224408579140263,21.40021071883509,6.061318247871295,21.0,0,-0.4002107188350905,21.788424625612805,20.5,21.5
642.0,21.22137596107401,21.45468950154234,6.062797159036165,21.0,0,-0.4546895015423402,21.999477328614837,20.5,21.5
643.0,21.218344245313602,21.45248980030545,6.064275260834767,21.0,0,-0.4524898003054503,21.43049278793655,20.5,21.5
644.0,21.215313431516705,21.472809078578223,6.0657525521414595,21.0,0,-0.47280907857822285,21.67600186130595,20.5,21.5
645.0,21.21228351934083,21.46437967622399,6.067229031831223,21.0,0,-0.46437967622399157,21.38008565268168,20.5,21.5
646.0,21.209254508443326,21.492092809833995,6.068704698779653,21.0,0,-0.49209280983399495,21.76922414593403,20.5,21.5
647.0,21.206226398481395,21.49351797290178,6.070179551862964,21.0,0,-0.4935179729017811,21.507769603579643,20.5,21.5
648.0,21.20319918911207,21.533975776280037,6.071653589957993,21.0,0,-0.5339757762800375,21.9385538100626,20.5,21.5
649.0,21.200172879992238,21.53331624506969,6.0731268119421955,21.0,0,-0.5333162450696918,21.526720932966235,20.5,21.5
650.0,21.197147470778628,21.526407013875108,6.074599216693647,21.0,0,-0.526407013875108,21.45731470192927,20.5,21.5
651.0,21.19412296112781,21.520105610480808,6.07607080309105,21.0,0,-0.5201056104808082,21.45709157653781,20.5,21.5
652.0,21.191099350696202,21.50477290749121,6.077541570013726,21.0,0,-0.5047729074912084,21.35144587759521,20.5,21.5
653.0,21.188076639140064,21.434710336933215,6.079011516341622,21.0,0,-0.4347103369332146,20.734084631353277,20.5,21.5
654.0,21.185054826115504,21.358096134787107,6.08048064095531,21.0,0,-0.35809613478710745,20.591954113326036,20.5,21.5
655.0,21.182033911278474,21.435213720404036,6.081948942735988,21.0,0,-0.43521372040403605,22.206389576573322,20.5,21.5
656.0,21.179013894284765,21.3078409910883,6.083416420565479,21.0,1,-0.30784099108830176,20.03411369793096,20.5,21.5
657.0,21.19599477479002,21.330581734842045,6.084883073326237,21.0,0,-0.33058173484204545,21.557989172379482,20.5,21.5
658.0,21.192972552449728,21.38047393727887,6.086348899901341,21.0,0,-0.3804739372788717,21.879395961647134,20.5,21.5
659.0,21.189951227719217,21.436917771303815,6.087813899174501,21.0,0,-0.4369177713038148,22.001356111553246,20.5,21.5
660.0,21.186930800253506,21.368788848593493,6.089278070030054,21.0,0,-0.3687888485934927,20.68749962149027,20.5,21.5
661.0,21.183911269707462,21.46240366192744,6.0907414113529725,21.0,0,-0.4624036619274392,22.398551795266904,20.5,21.5
662.0,21.18089263573579,21.43178042764894,6.092203922028858,21.0,0,-0.4317804276489383,21.12554808486393,20.5,21.5
663.0,21.17787489799305,21.512689356866552,6.093665600943945,21.0,0,-0.5126893568665523,22.32177864904269,20.5,21.5
664.0,21.17485805613364,21.408605742436357,6.0951264469851,21.0,1,-0.4086057424363574,20.36776959813441,20.5,21.5
665.0,21.191842109811812,21.43780704041442,6.096586459039828,21.0,0,-0.43780704041441965,21.729820020195042,20.5,21.5
666.0,21.18882305868166,21.418973850783953,6.098045635996264,21.0,0,-0.4189738507839529,21.230641954479285,20.5,21.5
667.0,21.185804903197123,21.457232532095393,6.099503976743181,21.0,0,-0.45723253209539294,21.839819345209794,20.5,21.5
668.0,21.18278764301183,21.303343179923864,6.100961480169991,21.0,1,-0.30334317992386417,19.764449658208576,20.5,21.5
669.0,21.199771277779263,21.402242989952803,6.102418145166741,21.0,0,-0.4022429899528035,22.391241090242197,20.5,21.5
670.0,21.19675180715274,21.50333959494372,6.103873970624116,21.0,0,-0.5033395949437214,22.5143056448529,20.5,21.5
671.0,21.193733231585433,21.545879337796645,6.105328955433444,21.0,0,-0.5458793377966451,21.971276766325882,20.5,21.5
672.0,21.190715550730204,21.540416772587868,6.106783098486688,21.0,0,-0.5404167725878679,21.485791120500096,20.5,21.5
673.0,21.187698764239755,21.600855403613522,6.108236398676457,21.0,0,-0.6008554036135223,22.205241713870066,20.5,21.5
674.0,21.184682871766643,21.5695347688293,6.109688854895999,21.0,0,-0.5695347688292998,21.256328420987074,20.5,21.5
675.0,21.18166787296327,21.429546697148577,6.111140466039204,21.0,1,-0.4295466971485773,20.029665980341353,20.5,21.5
676.0,21.198653767481886,21.399864310581354,6.11259123100061,21.0,1,-0.3998643105813535,21.103040444909116,20.5,21.5
677.0,21.21563655497459,21.360318622508267,6.114041148675393,21.0,1,-0.36031862250826663,20.964861741777398,20.5,21.5
678.0,21.23261623589333,21.367350573074905,6.11549021795938,21.0,1,-0.36735057307490493,21.437670078741288,20.5,21.5
679.0,21.249592810689744,21.402749311664316,6.116938437749042,21.0,0,-0.4027493116643157,21.756736697558424,20.5,21.5
680.0,21.246566279815156,21.422337147664983,6.118385806941494,21.0,0,-0.4223371476649831,21.618215507671657,20.5,21.5
681.0,21.243540643720582,21.466046281675208,6.119832324434503,21.0,0,-0.466046281675208,21.903137621777457,20.5,21.5
682.0,21.240515902056725,21.42684759664714,6.121277989126483,21.0,0,-0.4268475966471392,21.03486074636645,20.5,21.5
683.0,21.23749205447414,21.43734971670322,6.122722799916498,21.0,0,-0.43734971670322054,21.542370917264034,20.5,21.5
684.0,21.234469100623226,21.460698456567734,6.124166755704261,21.0,0,-0.46069845656773367,21.694185855212865,20.5,21.5
685.0,21.231447040154244,21.48638687661209,6.125609855390137,21.0,0,-0.4863868766120909,21.743271077055663,20.5,21.5
686.0,21.228425872717292,21.513244215621786,6.1270520978751435,21.0,0,-0.5132442156217856,21.781817605718732,20.5,21.5
687.0,21.22540559796232,21.63749209308402,6.128493482060948,21.0,0,-0.6374920930840204,22.87997086770637,20.5,21.5
688.0,21.222386215539142,21.66698376906083,6.129934006849876,21.0,0,-0.6669837690608311,21.961900528828938,20.5,21.5
689.0,21.219367725097406,21.596073391311727,6.131373671144904,21.0,0,-0.5960733913117267,20.886969613820682,20.5,21.5
690.0,21.216350126286617,21.707294780081284,6.132812473849666,21.0,0,-0.7072947800812841,22.81950866777686,20.5,21.5
691.0,21.21333341875613,21.631535292125882,6.1342504138684495,21.0,0,-0.6315352921258821,20.873940412571862,20.5,21.5
692.0,21.21031760215515,21.589240831952395,6.135687490106203,21.0,0,-0.5892408319523952,21.166296230217526,20.5,21.5
693.0,21.20730267613274,21.54120437453127,6.137123701468528,21.0,0,-0.5412043745312687,21.060839800320004,20.5,21.5
694.0,21.204288640337808,21.566637151031383,6.138559046861689,21.0,0,-0.566637151031383,21.820964916032526,20.5,21.5
695.0,21.20127549441911,21.414328747083204,6.139993525192606,21.0,1,-0.41432874708320355,19.89124470760141,20.5,21.5
696.0,21.218263238025266,21.383572466830564,6.141427135368863,21.0,1,-0.38357246683056445,21.076009664304173,20.5,21.5
697.0,21.235247870804734,21.473912333193994,6.1428598762987034,21.0,0,-0.4739123331939936,22.377310996828285,20.5,21.5
698.0,21.232229393205834,21.504094840947694,6.1442917468910325,21.0,0,-0.504094840947694,21.805919918484697,20.5,21.5
699.0,21.22921180567657,21.55746866143271,6.145722746055418,21.0,0,-0.5574686614327113,22.091206866282885,20.5,21.5
700.0,21.226195107864648,21.65871874167988,6.147152872702092,21.0,0,-0.6587187416798805,22.671219544151572,20.5,21.5
701.0,21.223179299417616,21.686279637501137,6.148582125741951,21.0,0,-0.6862796375011371,21.961888595713702,20.5,21.5
702.0,21.22016437998288,21.63080805659525,6.150010504086557,21.0,0,-0.6308080565952494,21.076092247536373,20.5,21.5
703.0,21.2171503492077,21.624968187802036,6.151438006648137,21.0,0,-0.6249681878020361,21.566569499869903,20.5,21.5
704.0,21.21413720673919,21.61914307070579,6.152864632339586,21.0,0,-0.619143070705789,21.560891899743318,20.5,21.5
705.0,21.21112495222431,21.555425010951264,6.1542903800744675,21.0,0,-0.5554250109512644,20.91824441340602,20.5,21.5
706.0,21.20811358530988,21.577436826166302,6.15571524876701,21.0,0,-0.5774368261663021,21.79755497831668,20.5,21.5
707.0,21.20510310564257,21.597824328776404,6.157139237332117,21.0,0,-0.5978243287764045,21.801699354877428,20.5,21.5
708.0,21.20209351286891,21.562715480959174,6.1585623446853575,21.0,0,-0.5627154809591737,21.211627002786866,20.5,21.5
709.0,21.199084806635273,21.53855773928003,6.159984569742974,21.0,0,-0.53855773928003,21.296980322488594,20.5,21.5
710.0,21.196076986587894,21.514960388820498,6.1614059114218795,21.0,0,-0.5149603888204979,21.278986884225176,20.5,21.5
711.0,21.19307005237286,21.504231045635677,6.162826368639661,21.0,0,-0.5042310456356773,21.396937613787472,20.5,21.5
712.0,21.190064003636113,21.41027717055069,6.164245940314579,21.0,1,-0.4102771705506889,20.470738419700805,20.5,21.5
713.0,21.20705884002345,21.42468075182127,6.165664625365567,21.0,0,-0.4246807518212705,21.568716564527087,20.5,21.5
714.0,21.20405056118052,21.4581516630799,6.167082422712235,21.0,0,-0.4581516630798994,21.79286077566619,20.5,21.5
715.0,21.201043167552825,21.458441339786184,6.168499331274869,21.0,0,-0.45844133978618373,21.461338106849027,20.5,21.5
716.0,21.19803665878557,21.423158064371925,6.169915349974431,21.0,0,-0.4231580643719255,21.070325310229343,20.5,21.5
717.0,21.195031034523804,21.441669323287122,6.171330477732561,21.0,0,-0.4416693232871225,21.626781912439093,20.5,21.5
718.0,21.192026294412447,21.44452467248501,6.1727447134715785,21.0,0,-0.4445246724850094,21.473078164463878,20.5,21.5
719.0,21.18902243809626,21.47567730386565,6.17415805611448,21.0,0,-0.4756773038656483,21.787203617672038,20.5,21.5
720.0,21.186019465219864,21.55524712582802,6.175570504584947,21.0,0,-0.5552471258280214,22.350945345451752,20.5,21.5
721.0,21.183017375427738,21.630835650151873,6.176982057807334,21.0,0,-0.630835650151873,22.38672089339039,20.5,21.5
722.0,21.180016168364215,21.75585929878722,6.178392714706684,21.0,0,-0.7558592987872217,23.006095785140708,20.5,21.5
723.0,21.177015843673484,21.735787712215377,6.179802474208721,21.0,0,-0.7357877122153766,21.535071846496926,20.5,21.5
724.0,21.17401640099959,21.713105331910356,6.181211335239851,21.0,0,-0.7131053319103557,21.486281528860147,20.5,21.5
725.0,21.17101783998644,21.677988535691313,6.1826192967271645,21.0,0,-0.6779885356913127,21.326820573500882,20.5,21.5
726.0,21.168020160277788,21.689620590633556,6.184026357598439,21.0,0,-0.689620590633556,21.80594114005599,20.5,21.5
727.0,21.165023361517253,21.601625106726765,6.185432516782136,21.0,0,-0.6016251067267646,20.72167026765885,20.5,21.5
728.0,21.162027443348308,21.63439361353183,6.186837773207403,21.0,0,-0.6343936135318309,21.962078681582494,20.5,21.5
729.0,21.15903240541428,21.655493496803434,6.188242125804077,21.0,0,-0.6554934968034338,21.866492329519463,20.5,21.5
730.0,21.156038247358357,21.624343909789197,6.189645573502682,21.0,0,-0.6243439097891965,21.312848039646823,20.5,21.5
731.0,21.153044968823586,21.546445471613673,6.191048115234433,21.0,0,-0.5464454716136729,20.767461089858436,20.5,21.5
732.0,21.150052569452868,21.523272687734426,6.192449749931232,21.0,0,-0.5232726877344263,21.29154484894196,20.5,21.5
733.0,21.147061048888965,21.56198048173506,6.1938504765256726,21.0,0,-0.5619804817350591,21.949058421741388,20.5,21.5
734.0,21.144070406774492,21.518477458492463,6.195250293951043,21.0,0,-0.5184774584924625,21.083447226066497,20.5,21.5
735.0,21.141080642751927,21.554489842038862,6.196649201141318,21.0,0,-0.554489842038862,21.914613677502857,20.5,21.5
736.0,21.138091756463606,21.53080450643011,6.198047197031172,21.0,0,-0.5308045064301083,21.293951150342572,20.5,21.5
737.0,21.13510374755172,21.560491314375835,6.199444280555968,21.0,0,-0.5604913143758345,21.857359393833097,20.5,21.5
738.0,21.132116615658322,21.40414844848207,6.200840450651768,21.0,1,-0.40414844848206855,19.84071978954441,20.5,21.5
739.0,21.14913036042532,21.293552862527356,6.202235706255326,21.0,1,-0.29355286252735624,20.187597002980233,20.5,21.5
740.0,21.166140981494486,21.20567847557995,6.203630046304096,21.0,1,-0.20567847557995123,20.3269346061059,20.5,21.5
741.0,21.183148479307448,21.27632517492573,6.2050234697362265,21.0,0,-0.2763251749257307,21.982792168383526,20.5,21.5
742.0,21.180152854305533,21.213158357123252,6.206415975490565,21.0,0,-0.21315835712325182,20.581490179098463,20.5,21.5
743.0,21.17715810692977,21.229684585012702,6.207807562506657,21.0,0,-0.22968458501270206,21.394946863907204,20.5,21.5
744.0,21.174164236820886,21.285787122029493,6.209198229724749,21.0,0,-0.2857871220294932,21.846812492197405,20.5,21.5
745.0,21.171171243619465,21.266959228066046,6.2105879760857885,21.0,0,-0.266959228066046,21.078680288431574,20.5,21.5
746.0,21.16817912696596,21.26921818812621,6.211976800531422,21.0,0,-0.2692181881262101,21.29180778872785,20.5,21.5
747.0,21.16518788650067,21.331779331883062,6.213364702003999,21.0,0,-0.3317793318830624,21.957390769451585,20.5,21.5
748.0,21.16219752186377,21.479914236576967,6.214751679446573,21.0,0,-0.47991423657696686,22.96126328351601,20.5,21.5
749.0,21.159208032695286,21.500185374391904,6.216137731802901,21.0,0,-0.5001853743919042,21.702896752541278,20.5,21.5
750.0,21.156219418635107,21.524299332942356,6.217522858017441,21.0,0,-0.5242993329423555,21.76543891844687,20.5,21.5
751.0,21.153231679322985,21.448154885681372,6.218907057035362,21.0,0,-0.4481548856813724,20.68671041307154,20.5,21.5
752.0,21.150244814398526,21.4756231792172,6.220290327802536,21.0,0,-0.47562317921720165,21.750306114575494,20.5,21.5
753.0,21.147258823501208,21.449749516343115,6.22167266926554,21.0,0,-0.44974951634311466,21.191012887602245,20.5,21.5
754.0,21.14427370627036,21.444697618380538,6.2230540803716625,21.0,0,-0.44469761838053756,21.394178638754767,20.5,21.5
755.0,21.14128946234518,21.44784273093719,6.224434560068898,21.0,0,-0.4478427309371895,21.47929385650371,20.5,21.5
756.0,21.138306091364726,21.534724977518604,6.225814107305953,21.0,0,-0.5347249775186036,22.403547443332744,20.5,21.5
757.0,21.135323592967914,21.51614451757846,6.227192721032241,21.0,0,-0.5161445175784607,21.33033991817703,20.5,21.5
758.0,21.132341966793526,21.459358536610342,6.228570400197887,21.0,0,-0.45935853661034187,20.891498726929154,20.5,21.5
759.0,21.129361212480205,21.470477006194095,6.229947143753728,21.0,0,-0.4704770061940948,21.581661702031624,20.5,21.5
760.0,21.12638132966646,21.51428825080463,6.231322950651316,21.0,0,-0.5142882508046291,21.952400696909972,20.5,21.5
761.0,21.12340231799066,21.4751284511141,6.2326978198429135,21.0,0,-0.47512845111409874,21.083530454208795,20.5,21.5
762.0,21.12042417709103,21.426473930494048,6.2340717502814975,21.0,0,-0.4264739304940477,20.939928724293537,20.5,21.5
763.0,21.117446906605668,21.40598613877365,6.23544474092076,21.0,0,-0.405986138773649,21.201108221569662,20.5,21.5
764.0,21.11447050617253,21.407087329738665,6.236816790715109,21.0,0,-0.40708732973866546,21.41809923938883,20.5,21.5
765.0,21.111494975429437,21.437852423119885,6.2381878986196675,21.0,0,-0.43785242311988526,21.745503356932083,20.5,21.5
766.0,21.108520314014076,21.428419301651214,6.23955806359028,21.0,0,-0.4284193016512141,21.334088086964503,20.5,21.5
767.0,21.10554652156399,21.38087088932874,6.240927284583504,21.0,0,-0.38087088932874025,20.905386766104,20.5,21.5
768.0,21.102573597716596,21.381361496343107,6.24229556055662,21.0,0,-0.3813614963431071,21.386267566486776,20.5,21.5
769.0,21.099601542109163,21.376666434955375,6.2436628904676255,21.0,0,-0.376666434955375,21.329715821078054,20.5,21.5
770.0,21.096630354378835,21.273215881208607,6.2450292732752395,21.0,1,-0.27321588120860696,20.238710343740927,20.5,21.5
771.0,21.113660034162613,21.264578993727376,6.246394707938901,21.0,1,-0.26457899372737614,21.178210118915068,20.5,21.5
772.0,21.13068658109737,21.324076410391243,6.247759193418772,21.0,0,-0.3240764103912426,21.919050577029907,20.5,21.5
773.0,21.12770999561983,21.37408504416381,6.249122728675739,21.0,0,-0.3740850441638095,21.87417138188948,20.5,21.5
774.0,21.124734278166443,21.33048239042369,6.25048531267141,21.0,0,-0.33048239042368976,20.894455853022492,20.5,21.5
775.0,21.121759428373345,21.41060752981933,6.251846944368118,21.0,0,-0.41060752981933035,22.211858923775736,20.5,21.5
776.0,21.118785445876544,21.36055367125567,6.253207622728921,21.0,0,-0.3605536712556692,20.860015085619057,20.5,21.5
777.0,21.115812330311915,21.317662484051077,6.254567346717603,21.0,0,-0.3176624840510769,20.888750612005154,20.5,21.5
778.0,21.112840081315195,21.333710790846844,6.255926115298676,21.0,0,-0.33371079084684396,21.494193858804515,20.5,21.5
779.0,21.109868698521993,21.411504626050974,6.257283927437378,21.0,0,-0.4115046260509736,22.18944297809227,20.5,21.5
780.0,21.106898181567775,21.393791466944702,6.258640782099675,21.0,0,-0.3937914669447018,21.216659875881984,20.5,21.5
781.0,21.10392853008788,21.431223949308183,6.259996678252264,21.0,0,-0.4312239493081833,21.805548772943,20.5,21.5
782.0,21.100959743717514,21.456204580274118,6.261351614862573,21.0,0,-0.45620458027411814,21.706010889933467,20.5,21.5
783.0,21.097991822091743,21.386889518708784,6.262705590898755,21.0,0,-0.3868895187087844,20.693738903055447,20.5,21.5
784.0,21.095024764845505,21.325788475609908,6.264058605329701,21.0,0,-0.3257884756099081,20.714778044621145,20.5,21.5
785.0,21.092058571613602,21.409475908732567,6.265410657125032,21.0,0,-0.409475908732567,22.246350239959156,20.5,21.5
786.0,21.089093242030703,21.49898807106586,6.2667617452551,21.0,0,-0.49898807106585963,22.394109694398786,20.5,21.5
787.0,21.086128775731346,21.45323430338776,6.268111868690994,21.0,0,-0.4532343033877595,20.995696626606758,20.5,21.5
788.0,21.08316517234994,21.42963845028639,6.269461026404535,21.0,0,-0.42963845028639014,21.193679919272697,20.5,21.5
789.0,21.08020243152075,21.47858247774159,6.2708092173682815,21.0,0,-0.4785824777415897,21.968022752293585,20.5,21.5
790.0,21.077240552877917,21.34273816543909,6.272156440555528,21.0,1,-0.34273816543909064,19.9842950424141,20.5,21.5
791.0,21.094279536055453,21.27579322614406,6.273502694940304,21.0,1,-0.2757932261440601,20.606343833193755,20.5,21.5
792.0,21.11131538068723,21.30487024531077,6.2748479794973795,21.0,0,-0.3048702453107701,21.59564043697787,20.5,21.5
793.0,21.10834808720699,21.366395861822546,6.276192293202261,21.0,0,-0.36639586182254646,21.98165202694031,20.5,21.5
794.0,21.10538165604819,21.337532804493645,6.277535635031195,21.0,0,-0.33753280449364453,21.048902231204625,20.5,21.5
795.0,21.102416086843988,21.359164419102193,6.27887800396117,21.0,0,-0.35916441910219277,21.575480565187675,20.5,21.5
796.0,21.09945137922741,21.330137388054293,6.280219398969911,21.0,0,-0.33013738805429327,21.0398670775753,20.5,21.5
797.0,21.096487532831357,21.308536486563163,6.2815598190358894,21.0,0,-0.30853648656316324,21.092527471651863,20.5,21.5
798.0,21.0935245472886,21.27005424668922,6.282899263138315,21.0,0,-0.2700542466892202,20.88523184794979,20.5,21.5
799.0,21.09056242223177,21.29175310207151,6.2842377302571455,21.0,0,-0.2917531020715103,21.50874165589441,20.5,21.5
800.0,21.087601157293374,21.346715420380384,6.2855752193730785,21.0,0,-0.3467154203803844,21.896338603469125,20.5,21.5
801.0,21.08464075210579,21.26897876473784,6.286911729467558,21.0,1,-0.26897876473784166,20.491612208312414,20.5,21.5
802.0,21.101681206301265,21.35284889598198,6.288247259522773,21.0,0,-0.35284889598198177,22.191550208423383,20.5,21.5
803.0,21.09871851951191,21.42048305709086,6.28958180852166,21.0,0,-0.4204830570908591,22.096824668179632,20.5,21.5
804.0,21.09575669216971,21.361160875164135,6.290915375447901,21.0,0,-0.36116087516413486,20.767939055896893,20.5,21.5
805.0,21.092795723906367,21.363656419032928,6.292247959285928,21.0,0,-0.3636564190329281,21.38861185772086,20.5,21.5
806.0,21.089835614353444,21.449088412845917,6.293579559020919,21.0,0,-0.44908841284591716,22.303408350975808,20.5,21.5
807.0,21.086876363142377,21.40671409774459,6.2949101736388045,21.0,0,-0.4067140977445902,20.98297094673132,20.5,21.5
808.0,21.083917969904476,21.39243226863102,6.296239802126262,21.0,0,-0.3924322686310191,21.249613977495308,20.5,21.5
809.0,21.08096043427092,21.48227126233306,6.297568443470722,21.0,0,-0.48227126233306095,22.38066119935348,20.5,21.5
810.0,21.07800375587276,21.525476513522513,6.298896096660367,21.0,0,-0.5254765135225128,21.95752902541703,20.5,21.5
811.0,21.07504793434092,21.501672987655688,6.3002227606841315,21.0,0,-0.501672987655688,21.26363772898744,20.5,21.5
812.0,21.072092969306187,21.50612917366134,6.301548434531702,21.0,0,-0.5061291736613391,21.55069103371785,20.5,21.5
813.0,21.06913886039923,21.473239492531103,6.302873117193521,21.0,0,-0.4732394925311034,21.144342681228746,20.5,21.5
814.0,21.066185607250592,21.40073637553867,6.304196807660785,21.0,0,-0.4007363755386706,20.675705205614342,20.5,21.5
815.0,21.063233209490672,21.358564442008795,6.305519504925445,21.0,0,-0.3585644420087952,20.93684510671004,20.5,21.5
816.0,21.06028166674976,21.41054774112896,6.306841207980211,21.0,0,-0.4105477411289584,21.93038073233059,20.5,21.5
817.0,21.057330978658005,21.497013075878293,6.308161915818548,21.0,0,-0.4970130758782929,22.361666423371638,20.5,21.5
818.0,21.054381144845436,21.503255786505505,6.309481627434679,21.0,0,-0.5032557865055054,21.56568289277763,20.5,21.5
819.0,21.051432164941954,21.535197955284172,6.310800341823588,21.0,0,-0.5351979552841719,21.854619643070837,20.5,21.5
820.0,21.048484038577328,21.47534823751709,6.3121180579810146,21.0,0,-0.475348237517089,20.87685105984626,20.5,21.5
821.0,21.045536765381208,21.436559043226985,6.313434774903461,21.0,0,-0.43655904322698547,21.04866710032595,20.5,21.5
822.0,21.04259034498311,21.43224057870689,6.314750491588192,21.0,0,-0.4322405787068888,21.389055933505922,20.5,21.5
823.0,21.03964477701243,21.360426368966223,6.316065207033229,21.0,0,-0.36042636896622327,20.642284271559568,20.5,21.5
824.0,21.036700061098436,21.258283926188746,6.317378920237361,21.0,1,-0.25828392618874574,20.23685949841397,20.5,21.5
825.0,21.053756196870264,21.27946652001375,6.318691630200138,21.0,1,-0.2794665200137487,21.49129245826378,20.5,21.5
826.0,21.07080918395693,21.34298584312067,6.320003335921873,21.0,0,-0.34298584312066893,21.97817907418987,20.5,21.5
827.0,21.06785902278732,21.279657937896626,6.321314036403647,21.0,0,-0.2796579378966264,20.6463788856562,20.5,21.5
828.0,21.064909713790044,21.39692131375606,6.322623730647304,21.0,0,-0.3969213137560601,22.569555072350397,20.5,21.5
829.0,21.061961256593417,21.445006250145294,6.323932417655453,21.0,0,-0.44500625014529405,21.925855614037634,20.5,21.5
830.0,21.05901365082563,21.475853788549816,6.325240096431475,21.0,0,-0.4758537885498164,21.78432917259504,20.5,21.5
831.0,21.05606689611475,21.487212087204615,6.326546765979513,21.0,0,-0.4872120872046146,21.600795073752597,20.5,21.5
832.0,21.053120992088722,21.519036502318706,6.327852425304483,21.0,0,-0.5190365023187056,21.837280653459615,20.5,21.5
833.0,21.050175938375364,21.40718421212964,6.329157073412068,21.0,1,-0.4071842121296392,20.288661310238975,20.5,21.5
834.0,21.067231734602373,21.426836430480655,6.3304607093087215,21.0,0,-0.42683643048065534,21.623358613990817,20.5,21.5
835.0,21.064284380397314,21.449517672158816,6.331763332001668,21.0,0,-0.4495176721588159,21.67633008894042,20.5,21.5
836.0,21.061337876187636,21.380001861897536,6.333064940498905,21.0,0,-0.3800018618975365,20.684843759284743,20.5,21.5
837.0,21.0583922216005,21.272071824752448,6.3343655338091995,21.0,1,-0.27207182475244807,20.192771453301564,20.5,21.5
838.0,21.07544741626294,21.366605026909816,6.335665110942093,21.0,0,-0.36660502690981644,22.3119370484835,20.5,21.5
839.0,21.072499459801875,21.277715252634234,6.3369636709079025,21.0,1,-0.27771525263423413,20.38881750987841,20.5,21.5
840.0,21.089552352644098,21.225830539935977,6.3382612127177165,21.0,1,-0.22583053993597701,20.706983412953406,20.5,21.5
841.0,21.106602094416115,21.23449080333295,6.339557735383401,21.0,1,-0.23449080333294958,21.321093437302675,20.5,21.5
842.0,21.123648685544307,21.284393456456492,6.340853237917598,21.0,0,-0.28439345645649183,21.783419987691914,20.5,21.5
843.0,21.12069212645478,21.27893077042399,6.342147719333726,21.0,0,-0.2789307704239903,21.224303910098975,20.5,21.5
844.0,21.117736417573358,21.4348460192894,6.34344117864598,21.0,0,-0.4348460192893988,22.993998507943484,20.5,21.5
845.0,21.11478155852557,21.43001750304836,6.344733614869336,21.0,0,-0.4300175030483615,21.38173234063799,20.5,21.5
846.0,21.11182754893684,21.444784601445793,6.346025027019547,21.0,0,-0.444784601445793,21.592455585420108,20.5,21.5
847.0,21.108874388432458,21.440573629722987,6.347315414113146,21.0,0,-0.4405736297229872,21.39846391249493,20.5,21.5
848.0,21.105922076637594,21.475511616464594,6.348604775167447,21.0,0,-0.47551161646459406,21.824891483880663,20.5,21.5
849.0,21.1029706131773,21.38927740197327,6.349893109200545,21.0,0,-0.38927740197327054,20.526935257060035,20.5,21.5
850.0,21.100019997676505,21.390193424832944,6.351180415231321,21.0,0,-0.39019342483294395,21.399353653429678,20.5,21.5
851.0,21.097070229760014,21.37593085068105,6.352466692279431,21.0,0,-0.37593085068105125,21.233305109162124,20.5,21.5
852.0,21.094121309052518,21.334677638672815,6.3537519393653215,21.0,0,-0.3346776386728152,20.922145518590455,20.5,21.5
853.0,21.09117323517858,21.27606758211087,6.35503615551022,21.0,0,-0.2760675821108691,20.68996701649141,20.5,21.5
854.0,21.088226007762646,21.31757256847238,6.3563193397361415,21.0,0,-0.3175725684723787,21.732622432087474,20.5,21.5
855.0,21.085279626429042,21.325948605764676,6.357601491065884,21.0,0,-0.3259486057646761,21.40970897868765,20.5,21.5
856.0,21.082334090801968,21.340853298301163,6.358882608523033,21.0,0,-0.3408532983011625,21.489900223666027,20.5,21.5
857.0,21.079389400505512,21.348182325996774,6.360162691131963,21.0,0,-0.348182325996774,21.42147260295289,20.5,21.5
858.0,21.076445555163637,21.399552896209066,6.361441737917835,21.0,0,-0.399552896209066,21.913258598331986,20.5,21.5
859.0,21.07350255440019,21.36437907049991,6.3627197479066,21.0,0,-0.36437907049991125,21.012640813408364,20.5,21.5
860.0,21.07056039783889,21.343735516545696,6.363996720124997,21.0,0,-0.3437355165456957,21.13729997700354,20.5,21.5
861.0,21.067619085103345,21.386657959575704,6.365272653600556,21.0,0,-0.3866579595757038,21.815882389875785,20.5,21.5
862.0,21.064678615817044,21.44763435300016,6.3665475473615984,21.0,0,-0.4476343530001614,22.057398287244737,20.5,21.5
863.0,21.061738989603352,21.368772461925374,6.367821400437236,21.0,0,-0.3687724619253743,20.580153551177503,20.5,21.5
864.0,21.058800206085518,21.37243739629612,6.3690942118573775,21.0,0,-0.37243739629612094,21.409086740003588,20.5,21.5
865.0,21.055862264886674,21.357673658772363,6.370365980652718,21.0,0,-0.357673658772363,21.210036283534784,20.5,21.5
866.0,21.052925165629826,21.231622865217084,6.371636705854753,21.0,1,-0.23162286521708353,19.97111492966429,20.5,21.5
867.0,21.069988907937873,21.234775194013217,6.372906386495767,21.0,1,-0.234775194013217,21.26629848197455,20.5,21.5
868.0,21.087049491433586,21.28795964644007,6.3741750216088455,21.0,0,-0.28795964644006844,21.819804170708583,20.5,21.5
869.0,21.08410691653962,21.3048894856354,6.375442610227868,21.0,0,-0.30488948563539964,21.47418787758871,20.5,21.5
870.0,21.08116518367836,21.343884590386008,6.376709151387508,21.0,0,-0.3438845903860077,21.73383563789209,20.5,21.5
871.0,21.0782242924719,21.361558455608215,6.377974644123241,21.0,0,-0.36155845560821476,21.538297107830285,20.5,21.5
872.0,21.07528424254223,21.3591801739348,6.37923908747134,21.0,0,-0.3591801739347993,21.335397357200645,20.5,21.5
873.0,21.07234503351122,21.282503970283702,6.380502480468874,21.0,0,-0.28250397028370244,20.515741933772734,20.5,21.5
874.0,21.06940666500061,21.301253710665286,6.381764822153716,21.0,0,-0.3012537106652857,21.48875111448112,20.5,21.5
875.0,21.06646913663204,21.247960985645697,6.383026111564538,21.0,0,-0.24796098564569746,20.715033735449815,20.5,21.5
876.0,21.063532448027026,21.28856595396669,6.384286347740813,21.0,0,-0.28856595396668894,21.694615637176604,20.5,21.5
877.0,21.060596598806967,21.268849834475123,6.385545529722816,21.0,0,-0.2688498344751231,21.071688639559465,20.5,21.5
878.0,21.05766158859315,21.248463338171177,6.386803656551626,21.0,0,-0.24846333817117738,21.04459837513172,20.5,21.5
879.0,21.05472741700674,21.211886068506793,6.3880607272691226,21.0,0,-0.21188606850679292,20.84611337186295,20.5,21.5
880.0,21.051794083668796,21.238380047354134,6.3893167409179945,21.0,0,-0.2383800473541342,21.503319835827547,20.5,21.5
881.0,21.048861588200246,21.21613857339478,6.3905716965417305,21.0,0,-0.2161385733947796,20.993723833801234,20.5,21.5
882.0,21.045929930221913,21.21634002196192,6.391825593184628,21.0,0,-0.21634002196191915,21.218354507633315,20.5,21.5
883.0,21.042999109354504,21.241573971613324,6.393078429891791,21.0,0,-0.24157397161332383,21.49391346812737,20.5,21.5
884.0,21.04006912521861,21.16631078920691,6.394330205709129,21.0,1,-0.16631078920691067,20.41367896514278,20.5,21.5
885.0,21.05713997743471,21.228734533469304,6.39558091968336,21.0,0,-0.2287345334693036,21.852971976093233,20.5,21.5
886.0,21.05420766562316,21.18499787635788,6.3968305708620115,21.0,0,-0.18499787635787968,20.74763130524364,20.5,21.5
887.0,21.05127619020421,21.181990707863072,6.39807915829342,21.0,0,-0.18199070786307203,21.151919022914996,20.5,21.5
888.0,21.048345550797826,21.236037706689025,6.39932668102673,21.0,0,-0.23603770668902513,21.776507694948556,20.5,21.5
889.0,21.04541574702387,21.37176487602078,6.400573138111902,21.0,0,-0.3717648760207801,22.72903656933833,20.5,21.5
890.0,21.042486778502088,21.30508863218147,6.401818528599701,21.0,0,-0.3050886321814694,20.638326193788362,20.5,21.5
891.0,21.039558644852107,21.440425054977727,6.403062851541711,21.0,0,-0.44042505497772666,22.7937892829403,20.5,21.5
892.0,21.036631345693444,21.455374466973915,6.404306105990325,21.0,0,-0.4553744669739146,21.604868586935794,20.5,21.5
893.0,21.0337048806455,21.45088390721224,6.40554829099875,21.0,0,-0.4508839072122406,21.4059783095955,20.5,21.5
894.0,21.030779249327573,21.363113270050007,6.406789405621008,21.0,1,-0.3631132700500075,20.485406898427676,20.5,21.5
895.0,21.04785445135883,21.34362983695607,6.408029448911937,21.0,1,-0.34362983695606886,21.148795506016683,20.5,21.5
896.0,21.064926486358342,21.302413913776512,6.409268419927189,21.0,1,-0.30241391377651183,20.89025468198094,20.5,21.5
897.0,21.081995354745057,21.32996149505616,6.410506317723235,21.0,0,-0.32996149505616046,21.605437307852647,20.5,21.5
898.0,21.079061056937654,21.402972977966364,6.411743141357362,21.0,0,-0.402972977966364,22.1330878070684,20.5,21.5
899.0,21.07612759335454,21.4596948817696,6.412978889887674,21.0,0,-0.45969488176960027,22.026913919801963,20.5,21.5
900.0,21.073194963613844,21.588659486524676,6.414213562373095,21.0,0,-0.5886594865246764,22.878305534075437,20.5,21.5
901.0,21.070263167333596,21.56993074387706,6.415447157873368,21.0,0,-0.5699307438770589,21.382643317400884,20.5,21.5
902.0,21.067332204131706,21.55419472471322,6.416679675449058,21.0,0,-0.55419472471322,21.39683453307483,20.5,21.5
903.0,21.06440207362597,21.47206359816235,6.417911114161547,21.0,0,-0.4720635981623502,20.650752332653653,20.5,21.5
904.0,21.061472775434076,21.50913219777738,6.419141473073042,21.0,0,-0.5091321977773795,21.879818193927672,20.5,21.5
905.0,21.058544309173605,21.526890092133904,6.420370751246571,21.0,0,-0.5268900921339039,21.704469035699148,20.5,21.5
906.0,21.05561667446202,21.510646180075547,6.421598947745985,21.0,0,-0.5106461800755469,21.348207059491976,20.5,21.5
907.0,21.052689870916677,21.436303086834364,6.422826061635959,21.0,0,-0.43630308683436425,20.69287215442254,20.5,21.5
908.0,21.049763898154822,21.419643144138796,6.424052091981993,21.0,0,-0.4196431441387958,21.25304371718311,20.5,21.5
909.0,21.046838755793587,21.386762357019773,6.425277037850411,21.0,0,-0.3867623570197729,21.057954485829544,20.5,21.5
910.0,21.04391444345,21.24676294202782,6.426500898308364,21.0,1,-0.24676294202782145,19.846768792108307,20.5,21.5
911.0,21.06099096074097,21.210876893154126,6.427723672423827,21.0,1,-0.2108768931541256,20.852016404417167,20.5,21.5
912.0,21.078064307283306,21.221308018890788,6.428945359265606,21.0,1,-0.2213080188907881,21.325619276257413,20.5,21.5
913.0,21.095134483493702,21.270619956353265,6.430165957903335,21.0,0,-0.27061995635326497,21.763739330978034,20.5,21.5
914.0,21.092201489788582,21.251913862733055,6.4313854674074715,21.0,0,-0.2519138627330548,21.064852926530953,20.5,21.5
915.0,21.089269326584105,21.32794974948603,6.432603886849308,21.0,0,-0.32794974948603084,22.08830861701579,20.5,21.5
916.0,21.08633799349616,21.32050258043967,6.4338212153009655,21.0,0,-0.32050258043966906,21.24603088997605,20.5,21.5
917.0,21.08340749014052,21.367426294606165,6.435037451835394,21.0,0,-0.36742629460616527,21.836663436271127,20.5,21.5
918.0,21.08047781613286,21.353273521741816,6.436252595526378,21.0,0,-0.3532735217418157,21.21174579309832,20.5,21.5
919.0,21.07754897108874,21.37884907986982,6.437466645448531,21.0,0,-0.37884907986981986,21.63460466114986,20.5,21.5
920.0,21.07462095462361,21.266237999293416,6.438679600677302,21.0,1,-0.2662379992934163,20.14012719352938,20.5,21.5
921.0,21.091693766352822,21.3326562084303,6.439891460288973,21.0,0,-0.33265620843030064,21.996838299799144,20.5,21.5
922.0,21.08876340589161,21.308599210090883,6.4411022233606605,21.0,0,-0.30859921009088254,21.0680292266967,20.5,21.5
923.0,21.0858338736551,21.30555732505728,6.442311888970315,21.0,0,-0.30555732505727917,21.275138474721246,20.5,21.5
924.0,21.082905169258165,21.34397327660063,6.443520456196724,21.0,0,-0.3439732766006287,21.728132792034124,20.5,21.5
925.0,21.079977292315554,21.379376435017257,6.444727924119511,21.0,0,-0.3793764350172566,21.733408019183535,20.5,21.5
926.0,21.077050242441913,21.400301759353972,6.445934291819136,21.0,0,-0.4003017593539724,21.60955500272113,20.5,21.5
927.0,21.07412401925179,21.4304357773663,6.4471395583768984,21.0,0,-0.43043577736629857,21.73177595748956,20.5,21.5
928.0,21.071198622359617,21.439373408583535,6.4483437228749345,21.0,0,-0.4393734085835348,21.528749720755897,20.5,21.5
929.0,21.06827405137972,21.338119402354145,6.4495467843962215,21.0,1,-0.3381194023541454,20.32557934006025,20.5,21.5
930.0,21.085350305926323,21.33997093049905,6.450748742024575,21.0,1,-0.3399709304990495,21.35848621194809,20.5,21.5
931.0,21.10242338561354,21.359311388329953,6.451949594844653,21.0,0,-0.359311388329953,21.55271596663899,20.5,21.5
932.0,21.09949329085539,21.405547476748705,6.453149341941952,21.0,0,-0.40554747674870484,21.867908360936223,20.5,21.5
933.0,21.096564022065607,21.43263325899303,6.454347982402814,21.0,0,-0.43263325899302885,21.70349108143627,20.5,21.5
934.0,21.093635578857675,21.478496390078742,6.455545515314421,21.0,0,-0.47849639007874245,21.93712770093588,20.5,21.5
935.0,21.090707960844966,21.47980664602657,6.4567419397648,21.0,0,-0.47980664602657086,21.492909205504855,20.5,21.5
936.0,21.08778116764075,21.493979644591686,6.4579372548428235,21.0,0,-0.4939796445916862,21.63570963024284,20.5,21.5
937.0,21.08485519885819,21.416073199930825,6.459131459638204,21.0,0,-0.4160731999308247,20.63700875332221,20.5,21.5
938.0,21.081930054110344,21.331288589643385,6.460324553241504,21.0,1,-0.3312885896433855,20.483442486768993,20.5,21.5
939.0,21.09900573301017,21.331313844509204,6.461516534744132,21.0,1,-0.33131384450920365,21.331566393167385,20.5,21.5
940.0,21.116078235170516,21.384828725275327,6.4627074032383405,21.0,0,-0.38482872527532663,21.919977532936556,20.5,21.5
941.0,21.11314756100413,21.262490591708257,6.463897157817232,21.0,1,-0.26249059170825717,20.039109256037563,20.5,21.5
942.0,21.130217710923493,21.232231901367165,6.4650857975747575,21.0,1,-0.23223190136716454,20.92964499795624,20.5,21.5
943.0,21.14728468454082,21.257467662910216,6.466273321605715,21.0,0,-0.2574676629102157,21.509825278340728,20.5,21.5
944.0,21.144348482268235,21.218156185487512,6.4674597290057525,21.0,0,-0.21815618548751203,20.825041411260475,20.5,21.5
945.0,21.141413104517582,21.214688661192522,6.468645018871371,21.0,0,-0.21468866119252183,21.18001341824262,20.5,21.5
946.0,21.13847855090045,21.262953158414103,6.46982919029992,21.0,0,-0.2629531584141027,21.74559813062991,20.5,21.5
947.0,21.135544821028333,21.344845737388248,6.471012242389601,21.0,0,-0.34484573738824764,22.163771527129697,20.5,21.5
948.0,21.132611914512605,21.364152963536988,6.472194174239469,21.0,0,-0.3641529635369878,21.55722522502439,20.5,21.5
949.0,21.12967983096455,21.40007400708352,6.47337498494943,21.0,0,-0.40007400708352137,21.759284442548857,20.5,21.5
950.0,21.12674856999535,21.397733914657863,6.474554673620248,21.0,0,-0.3977339146578629,21.374332990401278,20.5,21.5
951.0,21.123818131216076,21.43413750230418,6.475733239353537,21.0,0,-0.43413750230417847,21.798173378767334,20.5,21.5
952.0,21.120888514237702,21.424380892036194,6.476910681251767,21.0,0,-0.42438089203619356,21.326814789356344,20.5,21.5
953.0,21.117959718671106,21.463626772511397,6.478086998418267,21.0,0,-0.4636267725113967,21.85608557726343,20.5,21.5
954.0,21.115031744127055,21.456993976657326,6.479262189957219,21.0,0,-0.45699397665732633,21.390666018116622,20.5,21.5
955.0,21.112104590216223,21.505363904664605,6.4804362549736645,21.0,0,-0.5053639046646055,21.989063184737397,20.5,21.5
956.0,21.109178256549175,21.44827778174018,6.4816091925735,21.0,0,-0.44827778174018107,20.877416552495937,20.5,21.5
957.0,21.10625274273638,21.50892395890386,6.482781001863485,21.0,0,-0.5089239589038606,22.115385730540655,20.5,21.5
958.0,21.103328048388207,21.498153868101966,6.483951681951233,21.0,0,-0.4981538681019657,21.390452960083017,20.5,21.5
959.0,21.10040417311492,21.530896837576396,6.485121231945222,21.0,0,-0.530896837576396,21.8583265323207,20.5,21.5
960.0,21.097481116526687,21.460049675349815,6.486289650954788,21.0,0,-0.4600496753498149,20.751578053084003,20.5,21.5
961.0,21.094558878233574,21.432698416798964,6.487456938090131,21.0,0,-0.4326984167989636,21.15918583129045,20.5,21.5
962.0,21.091637457845547,21.352991562556195,6.4886230924623085,21.0,0,-0.3529915625561948,20.555923020128507,20.5,21.5
963.0,21.08871685497247,21.30994565191776,6.489788113183244,21.0,0,-0.30994565191776147,20.879486545533428,20.5,21.5
964.0,21.085797069224114,21.286625951504394,6.490951999365724,21.0,0,-0.2866259515043943,21.053428947370723,20.5,21.5
965.0,21.08287810021014,21.3424307519074,6.492114750123399,21.0,0,-0.3424307519074006,21.900478755937463,20.5,21.5
966.0,21.079959947540125,21.42983968649678,6.493276364570782,21.0,0,-0.4298396864967806,22.30392903239058,20.5,21.5
967.0,21.077042610823533,21.45890165508025,6.494436841823255,21.0,0,-0.4589016550802505,21.74952134091495,20.5,21.5
968.0,21.074126089669733,21.46351212877656,6.4955961809970635,21.0,0,-0.4635121287765607,21.509616865739662,20.5,21.5
969.0,21.071210383687998,21.376746082925088,6.49675438120932,21.0,0,-0.37674608292508793,20.50908562441036,20.5,21.5
970.0,21.0682954924875,21.29845048951588,6.497911441578005,21.0,0,-0.29845048951587927,20.515494555423793,20.5,21.5
971.0,21.06538141567732,21.34588444514279,6.499067361221965,21.0,0,-0.34588444514279004,21.820224001411898,20.5,21.5
972.0,21.062468152866426,21.309583490541723,6.500222139260919,21.0,0,-0.30958349054172274,20.94657394453105,20.5,21.5
973.0,21.059555703663705,21.373771360851457,6.501375774815453,21.0,0,-0.3737713608514568,22.015650063948797,20.5,21.5
974.0,21.056644067677937,21.505845230738135,6.502528267007023,21.0,0,-0.5058452307381351,22.82658392960492,20.5,21.5
975.0,21.0537332445178,21.56165106825509,6.503679614957955,21.0,0,-0.5616510682550917,22.119709443424657,20.5,21.5
976.0,21.05082323379189,21.469210712168127,6.504829817791449,21.0,0,-0.4692107121681275,20.544807151298485,20.5,21.5
977.0,21.04791403510869,21.463353123000847,6.505978874631575,21.0,0,-0.4633531230008465,21.404777231328037,20.5,21.5
978.0,21.045005648076593,21.42714960425637,6.507126784603276,21.0,0,-0.42714960425637116,21.065114416811618,20.5,21.5
979.0,21.042098072303897,21.34687963993501,6.508273546832369,21.0,0,-0.34687963993501114,20.54417999672141,20.5,21.5
980.0,21.039191307398802,21.310656409272475,6.509419160445544,21.0,0,-0.3106564092724753,20.948424102647117,20.5,21.5
981.0,21.03628535296941,21.36559342536948,6.510563624570367,21.0,0,-0.3655934253694788,21.914963586339514,20.5,21.5
982.0,21.033380208623733,21.430985255979316,6.511706938335279,21.0,0,-0.4309852559793157,22.084903562077685,20.5,21.5
983.0,21.030475873969674,21.282446235671152,6.512849100869596,21.0,1,-0.2824462356711521,19.797056032589516,20.5,21.5
984.0,21.047572348615056,21.31696253193453,6.513990111303513,21.0,0,-0.3169625319345286,21.662125494568294,20.5,21.5
985.0,21.044665632167593,21.292651960745424,6.515129968768099,21.0,0,-0.2926519607454239,21.049546248854377,20.5,21.5
986.0,21.041759725034915,21.202416017146184,6.516268672395304,21.0,1,-0.2024160171461844,20.30005658115379,20.5,21.5
987.0,21.058854626824388,21.190037105084695,6.517406221317956,21.0,1,-0.19003710508469496,21.0662479844698,20.5,21.5
988.0,21.075946337143286,21.283718596866404,6.518542614669761,21.0,0,-0.28371859686640377,22.220533514683492,20.5,21.5
989.0,21.07303485639879,21.342251160106045,6.519677851585308,21.0,0,-0.34225116010604495,21.927576792502457,20.5,21.5
990.0,21.07012418499783,21.363548978738912,6.520811931200062,21.0,0,-0.3635489787389119,21.57652716506758,20.5,21.5
991.0,21.06721432254707,21.41314528436435,6.521944852650374,21.0,0,-0.41314528436435083,21.90910834061874,20.5,21.5
992.0,21.06430526865309,21.385455517493,6.523076615073474,21.0,0,-0.3854555174929999,21.10855784877949,20.5,21.5
993.0,21.061397022922375,21.379227935862225,6.524207217607476,21.0,0,-0.37922793586222525,21.31695211955448,20.5,21.5
994.0,21.05848958496131,21.31410774004432,6.525336659391376,21.0,0,-0.31410774004432085,20.662905781865277,20.5,21.5
995.0,21.0555829543762,21.303159614376746,6.526464939565058,21.0,0,-0.3031596143767459,21.193678357700996,20.5,21.5
996.0,21.052677130773237,21.315179041475183,6.527592057269285,21.0,0,-0.31517904147518294,21.435373312459554,20.5,21.5
997.0,21.049772113758536,21.32162612970892,6.528718011645708,21.0,0,-0.3216261297089211,21.386097012046303,20.5,21.5
998.0,21.046867902938114,21.305213047725847,6.529842801836864,21.0,0,-0.30521304772584656,21.1410822278951,20.5,21.5
999.0,21.043964497917894,21.294967962110455,6.5309664269861765,21.0,0,-0.29496796211045506,21.19251710595654,20.5,21.5
1000.0,21.04106189830371,21.397854961372428,6.532088886237956,21.0,0,-0.3978549613724276,22.426724953992153,20.5,21.5
1001.0,21.038160103701298,21.39182728119291,6.533210178737401,21.0,0,-0.39182728119291,21.331550479397734,20.5,21.5
1002.0,21.035259113716304,21.40261296581003,6.534330303630599,21.0,0,-0.4026129658100288,21.510469811981217,20.5,21.5
1003.0,21.032358927954288,21.42528343989445,6.535449260064525,21.0,0,-0.42528343989445005,21.651988180738662,20.5,21.5
1004.0,21.02945954602071,21.50575379017992,6.536567047187047,21.0,0,-0.5057537901799201,22.31045729303462,20.5,21.5
1005.0,21.026560967520943,21.48534973362109,6.537683664146919,21.0,0,-0.4853497336210886,21.281309168032774,20.5,21.5
1006.0,21.02366319206027,21.42723102269728,6.53879911009379,21.0,0,-0.4272310226972813,20.84604391345921,20.5,21.5
1007.0,21.020766219243875,21.35778243323232,6.539913384178199,21.0,0,-0.3577824332323196,20.663296538582703,20.5,21.5
1008.0,21.017870048676862,21.37121192561202,6.541026485551578,21.0,0,-0.37121192561201966,21.50550684940902,20.5,21.5
1009.0,21.014974679964237,21.25822288816295,6.542138413366253,21.0,1,-0.25822288816295114,20.128332513672266,20.5,21.5
1010.0,21.03208011271092,21.222233464736803,6.54324916677544,21.0,1,-0.22223346473680294,20.86233923047532,20.5,21.5
1011.0,21.049182346521732,21.23307186391033,6.544358744933254,21.0,1,-0.23307186391032886,21.341455855645588,20.5,21.5
1012.0,21.066281381801414,21.222324663584413,6.545467146994702,21.0,1,-0.22232466358441272,21.11485266032525,20.5,21.5
1013.0,21.083377218954453,21.290178017406696,6.546574372115688,21.0,0,-0.2901780174066957,21.968711555629525,20.5,21.5
1014.0,21.080469858385086,21.40159215650972,6.5476804194530125,21.0,0,-0.4015921565097216,22.51573354753998,20.5,21.5
1015.0,21.0775633004973,21.36317622618002,6.548785288164371,21.0,0,-0.36317622618001977,20.979016922883,20.5,21.5
1016.0,21.074657544894833,21.40310986177596,6.54988897740836,21.0,0,-0.40310986177595964,21.80244621773536,20.5,21.5
1017.0,21.071752591181337,21.443262652167117,6.5509914863444685,21.0,0,-0.44326265216711747,21.844790556078696,20.5,21.5
1018.0,21.06884843896037,21.410832197044066,6.552092814133092,21.0,0,-0.4108321970440656,21.086527645813547,20.5,21.5
1019.0,21.065945087835402,21.320040496391876,6.553192959935519,21.0,1,-0.3200404963918757,20.412123489869977,20.5,21.5
1020.0,21.08304253740982,21.34823341926508,6.554291922913942,21.0,0,-0.3482334192650782,21.630162647997103,20.5,21.5
1021.0,21.08013678728692,21.3761202661766,6.555389702231452,21.0,0,-0.3761202661765992,21.65498873529181,20.5,21.5
1022.0,21.07723183786991,21.41107397976426,6.556486297052042,21.0,0,-0.41107397976426086,21.760611115640877,20.5,21.5
1023.0,21.074327688761745,21.421260108705077,6.557581706540608,21.0,0,-0.42126010870507713,21.52312139811324,20.5,21.5
1024.0,21.0714243395653,21.446801644621917,6.5586759298629485,21.0,0,-0.4468016446219174,21.70221700379032,20.5,21.5
1025.0,21.06852178988336,21.46805511883136,6.559768966185763,21.0,0,-0.46805511883135864,21.68058986092577,20.5,21.5
1026.0,21.06562003931862,21.392297845660956,6.560860814676659,21.0,0,-0.3922978456609556,20.634725113956925,20.5,21.5
1027.0,21.062719087473692,21.34786393423798,6.561951474504146,21.0,0,-0.34786393423798145,20.90352482000824,20.5,21.5
1028.0,21.0598189339511,21.30852824583441,6.5630409448376374,21.0,0,-0.30852824583440963,20.91517136179869,20.5,21.5
1029.0,21.056919578353277,21.329309699138815,6.564129224847456,21.0,0,-0.3293096991388147,21.537124232182865,20.5,21.5
1030.0,21.054021020282576,21.25139607755417,6.565216313704828,21.0,1,-0.25139607755416904,20.472259861707713,20.5,21.5
1031.0,21.07112325934126,21.308644365551913,6.566302210581888,21.0,0,-0.3086443655519133,21.881127245529356,20.5,21.5
1032.0,21.06822229513151,21.37471468444385,6.56738691465168,21.0,0,-0.37471468444384826,22.035417873363198,20.5,21.5
1033.0,21.065322128055413,21.36511587518727,6.568470425088152,21.0,0,-0.3651158751872714,21.269127782621503,20.5,21.5
1034.0,21.06242275771482,21.33739110573644,6.569552741066166,21.0,0,-0.33739110573644027,21.06014341122813,20.5,21.5
1035.0,21.059524183711492,21.482897981021825,6.57063386176149,21.0,0,-0.482897981021825,22.937966733875673,20.5,21.5
1036.0,21.0566264056471,21.413080236141205,6.571713786350804,21.0,0,-0.41308023614120515,20.714902787335006,20.5,21.5
1037.0,21.053729423123244,21.414504352411615,6.572792514011698,21.0,0,-0.41450435241161543,21.42874551511572,20.5,21.5
1038.0,21.050833235741422,21.411433208763604,6.573870043922675,21.0,0,-0.41143320876360434,21.380721772283493,20.5,21.5
1039.0,21.047937843103057,21.470959315711745,6.574946375263147,21.0,0,-0.4709593157117453,22.066220385193155,20.5,21.5
1040.0,21.045043244809488,21.339441345289984,6.576021507213444,21.0,1,-0.33944134528998404,20.02426164107237,20.5,21.5
1041.0,21.06214944046197,21.429996853850845,6.577095438954804,21.0,0,-0.4299968538508452,22.335551939459457,20.5,21.5
1042.0,21.05925242966167,21.344117120427534,6.5781681696693814,21.0,1,-0.3441171204275335,20.485319786194417,20.5,21.5
1043.0,21.07635621280967,21.344671796904066,6.5792396985402455,21.0,1,-0.34467179690406624,21.350218561669394,20.5,21.5
1044.0,21.093456789506817,21.347345666188538,6.58031002475138,21.0,1,-0.3473456661885379,21.374084359033255,20.5,21.5
1045.0,21.110554160153868,21.347678956536953,6.581379147487686,21.0,1,-0.3476789565369529,21.351011860021103,20.5,21.5
1046.0,21.127648325151334,21.34478026000208,6.58244706593498,21.0,1,-0.3447802600020786,21.315793294653336,20.5,21.5
1047.0,21.14473928489949,21.37539100153428,6.583513779279994,21.0,0,-0.37539100153427896,21.681498416856282,20.5,21.5
1048.0,21.141827039798365,21.346828325708497,6.584579286710381,21.0,0,-0.346828325708497,21.061201567450677,20.5,21.5
1049.0,21.13891559024775,21.311803873446827,6.58564358741471,21.0,0,-0.31180387344682714,20.96155935083013,20.5,21.5
1050.0,21.136004935847183,21.387837561498124,6.58670668058247,21.0,0,-0.38783756149812376,22.14817444201109,20.5,21.5
1051.0,21.13309507619613,21.398253272233102,6.587768565404069,21.0,0,-0.39825327223310225,21.502410379582887,20.5,21.5
1052.0,21.130186010893972,21.426509521344038,6.588829241070837,21.0,0,-0.4265095213440375,21.70907201245339,20.5,21.5
1053.0,21.12727773954001,21.470249357944443,6.58988870677502,21.0,0,-0.4702493579444429,21.907647723948497,20.5,21.5
1054.0,21.124370261733457,21.460745035542608,6.5909469617097916,21.0,0,-0.46074503554260815,21.36570181152426,20.5,21.5
1055.0,21.121463577073452,21.466746411027444,6.592004005069244,21.0,0,-0.46674641102744374,21.5267601658758,20.5,21.5
1056.0,21.11855768515905,21.50481413563906,6.5930598360483925,21.0,0,-0.5048141356390587,21.88549138175521,20.5,21.5
1057.0,21.115652585589228,21.466499461723476,6.594114453843176,21.0,0,-0.4664994617234761,21.08335272256765,20.5,21.5
1058.0,21.11274827796288,21.51369907939447,6.595167857650457,21.0,0,-0.5136990793944705,21.985695256104414,20.5,21.5
1059.0,21.109844761878815,21.494984706493142,6.596220046668023,21.0,0,-0.49498470649314186,21.307840977479856,20.5,21.5
1060.0,21.106942036935774,21.451787530470984,6.597271020094586,21.0,0,-0.45178753047098397,21.019815770249405,20.5,21.5
1061.0,21.104040102732405,21.36624109381364,6.598320777129784,21.0,0,-0.36624109381363823,20.51077672724018,20.5,21.5
1062.0,21.101138958867285,21.43393538713277,6.599369316974181,21.0,0,-0.43393538713277024,22.11087832032409,20.5,21.5
1063.0,21.098238604938906,21.389100266470898,6.6004166388292695,21.0,0,-0.3891002664708978,20.940749059852173,20.5,21.5
1064.0,21.095339040545685,21.418379989572333,6.601462741897467,21.0,0,-0.41837998957233324,21.711177220586688,20.5,21.5
1065.0,21.092440265285955,21.388915087531075,6.602507625382121,21.0,0,-0.38891508753107473,21.09426606711849,20.5,21.5
1066.0,21.089542278757975,21.379791876902356,6.603551288487508,21.0,0,-0.37979187690235605,21.28855977061517,20.5,21.5
1067.0,21.086645080559922,21.308136197905288,6.6045937304188325,21.0,0,-0.3081361979052879,20.591579407934606,20.5,21.5
1068.0,21.083748670289893,21.395627434827894,6.605634950382229,21.0,0,-0.39562743482789386,22.270539804053954,20.5,21.5
1069.0,21.08085304754591,21.31130173459499,6.606674947584764,21.0,1,-0.31130173459499133,20.468044732265966,20.5,21.5
1070.0,21.09795821192592,21.351286720737868,6.607713721234434,21.0,0,-0.3512867207378676,21.75113658216663,20.5,21.5
1071.0,21.09506016302778,21.4453376764861,6.608751270540169,21.0,0,-0.44533767648610123,22.385847233968438,20.5,21.5
1072.0,21.092162901249285,21.406077131878128,6.609787594711828,21.0,0,-0.4060771318781278,21.013471685798393,20.5,21.5
1073.0,21.089266426187976,21.400963365419216,6.610822692960206,21.0,0,-0.40096336541921573,21.349825700830095,20.5,21.5
1074.0,21.08637073744133,21.491512254477513,6.611856564497032,21.0,0,-0.491512254477513,22.397001145060486,20.5,21.5
1075.0,21.08347583460674,21.57085618528206,6.612889208534965,21.0,0,-0.5708561852820608,22.36429549332754,20.5,21.5
1076.0,21.080581717281525,21.45524781013101,6.613920624287604,21.0,1,-0.45524781013100935,20.299164058620494,20.5,21.5
1077.0,21.097688385062927,21.513631034942083,6.6149508109694795,21.0,0,-0.5136310349420832,22.09746328305282,20.5,21.5
1078.0,21.094791837548108,21.50506120443722,6.615979767796061,21.0,0,-0.5050612044372187,21.419362899388574,20.5,21.5
1079.0,21.09189607513416,21.461376775797614,6.617007493983752,21.0,0,-0.46137677579761416,21.02453248940157,20.5,21.5
1080.0,21.089001097417928,21.39962426605645,6.618033988749895,21.0,0,-0.3996242660564491,20.7820991686448,20.5,21.5
1081.0,21.086106903996193,21.458181572823833,6.619059251312769,21.0,0,-0.45818157282383254,22.043754640497667,20.5,21.5
1082.0,21.083213494465657,21.486649818616264,6.620083280891592,21.0,0,-0.48664981861626444,21.771332276540583,20.5,21.5
1083.0,21.08032086842294,21.43080141152053,6.621106076706521,21.0,0,-0.4308014115205303,20.87231734056319,20.5,21.5
1084.0,21.077429025464596,21.484081568075688,6.622127637978653,21.0,0,-0.4840815680756876,22.01688313362726,20.5,21.5
1085.0,21.074537965187098,21.483646811537287,6.623147963930025,21.0,0,-0.4836468115372874,21.479299246153285,20.5,21.5
1086.0,21.071647687186847,21.46590034500171,6.624167053783612,21.0,0,-0.4659003450017103,21.28843567964594,20.5,21.5
1087.0,21.068758191060166,21.317083605876363,6.6251849067633355,21.0,1,-0.31708360587636264,19.828916214622886,20.5,21.5
1088.0,21.085869476403307,21.188622970423836,6.626201522094055,21.0,1,-0.18862297042383602,19.90401661589857,20.5,21.5
1089.0,21.102977542812447,21.190046966432476,6.627216899001574,21.0,1,-0.19004696643247598,21.204286926518876,20.5,21.5
1090.0,21.120082390683685,21.16648165764494,6.628231036712639,21.0,1,-0.16648165764494038,20.930828569769584,20.5,21.5
1091.0,21.13718402041289,21.23504142266257,6.629243934454938,21.0,0,-0.23504142266256878,21.920639072838853,20.5,21.5
1092.0,21.134282432395697,21.36999478546798,6.630255591457108,21.0,0,-0.3699947854679806,22.7195284135221,20.5,21.5
1093.0,21.13138162702751,21.505648692264273,6.631266006948728,21.0,0,-0.5056486922642733,22.8621877602272,20.5,21.5
1094.0,21.12848160390349,21.472058613370656,6.63227518016032,21.0,0,-0.47205861337065613,21.136157824434484,20.5,21.5
1095.0,21.125582362618744,21.44604932077367,6.633283110323358,21.0,0,-0.4460493207736711,21.18595639480382,20.5,21.5
1096.0,21.122683902768284,21.369775525846443,6.634289796670257,21.0,0,-0.3697755258464426,20.607037576574157,20.5,21.5
1097.0,21.119786223947063,21.29442718520471,6.635295238434383,21.0,0,-0.2944271852047109,20.540943778787394,20.5,21.5
1098.0,21.11688932574996,21.25014957590746,6.636299434850047,21.0,0,-0.2501495759074608,20.80737348293496,20.5,21.5
1099.0,21.113993207771777,21.254173737675796,6.637302385152511,21.0,0,-0.25417373767579576,21.294415355359146,20.5,21.5
1100.0,21.111097869607253,21.353409092272837,6.638304088577984,21.0,0,-0.35340909227283746,22.345762638243254,20.5,21.5
1101.0,21.108203310851046,21.34570072014641,6.639304544363625,21.0,0,-0.34570072014641084,21.268616998882145,20.5,21.5
1102.0,21.10530953109775,21.452954544222823,6.640303751747544,21.0,0,-0.45295454422282333,22.525492784986948,20.5,21.5
1103.0,21.10241652994188,21.532510388911795,6.641301709968801,21.0,0,-0.5325103889117955,22.328068835801517,20.5,21.5
1104.0,21.099524306977887,21.513202266973206,6.6422984182674085,21.0,0,-0.5132022669732059,21.32012104758731,20.5,21.5
1105.0,21.096632861800146,21.46455174102154,6.643293875884327,21.0,0,-0.4645517410215412,20.978046481504894,20.5,21.5
1106.0,21.093742194002964,21.494928097526966,6.6442880820614745,21.0,0,-0.49492809752696587,21.798691662581213,20.5,21.5
1107.0,21.090852303180576,21.462031778371966,6.64528103604172,21.0,0,-0.46203177837196563,21.133068586821963,20.5,21.5
1108.0,21.087963188927148,21.404695998909226,6.646272737068884,21.0,0,-0.4046959989092258,20.831338204281828,20.5,21.5
1109.0,21.085074850836776,21.523369623545005,6.647263184387744,21.0,0,-0.5233696235450047,22.710105869902794,20.5,21.5
1110.0,21.082187288503487,21.422748843107694,6.648252377244031,21.0,1,-0.4227488431076942,20.41654103873459,20.5,21.5
1111.0,21.099300501521235,21.43289499807222,6.649240314884432,21.0,0,-0.4328949980722214,21.534356547717493,20.5,21.5
1112.0,21.096410489483908,21.38097086074722,6.65022699655659,21.0,0,-0.38097086074721886,20.861729487497193,20.5,21.5
1113.0,21.093521252785322,21.42232743285023,6.651212421509103,21.0,0,-0.42232743285023133,21.835893153880356,20.5,21.5
1114.0,21.09063279101907,21.395403319188244,6.6521965889915275,21.0,0,-0.3954033191882438,21.12616218256837,20.5,21.5
1115.0,21.087745103778662,21.504630732928163,6.653179498254377,21.0,0,-0.5046307329281632,22.596904870327357,20.5,21.5
1116.0,21.084858190657556,21.42581018027851,6.654161148549123,21.0,0,-0.4258101802785106,20.637604653781985,20.5,21.5
1117.0,21.081972051249135,21.49110861350985,6.655141539128198,21.0,0,-0.49110861350985147,22.14409294582326,20.5,21.5
1118.0,21.07908668514671,21.47251076621713,6.656120669244989,21.0,0,-0.4725107662171304,21.28653229328992,20.5,21.5
1119.0,21.07620209194353,21.440390605302298,6.657098538153847,21.0,0,-0.4403906053022979,21.119188996153973,20.5,21.5
1120.0,21.073318271232772,21.46713603381002,6.658075145110083,21.0,0,-0.46713603381002144,21.734590318887257,20.5,21.5
1121.0,21.070435222607546,21.498458118674254,6.659050489369968,21.0,0,-0.4984581186742538,21.811678967316578,20.5,21.5
1122.0,21.0675529456609,21.434523641058142,6.6600245701907355,21.0,0,-0.4345236410581421,20.795178864897025,20.5,21.5
1123.0,21.064671439985805,21.370589163442027,6.660997386830578,21.0,0,-0.37058916344202686,20.731244387280874,20.5,21.5
1124.0,21.061790705175174,21.352822874548966,6.6619689385486565,21.0,0,-0.3528228745489663,21.17515998561836,20.5,21.5
1125.0,21.058910740821847,21.281601246266735,6.662939224605091,21.0,0,-0.2816012462667352,20.569384963444424,20.5,21.5
1126.0,21.056031546518604,21.345405052441926,6.663908244260965,21.0,0,-0.3454050524419259,21.983443114193832,20.5,21.5
1127.0,21.053153121858152,21.40071756186095,6.6648759967783295,21.0,0,-0.40071756186095087,21.9538426560512,20.5,21.5
1128.0,21.050275466433135,21.462169782491422,6.665842481420199,21.0,0,-0.46216978249142215,22.076691988796135,20.5,21.5
1129.0,21.04739857983613,21.390960469124728,6.666807697450553,21.0,0,-0.39096046912472815,20.678867335457788,20.5,21.5
1130.0,21.044522461659653,21.452437682232276,6.667771644134336,21.0,0,-0.45243768223227576,22.067209813307752,20.5,21.5
1131.0,21.041647111496147,21.362466001057083,6.668734320737463,21.0,1,-0.3624660010570828,20.462749189305153,20.5,21.5
1132.0,21.058772528937997,21.297189751001635,6.669695726526813,21.0,1,-0.29718975100163547,20.644427250447162,20.5,21.5
1133.0,21.075894713577515,21.323662153763138,6.670655860770234,21.0,0,-0.3236621537631379,21.588386181378162,20.5,21.5
1134.0,21.073013665806954,21.398867747209387,6.671614722736541,21.0,0,-0.3988677472093869,22.150923681671877,20.5,21.5
1135.0,21.07013338601834,21.34328749636466,6.672572311695519,21.0,0,-0.3432874963646597,20.787484987917388,20.5,21.5
1136.0,21.067253873803477,21.392113399525737,6.673528626917923,21.0,0,-0.3921133995257371,21.88037243113651,20.5,21.5
1137.0,21.0643751287541,21.454923099287733,6.674483667675478,21.0,0,-0.45492309928773267,22.08302009690769,20.5,21.5
1138.0,21.061497150461886,21.382880052715112,6.6754374332408775,21.0,0,-0.3828800527151124,20.66244958698891,20.5,21.5
1139.0,21.05861993851844,21.307222895875082,6.676389922887788,21.0,0,-0.307222895875082,20.550651327474778,20.5,21.5
1140.0,21.055743492515315,21.32914587900264,6.677341135890848,21.0,0,-0.32914587900263825,21.5483757102782,20.5,21.5
1141.0,21.052867812043992,21.32097483681476,6.678291071525667,21.0,0,-0.32097483681475936,21.23926441493597,20.5,21.5
1142.0,21.049992896695887,21.313035785060315,6.679239729068827,21.0,0,-0.3130357850603147,21.23364526751587,20.5,21.5
1143.0,21.047118746062363,21.298592911900258,6.680187107797884,21.0,0,-0.2985929119002577,21.154164180299688,20.5,21.5
1144.0,21.04424535973471,21.332769320903857,6.681133206991369,21.0,0,-0.33276932090385714,21.67453341093985,20.5,21.5
1145.0,21.04137273730416,21.284576576183166,6.682078025928785,21.0,0,-0.28457657618316645,20.80264912897626,20.5,21.5
1146.0,21.038500878361887,21.29079109107705,6.6830215638906125,21.0,0,-0.29079109107705037,21.35293624001589,20.5,21.5
1147.0,21.035629782498994,21.328743417249765,6.683963820158306,21.0,0,-0.32874341724976475,21.70826667897691,20.5,21.5
1148.0,21.032759449306525,21.38040608835582,6.684904794014296,21.0,0,-0.38040608835581935,21.897032799416365,20.5,21.5
1149.0,21.029889878375467,21.313414780697105,6.685844484741989,21.0,0,-0.31341478069710504,20.643501704109962,20.5,21.5
1150.0,21.02702106929674,21.321801329082223,6.686782891625771,21.0,0,-0.3218013290822235,21.405666812933408,20.5,21.5
1151.0,21.024153021661206,21.303210067285885,6.687720013951005,21.0,0,-0.3032100672858853,21.117297449322503,20.5,21.5
1152.0,21.021285735059664,21.243581800980696,6.688655851004031,21.0,0,-0.24358180098069582,20.6472991379288,20.5,21.5
1153.0,21.018419209082854,21.26335640766098,6.689590402072167,21.0,0,-0.2633564076609787,21.461102474463807,20.5,21.5
1154.0,21.01555344332145,21.351956947992484,6.690523666443712,21.0,0,-0.351956947992484,22.237962351307537,20.5,21.5
1155.0,21.012688437366076,21.35704267635638,6.691455643407947,21.0,0,-0.35704267635637876,21.407899959995326,20.5,21.5
1156.0,21.009824190807286,21.360014539662604,6.692386332255128,21.0,0,-0.360014539662604,21.389733172724856,20.5,21.5
1157.0,21.006960703235578,21.393915241218576,6.693315732276497,21.0,0,-0.3939152412185756,21.73292225677829,20.5,21.5
1158.0,21.004097974241386,21.297261300450604,6.6942438427642745,21.0,1,-0.2972613004506037,20.330721892770885,20.5,21.5
1159.0,21.02123600341509,21.217731551861664,6.695170663011664,21.0,1,-0.21773155186166449,20.422434065972272,20.5,21.5
1160.0,21.03837079034701,21.25519131890986,6.696096192312852,21.0,0,-0.25519131890985847,21.6297889893918,20.5,21.5
1161.0,21.035502335427402,21.331487796997948,6.697020429963008,21.0,0,-0.3314877969979477,22.09445257787884,20.5,21.5
1162.0,21.03263463904631,21.33120069532265,6.697943375258283,21.0,0,-0.33120069532265006,21.328329678569673,20.5,21.5
1163.0,21.029767700793553,21.41286191644131,6.698865027495816,21.0,0,-0.41286191644131165,22.229474127627928,20.5,21.5
1164.0,21.026901520258892,21.49401902698316,6.699785385973728,21.0,0,-0.49401902698316036,22.305590132401647,20.5,21.5
1165.0,21.024036097032035,21.433168928616304,6.700704449991125,21.0,0,-0.43316892861630407,20.82466794494774,20.5,21.5
1166.0,21.021171430702626,21.265033892641828,6.701622218848103,21.0,1,-0.26503389264182786,19.583683532897066,20.5,21.5
1167.0,21.038307520860254,21.248880137398025,6.702538691845737,21.0,1,-0.24888013739802517,21.08734258496,20.5,21.5
1168.0,21.05544036709445,21.24154198645546,6.703453868286095,21.0,1,-0.24154198645545932,21.1681604770298,20.5,21.5
1169.0,21.07256996979469,21.283869070551493,6.704367747472231,21.0,0,-0.2838690705514928,21.707139911511828,20.5,21.5
1170.0,21.069696329350226,21.29053604793456,6.705280328708184,21.0,0,-0.2905360479345589,21.35720582176522,20.5,21.5
1171.0,21.066823446150096,21.41479471071405,6.706191611298986,21.0,0,-0.4147947107140517,22.65738133850898,20.5,21.5
1172.0,21.063951319783126,21.36674080175946,6.707101594550655,21.0,0,-0.3667408017594589,20.88620171221353,20.5,21.5
1173.0,21.061079949838078,21.31069393099669,6.708010277770198,21.0,0,-0.3106939309966883,20.750225223368982,20.5,21.5
1174.0,21.058209335903666,21.241872919327584,6.708917660265615,21.0,0,-0.2418729193275837,20.553662802636538,20.5,21.5
1175.0,21.055339477568538,21.295619904736007,6.709823741345893,21.0,0,-0.2956199047360073,21.833089758820243,20.5,21.5
1176.0,21.052470374421294,21.203099186288036,6.710728520321013,21.0,1,-0.20309918628803558,20.27789200180832,20.5,21.5
1177.0,21.06960202605047,21.25581373382032,6.711631996501946,21.0,0,-0.2558137338203217,21.782959209143183,20.5,21.5
1178.0,21.06673043204456,21.248018278905146,6.712534169200657,21.0,0,-0.24801827890514616,21.17006372975339,20.5,21.5
1179.0,21.063859592791992,21.33162205759072,6.713435037730099,21.0,0,-0.33162205759072094,22.16765984444647,20.5,21.5
1180.0,21.06098950788098,21.35661811442666,6.714334601404225,21.0,0,-0.35661811442665936,21.606578682786044,20.5,21.5
1181.0,21.058120176899685,21.38599652950493,6.715232859537975,21.0,0,-0.38599652950492924,21.679780680287628,20.5,21.5
1182.0,21.05525159943621,21.382994077753686,6.716129811447289,21.0,0,-0.3829940777536862,21.352969560241256,20.5,21.5
1183.0,21.052383775078614,21.43059983698914,6.717025456449098,21.0,0,-0.4305998369891384,21.90665742934366,20.5,21.5
1184.0,21.049516703414888,21.319755269882712,6.717919793861329,21.0,1,-0.3197552698827124,20.211309598818453,20.5,21.5
1185.0,21.06665038403298,21.253047959424272,6.718812823002906,21.0,1,-0.25304795942427205,20.58597485483987,20.5,21.5
1186.0,21.083780816520772,21.278099552901033,6.719704543193747,21.0,0,-0.2780995529010326,21.528615487668638,20.5,21.5
1187.0,21.080908001266106,21.315556234253023,6.72059495375477,21.0,0,-0.31555623425302315,21.69012304777293,20.5,21.5
1188.0,21.078035938656605,21.305042087447568,6.721484054007887,21.0,0,-0.30504208744756767,21.199900619393013,20.5,21.5
1189.0,21.075164628279676,21.29551170033198,6.722371843276012,21.0,0,-0.2955117003319785,21.200207829176087,20.5,21.5
1190.0,21.072294069722677,21.33616331956647,6.723258320883051,21.0,0,-0.33616331956647016,21.742679511911387,20.5,21.5
1191.0,21.06942426257291,21.377627011848023,6.724143486153917,21.0,0,-0.3776270118480234,21.792263934663556,20.5,21.5
1192.0,21.066555206417625,21.356824024142462,6.725027338414515,21.0,0,-0.35682402414246184,21.148794147086846,20.5,21.5
1193.0,21.063686900844026,21.36462083055725,6.7259098769917545,21.0,0,-0.36462083055725003,21.442588894705132,20.5,21.5
1194.0,21.060819345439256,21.428352625307944,6.726791101213543,21.0,0,-0.4283526253079444,22.065670572814888,20.5,21.5
1195.0,21.05795253979041,21.412434162900627,6.727671010408791,21.0,0,-0.4124341629006274,21.253249538827458,20.5,21.5
1196.0,21.055086483484533,21.373577151540154,6.7285496039074095,21.0,0,-0.3735771515401538,20.985007037935418,20.5,21.5
1197.0,21.052221176108617,21.32591577249263,6.72942688104031,21.0,0,-0.32591577249262826,20.849301982017373,20.5,21.5
1198.0,21.049356617249604,21.35101808510291,6.730302841139409,21.0,0,-0.3510180851029112,21.60204121120574,20.5,21.5
1199.0,21.04649280649438,21.344625185963988,6.731177483537624,21.0,0,-0.34462518596398795,21.280696194574755,20.5,21.5
1200.0,21.04362974342979,21.319988862949486,-3.2679491924311233,21.0,0,-0.3199888629494865,21.07362563280447,20.5,21.5
1201.0,21.038767427642618,21.42010429183813,-3.267077187431906,21.0,0,-0.42010429183812903,22.421258580724555,20.5,21.5
1202.0,21.033906258719604,21.395461243226965,-3.266206502128794,21.0,0,-0.39546124322696485,21.149030757115323,20.5,21.5
1203.0,21.029046236167435,21.384074925676767,-3.2653371371848543,21.0,0,-0.38407492567676726,21.27021175017479,20.5,21.5
1204.0,21.024187359492764,21.360433826800524,-3.264469093262143,21.0,0,-0.3604338268005236,21.124022838038087,20.5,21.5
1205.0,21.019329628202215,21.36463855709857,-3.2636023710217152,21.0,0,-0.3646385570985693,21.406685860079026,20.5,21.5
1206.0,21.01447304180237,21.294913372617547,-3.2627369711236174,21.0,0,-0.2949133726175468,20.597661527807322,20.5,21.5
1207.0,21.009617599799782,21.356188399627502,-3.2618728942268893,21.0,0,-0.35618839962750215,21.968938669727056,20.5,21.5
1208.0,21.004763301700976,21.367964085634043,-3.261010140989562,21.0,0,-0.3679640856340427,21.48572094569945,20.5,21.5
1209.0,20.99991014701244,21.369811998776665,-3.260148712068661,21.0,0,-0.36981199877666526,21.38829113020289,20.5,21.5
1210.0,20.995058135240622,21.393953842161135,-3.259288608120201,21.0,0,-0.39395384216113527,21.635372276005835,20.5,21.5
1211.0,20.99020726589195,21.416490546244674,-3.258429829799189,21.0,0,-0.41649054624467396,21.64185758708006,20.5,21.5
1212.0,20.98535753847281,21.409902013053095,-3.2575723777596215,21.0,0,-0.40990201305309526,21.344016681137308,20.5,21.5
1213.0,20.980508952489565,21.378670058349876,-3.2567162526544857,21.0,0,-0.37867005834987566,21.06635051131768,20.5,21.5
1214.0,20.975661507448535,21.333235421208077,-3.2558614551357588,21.0,0,-0.3332354212080766,20.878889049790086,20.5,21.5
1215.0,20.97081520285602,21.297971432805852,-3.255007985854406,21.0,0,-0.29797143280585203,20.945331548783606,20.5,21.5
1216.0,20.965970038218277,21.300993924457313,-3.2541558454603807,21.0,0,-0.30099392445731254,21.331218840971918,20.5,21.5
1217.0,20.96112601304154,21.27616755042045,-3.2533050346026258,21.0,0,-0.2761675504204497,21.02790381005182,20.5,21.5
1218.0,20.956283126832012,21.23351169715216,-3.252455553929069,21.0,0,-0.23351169715216002,20.806953164469263,20.5,21.5
1219.0,20.95144137909586,21.352874295911363,-3.25160740408663,21.0,0,-0.3528742959113629,22.54650028350339,20.5,21.5
1220.0,20.946600769339224,21.32187343787521,-3.250760585721208,21.0,0,-0.3218734378752117,21.0118648575137,20.5,21.5
1221.0,20.94176129706821,21.26092047437653,-3.249915099477695,21.0,0,-0.26092047437652965,20.65139083938971,20.5,21.5
1222.0,20.936922961788902,21.24192241450982,-3.2490709459999643,21.0,0,-0.2419224145098191,21.051941815842714,20.5,21.5
1223.0,20.932085763007343,21.274963080026,-3.2482281259308756,21.0,0,-0.27496308002600145,21.605369735187825,20.5,21.5
1224.0,20.927249700229556,21.23601369239451,-3.247386639912273,21.0,0,-0.2360136923945113,20.84651981607961,20.5,21.5
1225.0,20.922414772961528,21.275563434886774,-3.2465464885849844,21.0,0,-0.2755634348867737,21.671060859809398,20.5,21.5
1226.0,20.917580980709218,21.27454653017862,-3.2457076725888223,21.0,0,-0.2745465301786183,21.264377483097064,20.5,21.5
1227.0,20.91274832297856,21.248165172850932,-3.2448701925625816,21.0,0,-0.24816517285093198,20.98435159957407,20.5,21.5
1228.0,20.90791679927545,21.193535932424965,-3.244034049144039,21.0,0,-0.19353593242496459,20.64724352816529,20.5,21.5
1229.0,20.903086409105768,21.17683023605661,-3.243199242969954,21.0,0,-0.17683023605660964,21.00977327237306,20.5,21.5
1230.0,20.898257151975354,21.14976493241225,-3.2423657746760695,21.0,0,-0.14976493241224986,20.879111895968652,20.5,21.5
1231.0,20.893429027390024,21.14083602380445,-3.241533644897106,21.0,0,-0.14083602380445015,21.051546937726453,20.5,21.5
1232.0,20.888602034855566,21.138746610560982,-3.2407028542667673,21.0,0,-0.13874661056098248,21.117852478126306,20.5,21.5
1233.0,20.88377617387774,21.200664473514824,-3.239873403417736,21.0,0,-0.20066447351482353,21.819843103053234,20.5,21.5
1234.0,20.878951443962283,21.180978822333092,-3.239045292981676,21.0,0,-0.18097882233309193,20.984122310515776,20.5,21.5
1235.0,20.874127844614893,21.19807063955914,-3.2382185235892287,21.0,0,-0.19807063955914117,21.368988811819634,20.5,21.5
1236.0,20.869305375341252,21.165688180311896,-3.237393095870016,21.0,0,-0.16568818031189636,20.84186358783945,20.5,21.5
1237.0,20.86448403564701,21.17577606145598,-3.2365690104526355,21.0,0,-0.17577606145598068,21.276654872896824,20.5,21.5
1238.0,20.85966382503779,21.12762229701305,-3.2357462679646645,21.0,0,-0.12762229701305117,20.646084652583756,20.5,21.5
1239.0,20.85484474301919,21.01959201133854,-3.2349248690326577,21.0,1,-0.019592011338538384,19.93928915459341,20.5,21.5
1240.0,20.87002678909678,21.040482907253573,-3.234104814282146,21.0,1,-0.04048290725357262,21.249391866403915,20.5,21.5
1241.0,20.885205962776105,21.02776928780963,-3.233286104337637,21.0,1,-0.027769287809629617,20.9006330933702,20.5,21.5
1242.0,20.900382264362683,21.096221590580008,-3.232468739822613,21.0,0,-0.0962215905800079,21.78074461828379,20.5,21.5
1243.0,20.895555694161846,21.14755511810004,-3.2316527213595334,21.0,0,-0.14755511810004052,21.660890393300367,20.5,21.5
1244.0,20.890730252478743,21.175628540441007,-3.230838049569832,21.0,0,-0.17562854044100717,21.456362763850674,20.5,21.5
1245.0,20.885905938818333,21.08014823605788,-3.2300247250739167,21.0,1,-0.08014823605788024,20.12534519222661,20.5,21.5
1246.0,20.901082752685554,21.10504786998467,-3.229212748491168,21.0,1,-0.10504786998466997,21.354044209252567,20.5,21.5
1247.0,20.916256693585318,21.071322341638812,-3.2284021204399433,21.0,1,-0.07132234163881179,20.73406705818023,20.5,21.5
1248.0,20.931427761822512,21.071986734814068,-3.2275928415375708,21.0,1,-0.07198673481406814,21.07863066656663,20.5,21.5
1249.0,20.94659595770184,21.157621838350074,-3.2267849124003503,21.0,0,-0.15762183835007448,22.013972873710138,20.5,21.5
1250.0,20.94176128152782,21.30862704865323,-3.225978333643557,21.0,0,-0.30862704865322854,22.81867915168477,20.5,21.5
1251.0,20.936927733604787,21.301512049717694,-3.2251731058814332,21.0,0,-0.30151204971769374,21.230362060362346,20.5,21.5
1252.0,20.93209531343689,21.30606624563401,-3.2243692297271975,21.0,0,-0.3060662456340104,21.351608204797177,20.5,21.5
1253.0,20.927264020528256,21.278185090709307,-3.2235667057930346,21.0,0,-0.2781850907093073,20.999373541462276,20.5,21.5
1254.0,20.92243385438299,21.277673341434287,-3.2227655346901027,21.0,0,-0.2776733414342871,21.272555848684085,20.5,21.5
1255.0,20.917604814505175,21.211405201449512,-3.221965717028527,21.0,0,-0.21140520144951225,20.548723801601763,20.5,21.5
1256.0,20.912776900398867,21.238638939825186,-3.2211672534174047,21.0,0,-0.23863893982518647,21.51097632358193,20.5,21.5
1257.0,20.907950111568105,21.226704812084204,-3.2203701444648,21.0,0,-0.22670481208420412,21.10736353467438,20.5,21.5
1258.0,20.9031244475169,21.246259421739666,-3.2195743907777468,21.0,0,-0.24625942173966564,21.44180551829428,20.5,21.5
1259.0,20.89829990774924,21.176392027643963,-3.2187799929622454,21.0,1,-0.17639202764396344,20.47771808668694,20.5,21.5
1260.0,20.9134764917691,21.1662555207835,-3.2179869516232644,21.0,1,-0.16625552078350125,21.06489045217888,20.5,21.5
1261.0,20.928650199080423,21.10962127610106,-3.2171952673647395,21.0,1,-0.1096212761010591,20.543278829276638,20.5,21.5
1262.0,20.943821029987134,21.056334872159418,-3.2164049407895723,21.0,1,-0.056334872159418126,20.52347083274301,20.5,21.5
1263.0,20.958988984792978,21.03208381133326,-3.2156159724996307,21.0,1,-0.03208381133325844,20.78957320307166,20.5,21.5
1264.0,20.974154063801517,21.017928773785318,-3.214828363095749,21.0,1,-0.017928773785317986,20.876378398305913,20.5,21.5
1265.0,20.989316267316138,21.004360306913263,-3.214042113177726,21.0,1,-0.004360306913262946,20.868675638192713,20.5,21.5
1266.0,21.004475595640038,21.08459655772689,-3.213257223344325,21.0,0,-0.0845965577268899,21.88695906586316,20.5,21.5
1267.0,20.99963204907624,21.105871973600205,-3.2124736941932737,21.0,0,-0.1058719736002054,21.31862613233336,20.5,21.5
1268.0,20.994789627927585,21.118065214083163,-3.211691526321264,21.0,0,-0.11806521408316328,21.239997618912742,20.5,21.5
1269.0,20.989948331696734,21.158673806327126,-3.21091072032395,21.0,0,-0.15867380632712624,21.564759728766756,20.5,21.5
1270.0,20.98510815988633,21.190803867436056,-3.2101312767959502,21.0,0,-0.19080386743605615,21.512104478525355,20.5,21.5
1271.0,20.980269111998993,21.175036702693028,-3.209353196330844,21.0,0,-0.17503670269302773,21.017365055262744,20.5,21.5
1272.0,20.97543118753733,21.268586317339572,-3.2085764795211738,21.0,0,-0.2685863173395724,22.20408246380502,20.5,21.5
1273.0,20.970594386003917,21.24811192534572,-3.2078011269584445,21.0,0,-0.24811192534572157,21.043368005407213,20.5,21.5
1274.0,20.965758706901326,21.267378080707427,-3.2070271392331193,21.0,0,-0.2673780807074273,21.460039634324485,20.5,21.5
1275.0,20.9609241497321,21.253905580949283,-3.2062545169346235,21.0,0,-0.25390558094928295,21.11918058336784,20.5,21.5
1276.0,20.95609071399877,21.2994698667966,-3.2054832606513433,21.0,0,-0.29946986679659915,21.75511272526976,20.5,21.5
1277.0,20.95125839920384,21.25725727211093,-3.204713370970623,21.0,0,-0.2572572721109303,20.835131325254242,20.5,21.5
1278.0,20.946427204849805,21.300287942662017,-3.203944848478769,21.0,0,-0.30028794266201686,21.730594648172882,20.5,21.5
1279.0,20.94159713043914,21.24641167224943,-3.2031776937610426,21.0,0,-0.24641167224942961,20.707648968123557,20.5,21.5
1280.0,20.9367681754743,21.270364630287766,-3.2024119074016664,21.0,0,-0.2703646302877658,21.509894210671128,20.5,21.5
1281.0,20.931940339457725,21.271818285608212,-3.201647489983819,21.0,0,-0.2718182856082123,21.286354838812677,20.5,21.5
1282.0,20.927113621891838,21.25289083582292,-3.200884442089639,21.0,0,-0.25289083582292093,21.063616337970007,20.5,21.5
1283.0,20.92228802227904,21.213402309797267,-3.20012276430022,21.0,0,-0.21340230979726726,20.81851704954073,20.5,21.5
1284.0,20.917463540121727,21.28931953523508,-3.1993624571956127,21.0,0,-0.28931953523508014,22.04849178961321,20.5,21.5
1285.0,20.912640174922263,21.31498582952988,-3.1986035213548245,21.0,0,-0.3149858295298813,21.571648772477893,20.5,21.5
1286.0,20.907817926183007,21.215497377371847,-3.197845957355817,21.0,1,-0.2154973773718467,20.2206128557915,20.5,21.5
1287.0,20.9229967934063,21.222095262997694,-3.197089765775509,21.0,1,-0.22209526299769422,21.28807411925617,20.5,21.5
1288.0,20.93817277609446,21.27567506702371,-3.196334947189772,21.0,0,-0.2756750670237089,21.811473107283856,20.5,21.5
1289.0,20.933345874549804,21.296507649285946,-3.195581502173436,21.0,0,-0.296507649285946,21.504833471908317,20.5,21.5
1290.0,20.92852008907446,21.22899665229567,-3.1948294313002794,21.0,0,-0.22899665229567034,20.553886682392914,20.5,21.5
1291.0,20.923695419170386,21.166262272189698,-3.1940787351430373,21.0,0,-0.16626227218969802,20.538918471129975,20.5,21.5
1292.0,20.918871864339522,21.215762959412313,-3.193329414273398,21.0,0,-0.21576295941231294,21.710769831638462,20.5,21.5
1293.0,20.9140494240838,21.130305861701125,-3.192581469262003,21.0,1,-0.13030586170112457,20.27573488458924,20.5,21.5
1294.0,20.92922809790513,21.190160642249772,-3.191834900678444,21.0,0,-0.19016064224977214,21.788708447736248,20.5,21.5
1295.0,20.924403885305413,21.22018531655346,-3.1910897090912638,21.0,0,-0.22018531655346152,21.520432059590355,20.5,21.5
1296.0,20.919580786586533,21.296668857761965,-3.190345895067961,21.0,0,-0.29666885776196494,22.061504269847,20.5,21.5
1297.0,20.9147588012502,21.22732196393351,-3.1896034591749807,21.0,0,-0.2273219639335089,20.53385302564895,20.5,21.5
1298.0,20.909937928798115,21.265894184273556,-3.1888624019777208,21.0,0,-0.2658941842735558,21.651616387674025,20.5,21.5
1299.0,20.90511816873196,21.110890067292157,-3.1881227240405288,21.0,1,-0.11089006729215711,19.56084889747817,20.5,21.5
1300.0,20.920299520553407,21.08871027545602,-3.1873844259267,21.0,1,-0.08871027545601962,20.866912357094645,20.5,21.5
1301.0,20.93547798376411,21.16651208306066,-3.186647508198482,21.0,0,-0.16651208306065968,21.94453015910706,20.5,21.5
1302.0,20.930653558665718,21.1528143741369,-3.1859119714170703,21.0,0,-0.15281437413689858,21.015837284899288,20.5,21.5
1303.0,20.925830245559702,21.140376192042442,-3.1851778161426063,21.0,0,-0.14037619204244223,21.01599437109788,20.5,21.5
1304.0,20.92100804394736,21.17369428827836,-3.1844450429341826,21.0,0,-0.17369428827835875,21.506875250637524,20.5,21.5
1305.0,20.916186953329984,21.104327621503,-3.1837136523498373,21.0,1,-0.10432762150299979,20.41066095374941,20.5,21.5
1306.0,20.93136697320885,21.062107588068564,-3.1829836449465567,21.0,1,-0.06210758806856376,20.639907253724203,20.5,21.5
1307.0,20.94654410308522,21.11896365140056,-3.1822550212802723,21.0,0,-0.1189636514005592,21.687524284720514,20.5,21.5
1308.0,20.941718343260348,21.204456073178154,-3.1815277819058627,21.0,0,-0.20445607317815373,22.0593802909541,20.5,21.5
1309.0,20.936893694035316,21.234678337560222,-3.1808019273771535,21.0,0,-0.23467833756022216,21.536900981380906,20.5,21.5
1310.0,20.932070154911035,21.28469718434354,-3.180077458246913,21.0,0,-0.2846971843435391,21.78488565217671,20.5,21.5
1311.0,20.9272477253884,21.302507478167005,-3.1793543750668576,21.0,0,-0.30250747816700496,21.480610416401664,20.5,21.5
1312.0,20.92242640496831,21.278522257593032,-3.178632678387646,21.0,0,-0.27852225759303195,21.038670051853302,20.5,21.5
1313.0,20.917606193151638,21.212289846607725,-3.1779123687588804,21.0,0,-0.21228984660772454,20.54996573675465,20.5,21.5
1314.0,20.912787089439256,21.292805928700865,-3.1771934467291096,21.0,0,-0.2928059287008651,22.09796674963227,20.5,21.5
1315.0,20.90796909333202,21.287122150316815,-3.176475912845823,21.0,0,-0.2871221503168151,21.230284366476315,20.5,21.5
1316.0,20.903152204330784,21.270638483067433,-3.175759767655454,21.0,0,-0.2706384830674331,21.105801810573613,20.5,21.5
1317.0,20.898336421936385,21.21596683087969,-3.1750450117033786,21.0,0,-0.21596683087969026,20.669250309002262,20.5,21.5
1318.0,20.893521745649657,21.240311406638885,-3.174331645533915,21.0,0,-0.2403114066388845,21.483757164230827,20.5,21.5
1319.0,20.88870817497142,21.196820459743716,-3.1736196696903205,21.0,0,-0.19682045974371576,20.76191099079203,20.5,21.5
1320.0,20.883895709402488,21.19186141670331,-3.1729090847147985,21.0,0,-0.19186141670331125,21.142270986299266,20.5,21.5
1321.0,20.879084348443666,21.242398399211943,-3.1721998911484883,21.0,0,-0.24239839921194317,21.747768224298262,20.5,21.5
1322.0,20.874274091595748,21.334259054697206,-3.1714920895314727,21.0,0,-0.3342590546972062,22.252865609549836,20.5,21.5
1323.0,20.86946493835952,21.299214856675473,-3.1707856804027728,21.0,0,-0.2992148566754729,20.94877287645814,20.5,21.5
1324.0,20.864656888235768,21.241813956244876,-3.1700806643003503,21.0,0,-0.24181395624487578,20.667804951938905,20.5,21.5
1325.0,20.85984994072526,21.254276127553098,-3.1693770417611056,21.0,0,-0.2542761275530978,21.378897840635318,20.5,21.5
1326.0,20.855044095328765,21.186998720220288,-3.1686748133208784,21.0,0,-0.18699872022028785,20.51422464689219,20.5,21.5
1327.0,20.850239351547035,21.152556966232048,-3.1679739795144446,21.0,0,-0.15255696623204784,20.808139426349648,20.5,21.5
1328.0,20.845435708880824,21.094813800728815,-3.167274540875521,21.0,0,-0.09481380072881507,20.517382145696487,20.5,21.5
1329.0,20.840633166830873,21.041677499957267,-3.1665764979367594,21.0,0,-0.04167749995726666,20.510314492241783,20.5,21.5
1330.0,20.83583172489792,21.01189219005419,-3.165879851229752,21.0,0,-0.011892190054190621,20.71403909102343,20.5,21.5
1331.0,20.831031382582694,21.05608236440878,-3.1651846012850235,21.0,0,-0.05608236440878045,21.49798410795468,20.5,21.5
1332.0,20.82623213938592,21.01617255586143,-3.164490748632038,21.0,0,-0.016172555861430737,20.617074470387934,20.5,21.5
1333.0,20.821433994808316,21.007941454955915,-3.1637982937991938,21.0,0,-0.007941454955915361,20.92563044590076,20.5,21.5
1334.0,20.816636948350595,21.040235374113117,-3.1631072373138256,21.0,0,-0.04023537411311651,21.363174565685128,20.5,21.5
1335.0,20.811840999513464,21.095404320907374,-3.162417579702204,21.0,0,-0.09540432090737383,21.647093788849947,20.5,21.5
1336.0,20.80704614779762,21.08448204099108,-3.1617293214895312,21.0,0,-0.08448204099108025,20.975259241828144,20.5,21.5
1337.0,20.802252392703764,21.035515074838877,-3.161042463199948,21.0,0,-0.035515074838876615,20.54584541331684,20.5,21.5
1338.0,20.797459733732584,21.109533914571852,-3.1603570053565253,21.0,0,-0.10953391457185191,21.849722311901605,20.5,21.5
1339.0,20.792668170384765,21.039517791514932,-3.159672948481269,21.0,1,-0.039517791514931844,20.33935656094573,20.5,21.5
1340.0,20.80787770216099,21.066135500147034,-3.158990293095119,21.0,1,-0.06613550014703407,21.332312586468056,20.5,21.5
1341.0,20.82308432856194,21.01112208153043,-3.158309039717947,21.0,1,-0.011122081530430705,20.460987895364397,20.5,21.5
1342.0,20.838288049888284,21.048382880663503,-3.157629188868558,21.0,1,-0.04838288066350316,21.420990871994228,20.5,21.5
1343.0,20.853488866440532,21.067140104734204,-3.1569507410646853,21.0,1,-0.06714010473420373,21.25471234544121,20.5,21.5
1344.0,20.86868677851903,21.189600764481018,-3.156273696822999,21.0,0,-0.1896007644810176,22.414207361949156,20.5,21.5
1345.0,20.863881786423963,21.136013783735503,-3.1555980566590964,21.0,0,-0.13601378373550332,20.60014397628036,20.5,21.5
1346.0,20.859077890455346,21.13275733121238,-3.1549238210875075,21.0,0,-0.13275733121238176,21.100192805981166,20.5,21.5
1347.0,20.85427509011304,21.225253459493025,-3.1542509906216907,21.0,0,-0.22525345949302533,22.15021474229946,20.5,21.5
1348.0,20.849473384896893,21.219173383570663,-3.153579565774038,21.0,0,-0.21917338357066285,21.158372624347038,20.5,21.5
1349.0,20.84467277430676,21.179242012773233,-3.1529095470558666,21.0,0,-0.17924201277323348,20.77992830479894,20.5,21.5
1350.0,20.839873257842484,21.185910997569017,-3.152240934977426,21.0,0,-0.1859109975690174,21.252600845526857,20.5,21.5
1351.0,20.83507483500392,21.149620578768666,-3.151573730047893,21.0,0,-0.14962057876866552,20.786716390765147,20.5,21.5
1352.0,20.83027750529091,21.075167476469396,-3.1509079327753735,21.0,1,-0.07516747646939592,20.3306364534767,20.5,21.5
1353.0,20.845481268203294,21.099555587530773,-3.1502435436669014,21.0,1,-0.09955558753077298,21.343436698144544,20.5,21.5
1354.0,20.86068212324092,21.10533388205311,-3.1495805632284357,21.0,1,-0.10533388205310956,21.163116827276475,20.5,21.5
1355.0,20.875880070703627,21.148751317890515,-3.1489189919648677,21.0,0,-0.14875131789051466,21.582925676264566,20.5,21.5
1356.0,20.87107511089109,21.226003465915408,-3.1482588303800103,21.0,0,-0.226003465915408,21.99852494616434,20.5,21.5
1357.0,20.866271244102837,21.24266774642883,-3.147600078976607,21.0,0,-0.24266774642882893,21.40931055156304,20.5,21.5
1358.0,20.861468469838222,21.140896810363017,-3.1469427382563255,21.0,1,-0.14089681036301727,20.1231874497049,20.5,21.5
1359.0,20.8766667875966,21.164102024026313,-3.1462868087197586,21.0,1,-0.16410202402631313,21.396154160659272,20.5,21.5
1360.0,20.891862196877337,21.102419755296403,-3.145632290866425,21.0,1,-0.10241975529640257,20.485597067997297,20.5,21.5
1361.0,20.907054697979788,21.1296901858346,-3.14497918519477,21.0,1,-0.12969018583460112,21.402394491216587,20.5,21.5
1362.0,20.922244291203153,21.132467311280852,-3.1443274922021605,21.0,1,-0.13246731128085187,21.16023856574336,20.5,21.5
1363.0,20.93743097684647,21.276823646683034,-3.1436772123848886,21.0,0,-0.2768236466830345,22.72038700070486,20.5,21.5
1364.0,20.932614755208625,21.25087764712743,-3.1430283462381734,21.0,0,-0.25087764712743166,20.991417651571403,20.5,21.5
1365.0,20.927799626588335,21.321481776043225,-3.142380894256151,21.0,0,-0.3214817760432247,22.027523065201155,20.5,21.5
1366.0,20.922985590484167,21.39673308777578,-3.1417348569318877,21.0,0,-0.39673308777577887,22.14924620510132,20.5,21.5
1367.0,20.918172646394684,21.440638903531305,-3.1410902347573675,21.0,0,-0.44063890353130475,21.879697061086564,20.5,21.5
1368.0,20.913360793818452,21.418424182061877,-3.1404470282234973,21.0,0,-0.4184241820618766,21.196276967367595,20.5,21.5
1369.0,20.908550032254045,21.396295056731855,-3.1398052378201076,21.0,0,-0.39629505673185506,21.17500380343164,20.5,21.5
1370.0,20.90374036120003,21.363739563154923,-3.1391648640359513,21.0,0,-0.3637395631549225,21.038184627385597,20.5,21.5
1371.0,20.89893178015498,21.308322926731144,-3.138525907358698,21.0,0,-0.3083229267311438,20.754156562493357,20.5,21.5
1372.0,20.89412428861748,21.29355618795906,-3.137888368274943,21.0,0,-0.2935561879590587,21.145888800238207,20.5,21.5
1373.0,20.8893178860861,21.21974769707918,-3.1372522472702,21.0,1,-0.2197476970791783,20.481662788280374,20.5,21.5
1374.0,20.904512572059428,21.25046078522343,-3.136617544828902,21.0,0,-0.2504607852234315,21.557591666665964,20.5,21.5
1375.0,20.89970434603605,21.224661754687915,-3.1359842614344036,21.0,0,-0.22466175468791505,20.96667144933275,20.5,21.5
1376.0,20.894897208314557,21.28915101256809,-3.135352397568976,21.0,0,-0.28915101256809095,21.93404359136985,20.5,21.5
1377.0,20.890091158393382,21.240659864338134,-3.134721953713812,21.0,0,-0.24065986433813435,20.75574838203857,20.5,21.5
1378.0,20.88528619577096,21.282809784463797,-3.1340929303490217,21.0,0,-0.28280978446379734,21.704308985720427,20.5,21.5
1379.0,20.880482319945735,21.22866957414837,-3.133465327953635,21.0,0,-0.22866957414836975,20.687267470994094,20.5,21.5
1380.0,20.875679530416154,21.256337154563166,-3.1328391470055967,21.0,0,-0.2563371545631661,21.53301295871113,20.5,21.5
1381.0,20.87087782668067,21.167117230887577,-3.1322143879817714,21.0,1,-0.1671172308875768,20.274917994131684,20.5,21.5
1382.0,20.886077208237737,21.228875814136345,-3.1315910513579412,21.0,0,-0.2288758141363445,21.84646164662402,20.5,21.5
1383.0,20.881273674585817,21.224857767394397,-3.130969137608803,21.0,0,-0.224857767394397,21.184677299974922,20.5,21.5
1384.0,20.876471226023376,21.223067310407107,-3.1303486472079713,21.0,0,-0.2230673104071066,21.205162740534202,20.5,21.5
1385.0,20.87166986204873,21.173131130682265,-3.129729580627977,21.0,0,-0.1731311306822647,20.673769333433846,20.5,21.5
1386.0,20.866869582160195,21.130865037729663,-3.129111938340266,21.0,0,-0.13086503772966296,20.708204108203645,20.5,21.5
1387.0,20.862070385856097,21.140663176950124,-3.1284957208151987,21.0,0,-0.14066317695012387,21.238644569154733,20.5,21.5
1388.0,20.857272272634763,21.12424499036055,-3.1278809285220532,21.0,0,-0.12424499036054826,20.960063124464792,20.5,21.5
1389.0,20.852475241994533,21.16403844832361,-3.1272675619290204,21.0,0,-0.16403844832360903,21.561973027954217,20.5,21.5
1390.0,20.84767929343375,21.202615004604752,-3.126655621503205,21.0,0,-0.2026150046047519,21.58838056741618,20.5,21.5
1391.0,20.842884426450762,21.208627052625253,-3.1260451077106257,21.0,0,-0.20862705262525338,21.268747532830268,20.5,21.5
1392.0,20.838090640543932,21.16279214682395,-3.125436021016217,21.0,0,-0.16279214682394993,20.704443088810915,20.5,21.5
1393.0,20.83329793521162,21.114597786443348,-3.1248283618838233,21.0,0,-0.11459778644334762,20.632654182637324,20.5,21.5
1394.0,20.8285063099522,21.050007133353667,-3.1242221307762046,21.0,1,-0.05000713335366669,20.404100602456857,20.5,21.5
1395.0,20.843715764264054,20.965255119508594,-3.1236173281550315,21.0,1,0.034744880491405894,20.11773498105787,20.5,21.5
1396.0,20.85892229764557,20.94787665300039,-3.1230139544808884,21.0,1,0.052123346999611186,20.774091987918336,20.5,21.5
1397.0,20.874125910395144,20.919285341295076,-3.122412010213269,21.0,1,0.08071465870492389,20.63337222424195,20.5,21.5
1398.0,20.88932660281102,20.97478381318374,-3.121811495810582,21.0,0,0.025216186816258812,21.529768532070392,20.5,21.5
1399.0,20.884524375191297,21.00680696724616,-3.121212411730143,21.0,0,-0.006806967246159701,21.327038507870345,20.5,21.5
1400.0,20.879723227833914,21.054169312383493,-3.120614758428183,21.0,0,-0.05416931238349321,21.52779276375683,20.5,21.5
1401.0,20.874923160236662,21.114430762854973,-3.12001853635984,21.0,0,-0.11443076285497256,21.717045267569766,20.5,21.5
1402.0,20.87012417189734,21.109365195105823,-3.1194237459791623,21.0,0,-0.10936519510582343,21.058709517614332,20.5,21.5
1403.0,20.865326262313765,21.152169016968504,-3.1188303877391093,21.0,0,-0.1521690169685037,21.580207235595307,20.5,21.5
1404.0,20.860529430983753,21.237410537927346,-3.118238462091549,21.0,0,-0.2374105379273459,22.089825747515768,20.5,21.5
1405.0,20.855733677405137,21.25247359759656,-3.1176479694872583,21.0,0,-0.2524735975965591,21.40310419428869,20.5,21.5
1406.0,20.85093900107576,21.20099019497041,-3.117058910375924,21.0,0,-0.2009901949704087,20.686156168708905,20.5,21.5
1407.0,20.84614540149347,21.217983436345254,-3.1164712852061394,21.0,0,-0.21798343634525352,21.3879158500937,20.5,21.5
1408.0,20.84135287815613,21.15413749565806,-3.1158850944254066,21.0,0,-0.154137495658059,20.515678088786114,20.5,21.5
1409.0,20.836561430561613,21.081905971994775,-3.115300338480136,21.0,1,-0.08190597199477523,20.359590735361937,20.5,21.5
1410.0,20.851771058207806,21.074508988935563,-3.114717017815643,21.0,1,-0.07450898893556257,21.000539158343436,20.5,21.5
1411.0,20.8669777605926,21.090960580702987,-3.1141351328761537,21.0,1,-0.09096058070298696,21.25547649837723,20.5,21.5
1412.0,20.882181538013906,21.184363081631286,-3.1135546841047983,21.0,0,-0.184363081631286,22.118388090914276,20.5,21.5
1413.0,20.877382390769483,21.267416152551498,-3.1129756719436124,21.0,0,-0.26741615255149753,22.097946861753613,20.5,21.5
1414.0,20.872584319156942,21.37547281127421,-3.112398096833541,21.0,0,-0.3754728112742107,22.456039398501343,20.5,21.5
1415.0,20.867787322673745,21.471197193876304,-3.1118219592144314,21.0,0,-0.47119719387630354,22.42844101989723,20.5,21.5
1416.0,20.862991400817368,21.537554497949024,-3.1112472595250376,21.0,0,-0.5375544979490243,22.201127538676232,20.5,21.5
1417.0,20.8581965530853,21.46677165892404,-3.110673998203019,21.0,0,-0.4667716589240385,20.75894326867418,20.5,21.5
1418.0,20.853402778975042,21.3540668838937,-3.110102175684938,21.0,1,-0.3540668838937009,20.227019133590325,20.5,21.5
1419.0,20.86861007798411,21.282737530104622,-3.1095317924062638,21.0,1,-0.28273753010462244,20.569443992213838,20.5,21.5
1420.0,20.883814449610032,21.22591725497391,-3.108962848801367,21.0,1,-0.22591725497391124,20.6577145036668,20.5,21.5
1421.0,20.89901589415035,21.235088284637392,-3.1083953453035225,21.0,1,-0.23508828463739206,21.3267985812722,20.5,21.5
1422.0,20.914214411902456,21.251845450195475,-3.107829282344909,21.0,1,-0.251845450195475,21.419417105776304,20.5,21.5
1423.0,20.929410003163607,21.30930897838881,-3.107264660356609,21.0,0,-0.30930897838880966,21.883944260322156,20.5,21.5
1424.0,20.924602668230904,21.291818354844075,-3.106701479768607,21.0,0,-0.29181835484407515,21.11691211939673,20.5,21.5
1425.0,20.919796407401304,21.28247730576207,-3.1061397410097893,21.0,0,-0.28247730576207175,21.189066814942038,20.5,21.5
1426.0,20.914991220171622,21.192599305502192,-3.105579444507942,21.0,1,-0.19259930550219195,20.293819302903394,20.5,21.5
1427.0,20.930187106038687,21.163481942106557,-3.105020590689758,21.0,1,-0.1634819421065572,20.87230830815021,20.5,21.5
1428.0,20.945380064499343,21.15264279246232,-3.1044631799808284,21.0,1,-0.15264279246231993,21.044251296019947,20.5,21.5
1429.0,20.960570095850446,21.1425380489835,-3.1039072128056455,21.0,1,-0.14253804898349998,21.0414906141953,20.5,21.5
1430.0,20.975757200388717,21.16614775785621,-3.1033526895876014,21.0,1,-0.1661477578562085,21.402244846583294,20.5,21.5
1431.0,20.99094137841072,21.151648823703987,-3.102799610748991,21.0,1,-0.15164882370398658,21.006659482181767,20.5,21.5
1432.0,21.00612263021289,21.19642186314987,-3.1022479767110074,21.0,0,-0.19642186314986887,21.64415225760869,20.5,21.5
1433.0,21.001300956091505,21.149843501093972,-3.101697787893743,21.0,0,-0.14984350109397226,20.684059880535006,20.5,21.5
1434.0,20.99648035634271,21.12622062238975,-3.101149044716193,21.0,0,-0.12622062238974863,20.889991835347512,20.5,21.5
1435.0,20.991660830462497,21.157191698073426,-3.1006017475962455,21.0,0,-0.1571916980734258,21.466902454910198,20.5,21.5
1436.0,20.986842377946886,21.24234217647672,-3.1000558969506953,21.0,0,-0.2423421764767184,22.093846960509644,20.5,21.5
1437.0,20.982024998291905,21.25871384646038,-3.0995114931952283,21.0,0,-0.2587138464603811,21.422430546297008,20.5,21.5
1438.0,20.977208690993606,21.383813509658268,-3.098968536744433,21.0,0,-0.38381350965826755,22.634810141637132,20.5,21.5
1439.0,20.97239345554806,21.44454787034169,-3.098427028011793,21.0,0,-0.4445478703416903,22.051891477175918,20.5,21.5
1440.0,20.967579291451347,21.42002352053022,-3.0978869674096927,21.0,0,-0.4200235205302185,21.1747800224155,20.5,21.5
1441.0,20.962766198199574,21.399556551272592,-3.0973483553494106,21.0,0,-0.3995565512725925,21.194886858696332,20.5,21.5
1442.0,20.957954175288865,21.313894119178173,-3.0968111922411232,21.0,1,-0.31389411917817256,20.457269798233973,20.5,21.5
1443.0,20.97314322221536,21.225026835402705,-3.0962754784939044,21.0,1,-0.22502683540270496,20.33635399764803,20.5,21.5
1444.0,20.988329338475218,21.21657317343753,-3.095741214515723,21.0,1,-0.21657317343753135,21.132036553785795,20.5,21.5
1445.0,21.00351252436462,21.270549245238044,-3.0952084007134433,21.0,0,-0.270549245238044,21.81030996324317,20.5,21.5
1446.0,20.998692780179603,21.22404074388234,-3.0946770374928274,21.0,0,-0.22404074388234108,20.75895573032531,20.5,21.5
1447.0,20.99387410621607,21.272327974555882,-3.094147125258531,21.0,0,-0.272327974555882,21.75520028129129,20.5,21.5
1448.0,20.989056501969774,21.282875530060686,-3.093618664414106,21.0,0,-0.2828755300606858,21.388351085108724,20.5,21.5
1449.0,20.984239966936496,21.365732784445964,-3.093091655361997,21.0,0,-0.3657327844459637,22.194305328298743,20.5,21.5
1450.0,20.979424500612037,21.38967012827296,-3.0925660985035464,21.0,0,-0.3896701282729609,21.629043566542933,20.5,21.5
1451.0,20.974610102492214,21.442529938315026,-3.0920419942389863,21.0,0,-0.4425299383150261,21.971128038735678,20.5,21.5
1452.0,20.96979677207287,21.417929910360954,-3.0915193429674463,21.0,0,-0.4179299103609537,21.17192963082023,20.5,21.5
1453.0,20.96498450884986,21.431519280394255,-3.0909981450869477,21.0,0,-0.43151928039425513,21.56741298072727,20.5,21.5
1454.0,20.96017331231907,21.411829335823928,-3.090478400994405,21.0,0,-0.4118293358239278,21.214929890120654,20.5,21.5
1455.0,20.95536318197641,21.339867549053505,-3.0899601110856274,21.0,0,-0.3398675490535048,20.620249681349275,20.5,21.5
1456.0,20.950554117317797,21.36157296987707,-3.089443275755313,21.0,0,-0.36157296987707,21.578627178112722,20.5,21.5
1457.0,20.94574611783918,21.375223987152587,-3.088927895397056,21.0,0,-0.3752239871525873,21.51173415990776,20.5,21.5
1458.0,20.940939183036534,21.383723160689858,-3.08841397040334,21.0,0,-0.3837231606898577,21.46871489606256,20.5,21.5
1459.0,20.936133312405847,21.283252387414755,-3.0879015011655415,21.0,1,-0.28325238741475545,20.278544654663733,20.5,21.5
1460.0,20.951328505443133,21.342178138355976,-3.087390488073929,21.0,0,-0.3421781383559761,21.931435647768183,20.5,21.5
1461.0,20.94652076164443,21.31755257710373,-3.08688093151766,21.0,0,-0.3175525771037293,21.07129696458126,20.5,21.5
1462.0,20.941714081305797,21.29918886976446,-3.086372831884785,21.0,0,-0.29918886976446046,21.115551796371772,20.5,21.5
1463.0,20.93690846392316,21.19929759604604,-3.0858661895622435,21.0,1,-0.19929759604604058,20.20038485886184,20.5,21.5
1464.0,20.952103908992463,21.222777126173277,-3.0853610049358657,21.0,1,-0.22277712617327694,21.45757242744564,20.5,21.5
1465.0,20.967296416009678,21.122055351817153,-3.0848572783903716,21.0,1,-0.12205535181715277,20.11483760825591,20.5,21.5
1466.0,20.9824859852708,21.074758147197254,-3.0843550103093698,21.0,1,-0.07475814719725449,20.60178610099827,20.5,21.5
1467.0,20.997672617071682,21.108586811015908,-3.0838542010753613,21.0,1,-0.10858681101590761,21.44687344920244,20.5,21.5
1468.0,21.012856311708052,21.168597670226028,-3.0833548510697337,21.0,0,-0.16859767022602767,21.76870626232723,20.5,21.5
1469.0,21.008037069475495,21.17720914296253,-3.0828569606727623,21.0,0,-0.17720914296252843,21.263323870327536,20.5,21.5
1470.0,21.003218890669466,21.165580932694724,-3.082360530263614,21.0,0,-0.16558093269472351,21.049298830016674,20.5,21.5
1471.0,20.99840177478528,21.201502510420767,-3.081865560220341,21.0,0,-0.2015025104207666,21.560718287681198,20.5,21.5
1472.0,20.99358572131828,21.232693269461837,-3.081372050919885,21.0,0,-0.2326932694618371,21.544600859872542,20.5,21.5
1473.0,20.988770729763832,21.311396292155187,-3.080880002738075,21.0,0,-0.3113962921551874,22.09842651908869,20.5,21.5
1474.0,20.98395679961733,21.303533126690517,-3.080389416049626,21.0,0,-0.30353312669051746,21.22490147204382,20.5,21.5
1475.0,20.9791439303742,21.34603609542626,-3.0799002912281424,21.0,0,-0.34603609542626046,21.77106578278369,20.5,21.5
1476.0,20.97433212152988,21.396846814908592,-3.0794126286461143,21.0,0,-0.3968468149085922,21.90495400973191,20.5,21.5
1477.0,20.969521372579845,21.384706000104625,-3.078926428674916,21.0,0,-0.3847060001046252,21.263297852064955,20.5,21.5
1478.0,20.964711683019594,21.313032173909384,-3.0784416916848123,21.0,0,-0.3130321739093844,20.596293911956977,20.5,21.5
1479.0,20.959903052344654,21.414520244911913,-3.0779584180449486,21.0,0,-0.4145202449119125,22.429400954937194,20.5,21.5
1480.0,20.955095480050577,21.461708634893615,-3.077476608123362,21.0,0,-0.4617086348936148,21.933592534710638,20.5,21.5
1481.0,20.950288965632943,21.420114169967768,-3.07699626228697,21.0,0,-0.42011416996776774,21.004169520709297,20.5,21.5
1482.0,20.94548350858736,21.36431423319455,-3.076517380901578,21.0,0,-0.36431423319454836,20.806314865462355,20.5,21.5
1483.0,20.940679108409462,21.391780212073247,-3.0760399643318728,21.0,0,-0.39178021207324676,21.66644000086023,20.5,21.5
1484.0,20.935875764594915,21.273021132437908,-3.0755640129414292,21.0,1,-0.2730211324379077,20.085430336084517,20.5,21.5
1485.0,20.951073476639408,21.242711284588204,-3.0750895270927057,21.0,1,-0.24271128458820357,20.939612806091162,20.5,21.5
1486.0,20.966268244038663,21.24338882613571,-3.0746165071470424,21.0,1,-0.24338882613571045,21.25016424161078,20.5,21.5
1487.0,20.981460067088424,21.34962461224401,-3.074144953464666,21.0,0,-0.34962461224401054,22.41198247332701,20.5,21.5
1488.0,20.976648946084314,21.33880098258548,-3.0736748664046836,21.0,0,-0.33880098258547875,21.23056468600016,20.5,21.5
1489.0,20.971838881321816,21.309566722866798,-3.073206246325088,21.0,0,-0.30956672286679776,21.017224125679988,20.5,21.5
1490.0,20.967029872296287,21.32220980131596,-3.0727390935827543,21.0,0,-0.3222098013159602,21.448640585807585,20.5,21.5
1491.0,20.96222191850311,21.315022463330735,-3.072273408533438,21.0,0,-0.3150224633307346,21.243149083478478,20.5,21.5
1492.0,20.957415019437704,21.28233846817036,-3.07180919153178,21.0,0,-0.2823384681703587,20.9554985165666,20.5,21.5
1493.0,20.95260917459551,21.247989978647514,-3.0713464429313007,21.0,0,-0.2479899786475137,20.904505083419064,20.5,21.5
1494.0,20.947804383472004,21.28863453350771,-3.0708851630844034,21.0,0,-0.28863453350771096,21.695080082109683,20.5,21.5
1495.0,20.943000645562694,21.290515622378273,-3.070425352342374,21.0,0,-0.29051562237827255,21.30932651108389,20.5,21.5
1496.0,20.938197960363112,21.31867551458879,-3.069967011055377,21.0,0,-0.31867551458879007,21.600274436693965,20.5,21.5
1497.0,20.93339632736883,21.265280166017025,-3.0695101395724596,21.0,0,-0.26528016601702475,20.73132668029937,20.5,21.5
1498.0,20.92859574607544,21.31228543959919,-3.06905473824155,21.0,0,-0.3122854395991901,21.782338175420843,20.5,21.5
1499.0,20.923796215978577,21.326012134683236,-3.068600807409455,21.0,0,-0.32601213468323564,21.46327908552369,20.5,21.5
1500.0,20.9189977365739,21.257776879569082,6.931851652578136,21.0,0,-0.25777687956908224,20.575424328427548,20.5,21.5
1501.0,20.9162003073571,21.160179022237724,6.932302641376657,21.0,1,-0.16017902223772396,20.18420044892414,20.5,21.5
1502.0,20.933403527823906,21.17953406057031,6.932752158642659,21.0,1,-0.17953406057031174,21.37308444389619,20.5,21.5
1503.0,20.95060339755007,21.198527654059532,6.933200204033815,21.0,1,-0.1985276540595322,21.388463588951737,20.5,21.5
1504.0,20.967799916911364,21.25744853642285,6.933646777208919,21.0,0,-0.25744853642284937,21.84665736005602,20.5,21.5
1505.0,20.964993086283425,21.259950739974354,6.934091877827886,21.0,0,-0.2599507399743537,21.284972775489397,20.5,21.5
1506.0,20.962186906041733,21.25214484705329,6.934535505551754,21.0,0,-0.252144847053291,21.174085917842664,20.5,21.5
1507.0,20.959381375761634,21.32558494568257,6.934977660042679,21.0,0,-0.32558494568257146,22.059985931975376,20.5,21.5
1508.0,20.95657649501849,21.296639675673685,6.935418340963942,21.0,0,-0.2966396756736849,21.00718697558482,20.5,21.5
1509.0,20.953772263387677,21.228384246253924,6.935857547979946,21.0,0,-0.22838424625392406,20.545829952056316,20.5,21.5
1510.0,20.950968680444596,21.293751900324065,6.936295280756216,21.0,0,-0.2937519003240645,21.94742844102547,20.5,21.5
1511.0,20.94816574576466,21.402440076652205,6.936731538959397,21.0,0,-0.40244007665220494,22.48932183993361,20.5,21.5
1512.0,20.945363458923296,21.29722798022556,6.937166322257262,21.0,1,-0.29722798022556063,20.245107015959118,20.5,21.5
1513.0,20.962561819495964,21.269559198264023,6.9375996303187035,21.0,1,-0.2695591982640231,20.992871378648648,20.5,21.5
1514.0,20.97975682705813,21.300093689868724,6.938031462813739,21.0,0,-0.3000936898687243,21.605438605915737,20.5,21.5
1515.0,20.97694848198528,21.25235015759465,6.938461819413509,21.0,0,-0.2523501575946483,20.774914834853888,20.5,21.5
1516.0,20.974140784652764,21.219419283990067,6.938890699790278,21.0,0,-0.21941928399006727,20.890110547944257,20.5,21.5
1517.0,20.97133373463579,21.28553486218273,6.939318103617435,21.0,0,-0.28553486218272894,21.946690644109346,20.5,21.5
1518.0,20.968527331509588,21.31165323199081,6.939744030569494,21.0,0,-0.3116532319908103,21.572836930071624,20.5,21.5
1519.0,20.9657215748494,21.25123583851259,6.940168480322091,21.0,0,-0.25123583851258857,20.64706190373037,20.5,21.5
1520.0,20.962916464230496,21.285345694085606,6.940591452551993,21.0,0,-0.2853456940856063,21.626444249815783,20.5,21.5
1521.0,20.96011199922816,21.274420657474586,6.941012946937085,21.0,0,-0.274420657474586,21.165170291364383,20.5,21.5
1522.0,20.9573081794177,21.1832002980766,6.941432963156382,21.0,1,-0.1832002980765992,20.27099670409673,20.5,21.5
1523.0,20.97450500437445,21.165252944052874,6.941851500890023,21.0,1,-0.16525294405287383,20.98577940381562,20.5,21.5
1524.0,20.991698473673754,21.297530018349807,6.942268559819272,21.0,0,-0.2975300183498071,22.62030076131914,20.5,21.5
1525.0,20.988888587690983,21.337836784271722,6.942684139626523,21.0,0,-0.3378367842717225,21.740904443490876,20.5,21.5
1526.0,20.98607934680137,21.36051121876751,6.943098239995292,21.0,0,-0.3605112187675097,21.587255563725382,20.5,21.5
1527.0,20.98327075058001,21.39764412691278,6.943510860610225,21.0,0,-0.3976441269127804,21.768973208365487,20.5,21.5
1528.0,20.98046279860202,21.474500631241266,6.943922001157093,21.0,0,-0.4745006312412663,22.243065674526125,20.5,21.5
1529.0,20.97765549044253,21.383810731972485,6.944331661322793,21.0,1,-0.38381073197248483,20.47691173928467,20.5,21.5
1530.0,20.994848825676705,21.370640341388814,6.944739840795354,21.0,1,-0.37064034138881397,21.238936435552105,20.5,21.5
1531.0,21.01203880387973,21.3032243297668,6.945146539263926,21.0,1,-0.3032243297667989,20.62906421354665,20.5,21.5
1532.0,21.029225425426805,21.326073644721,6.9455517564187925,21.0,0,-0.3260736447209993,21.554566794263003,20.5,21.5
1533.0,21.026408690693003,21.28496179606902,6.945955491951364,21.0,0,-0.2849617960690196,20.873843309549223,20.5,21.5
1534.0,21.023592600053256,21.39478598695278,6.9463577455541765,21.0,0,-0.39478598695277967,22.49302789579038,20.5,21.5
1535.0,21.020777153082356,21.37665769778662,6.946758516920897,21.0,0,-0.3766576977866194,21.195374806125017,20.5,21.5
1536.0,21.017962349355123,21.378725233242584,6.94715780574632,21.0,0,-0.37872523324258367,21.399400587802226,20.5,21.5
1537.0,21.015148188446403,21.423989190812446,6.947555611726371,21.0,0,-0.42398919081244557,21.876628766511065,20.5,21.5
1538.0,21.01233466993106,21.49522226492642,6.947951934558104,21.0,0,-0.49522226492641863,22.20755300606615,20.5,21.5
1539.0,21.009521793383986,21.42116380402466,6.948346773939699,21.0,0,-0.42116380402465836,20.680579195007056,20.5,21.5
1540.0,21.006709558380095,21.32863691422889,6.948740129570471,21.0,1,-0.3286369142288912,20.40336801627122,20.5,21.5
1541.0,21.02389796449433,21.371835366533123,6.949132001150861,21.0,0,-0.3718353665331229,21.80381988957544,20.5,21.5
1542.0,21.021083011301663,21.315971581243467,6.9495223883824435,21.0,0,-0.3159715812434669,20.757333728346907,20.5,21.5
1543.0,21.018268699177078,21.29456775626806,6.94991129096792,21.0,0,-0.29456775626805864,21.080529506513976,20.5,21.5
1544.0,21.015455027695435,21.340690942802986,6.950298708611126,21.0,0,-0.3406909428029863,21.801922808152263,20.5,21.5
1545.0,21.01264199643162,21.406134173854063,6.950684641017025,21.0,0,-0.40613417385406336,22.060566484364834,20.5,21.5
1546.0,21.009829604960537,21.424272418118303,6.951069087891713,21.0,0,-0.42427241811830285,21.605654860760698,20.5,21.5
1547.0,21.00701785285712,21.417472087668788,6.951452048942417,21.0,0,-0.41747208766878785,21.349468783173638,20.5,21.5
1548.0,21.00420673969634,21.320680861900644,6.951833523877495,21.0,1,-0.3206808619006445,20.35276860421921,20.5,21.5
1549.0,21.021396265053177,21.275793469267686,6.952213512406438,21.0,1,-0.2757934692676862,20.826919542938104,20.5,21.5
1550.0,21.038582428502647,21.27313303296556,6.952592014239867,21.0,1,-0.2731330329655606,21.246528669944304,20.5,21.5
1551.0,21.055765230419794,21.235186227408374,6.952969029089537,21.0,1,-0.23518622740837358,20.855718171836504,20.5,21.5
1552.0,21.072944671179528,21.260200993672253,6.953344556668336,21.0,0,-0.26020099367225313,21.51034865631105,20.5,21.5
1553.0,21.070120751156626,21.370422689906157,6.9537185966902815,21.0,0,-0.3704226899061567,22.472639652245192,20.5,21.5
1554.0,21.067297470725734,21.364562422779343,6.954091148870527,21.0,0,-0.36456242277934336,21.30595975151121,20.5,21.5
1555.0,21.064474829461364,21.347004050703603,6.954462212925358,21.0,0,-0.3470040507036032,21.1714203299462,20.5,21.5
1556.0,21.061652826938058,21.42996795374081,6.954831788572192,21.0,0,-0.4299679537408103,22.25960698411288,20.5,21.5
1557.0,21.058831462730385,21.42368612811391,6.955199875529582,21.0,0,-0.4236861281139106,21.360867871844913,20.5,21.5
1558.0,21.056010736412944,21.35071556171762,6.955566473517212,21.0,0,-0.35071556171762097,20.621009897754725,20.5,21.5
1559.0,21.053190647560363,21.39647156066734,6.9559315822559045,21.0,0,-0.39647156066734013,21.85403155016453,20.5,21.5
1560.0,21.050371195747303,21.51142657487485,6.956295201467611,21.0,0,-0.5114265748748501,22.66097671694995,20.5,21.5
1561.0,21.047552380548446,21.444155695380744,6.956657330875421,21.0,0,-0.4441556953807435,20.771446900439678,20.5,21.5
1562.0,21.04473420153851,21.477760761368522,6.957017970203557,21.0,0,-0.47776076136852197,21.813811421246307,20.5,21.5
1563.0,21.041916658292244,21.504954994593856,6.957377119177376,21.0,0,-0.5049549945938558,21.776897326847195,20.5,21.5
1564.0,21.03909975038442,21.484403560586035,6.95773477752337,21.0,0,-0.48440356058603484,21.278889220507825,20.5,21.5
1565.0,21.036283477389848,21.367206092683983,6.958090944969168,21.0,1,-0.36720609268398263,20.19523141366346,20.5,21.5
1566.0,21.053467838883364,21.410090920476375,6.9584456212435315,21.0,0,-0.4100909204763745,21.838939198400293,20.5,21.5
1567.0,21.050648834439837,21.34995593598969,6.95879880607636,21.0,0,-0.34995593598969066,20.748606091122852,20.5,21.5
1568.0,21.047830464434163,21.272592123383006,6.959150499198688,21.0,1,-0.2725921233830064,20.498953997316164,20.5,21.5
1569.0,21.065012728441115,21.188425542889,6.959500700342685,21.0,1,-0.18842554288900004,20.346759737948936,20.5,21.5
1570.0,21.082191626035495,21.20474375496881,6.959849409241659,21.0,1,-0.2047437549688098,21.367925875766907,20.5,21.5
1571.0,21.099367157592138,21.223071344255978,6.9601966256300525,21.0,1,-0.22307134425597752,21.406347237127655,20.5,21.5
1572.0,21.116539323485746,21.254465016894635,6.960542349243443,21.0,0,-0.25446501689463474,21.568401743281207,20.5,21.5
1573.0,21.1137081240909,21.335533293022216,6.960886579818551,21.0,0,-0.33553329302221613,22.14621605429803,20.5,21.5
1574.0,21.110877559782043,21.432806538464988,6.961229317093226,21.0,0,-0.4328065384649875,22.4055389928927,20.5,21.5
1575.0,21.108047630133505,21.46772349274346,6.961570560806461,21.0,0,-0.4677234927434597,21.81689303552818,20.5,21.5
1576.0,21.10521833471964,21.38485388210533,6.961910310698383,21.0,0,-0.3848538821053289,20.55615777572402,20.5,21.5
1577.0,21.102389673114835,21.387346889642096,6.962248566510258,21.0,0,-0.38734688964209596,21.412276965009767,20.5,21.5
1578.0,21.099561644893516,21.334964815535663,6.96258532798449,21.0,0,-0.33496481553566326,20.811144074471336,20.5,21.5
1579.0,21.096734249630135,21.35887181339913,6.96292059486462,21.0,0,-0.35887181339913,21.597941792033797,20.5,21.5
1580.0,21.09390748689918,21.38834096109471,6.9632543668953275,21.0,0,-0.38834096109470906,21.6830324380505,20.5,21.5
1581.0,21.09108135627518,21.485035167669093,6.963586643822431,21.0,0,-0.4850351676690927,22.45197723341293,20.5,21.5
1582.0,21.088255857332687,21.519504911025262,6.9639174253928875,21.0,0,-0.5195049110252619,21.864202344586953,20.5,21.5
1583.0,21.085430989646298,21.575208379248245,6.964246711354791,21.0,0,-0.5752083792482452,22.13224306147808,20.5,21.5
1584.0,21.08260675279064,21.56130776607996,6.964574501457378,21.0,0,-0.5613077660799597,21.422301634397105,20.5,21.5
1585.0,21.07978314634037,21.506518424365918,6.964900795451019,21.0,0,-0.5065184243659182,20.958625007225503,20.5,21.5
1586.0,21.076960169870194,21.490213294149868,6.96522559308723,21.0,0,-0.4902132941498678,21.327161991989364,20.5,21.5
1587.0,21.07413782295484,21.436284349681564,6.965548894118663,21.0,0,-0.43628434968156427,20.89699490499853,20.5,21.5
1588.0,21.07131610516907,21.427005798904556,6.965870698299108,21.0,0,-0.42700579890455614,21.334220291134475,20.5,21.5
1589.0,21.0684950160877,21.382475036649534,6.9661910053835,21.0,0,-0.3824750366495344,20.937167414099317,20.5,21.5
1590.0,21.065674555285558,21.353220827882552,6.966509815127909,21.0,0,-0.35322082788255216,21.06067874021273,20.5,21.5
1591.0,21.062854722337526,21.311103433674155,6.966827127289549,21.0,0,-0.3111034336741554,20.889929491590188,20.5,21.5
1592.0,21.060035516818516,21.270255328129764,6.967142941626772,21.0,0,-0.27025532812976394,20.86177427268585,20.5,21.5
1593.0,21.057216938303476,21.196870552895085,6.967457257899071,21.0,1,-0.19687055289508493,20.463022800548295,20.5,21.5
1594.0,21.074398986367395,21.245825850142374,6.967770075867083,21.0,0,-0.24582585014237424,21.735378822615267,20.5,21.5
1595.0,21.071577660585294,21.278774352655745,6.9680813952925815,21.0,0,-0.2787743526557449,21.60825937778945,20.5,21.5
1596.0,21.068756961332237,21.273856270211486,6.9683912159384835,21.0,0,-0.2738562702114855,21.22467544576889,20.5,21.5
1597.0,21.06593688818316,21.403509991627462,6.968699537568848,21.0,0,-0.4035099916274625,22.700047205787232,20.5,21.5
1598.0,21.063117440713036,21.500900877004938,6.969006359948873,21.0,0,-0.5009008770049377,22.47480973077969,20.5,21.5
1599.0,21.060298618496883,21.404663101112835,6.969311682844902,21.0,1,-0.40466310111283477,20.442285342191806,20.5,21.5
1600.0,21.077480421109755,21.344256901803146,6.969615506024416,21.0,1,-0.3442569018031456,20.740194908706254,20.5,21.5
1601.0,21.094658848126738,21.388825045996345,6.969917829256042,21.0,0,-0.38882504599634515,21.83450648792834,20.5,21.5
1602.0,21.091833899922964,21.352338271963394,6.970218652309548,21.0,0,-0.3523382719633936,20.98747053163388,20.5,21.5
1603.0,21.08900957687344,21.30254492206657,6.970517974955843,21.0,0,-0.3025449220665699,20.804611423098333,20.5,21.5
1604.0,21.086185878553056,21.295417474961027,6.97081579696698,21.0,0,-0.29541747496102744,21.224143003905603,20.5,21.5
1605.0,21.08336280453674,21.341789883855306,6.971112118116156,21.0,0,-0.34178988385530573,21.80551397279809,20.5,21.5
1606.0,21.080540354399457,21.28803858937538,6.971406938177707,21.0,0,-0.28803858937537896,20.75052564457611,20.5,21.5
1607.0,21.07771852771621,21.264557722117956,6.971700256927117,21.0,0,-0.2645577221179565,21.02974904954373,20.5,21.5
1608.0,21.074897324062054,21.26851870477025,6.97199207414101,21.0,0,-0.2685187047702513,21.3081285312932,20.5,21.5
1609.0,21.07207674301207,21.32006618194444,6.972282389597154,21.0,0,-0.3200661819444406,21.835540953686333,20.5,21.5
1610.0,21.069256784141384,21.337670341829316,6.972571203074462,21.0,0,-0.3376703418293161,21.51371194067807,20.5,21.5
1611.0,21.06643744702517,21.323152776235304,6.972858514352991,21.0,0,-0.3231527762353039,21.177977120295182,20.5,21.5
1612.0,21.063618731238634,21.323031573061265,6.973144323213939,21.0,0,-0.3230315730612645,21.32181954132087,20.5,21.5
1613.0,21.06080063635703,21.302585918027184,6.973428629439651,21.0,0,-0.3025859180271837,21.098129367686376,20.5,21.5
1614.0,21.057983161955647,21.318386256079595,6.973711432813614,21.0,0,-0.31838625607959514,21.47638963660371,20.5,21.5
1615.0,21.05516630760982,21.253220707419008,6.973992733120464,21.0,0,-0.2532207074190076,20.601565220813132,20.5,21.5
1616.0,21.05235007289492,21.280442560830785,6.974272530145976,21.0,0,-0.2804425608307852,21.55266109494856,20.5,21.5
1617.0,21.049534457386372,21.321317526091452,6.974550823677073,21.0,0,-0.3213175260914518,21.730067178698118,20.5,21.5
1618.0,21.04671946065963,21.318347380859294,6.974827613501823,21.0,0,-0.3183473808592936,21.28864592853771,20.5,21.5
1619.0,21.0439050822902,21.271169746587283,6.975102899409437,21.0,0,-0.2711697465872831,20.799393403867178,20.5,21.5
1620.0,21.04109132185362,21.357368244746574,6.9753766811902755,21.0,0,-0.35736824474657425,22.219353226339486,20.5,21.5
1621.0,21.038278178925488,21.38257005803438,6.975648958635839,21.0,0,-0.3825700580343785,21.63458819091242,20.5,21.5
1622.0,21.03546565308143,21.350614240834556,6.975919731538778,21.0,0,-0.35061424083455606,21.03105606883633,20.5,21.5
1623.0,21.03265374389712,21.434925700542703,6.976188999692887,21.0,0,-0.43492570054270274,22.27804029762417,20.5,21.5
1624.0,21.02984245094828,21.52682487373574,6.976456762893106,21.0,0,-0.526824873735741,22.445816605666124,20.5,21.5
1625.0,21.02703177381067,21.487217712246583,6.9767230209355215,21.0,0,-0.48721771224658283,21.091146097355,20.5,21.5
1626.0,21.024221712060093,21.4453807471099,6.976987773617367,21.0,0,-0.44538074710990117,21.027011095743084,20.5,21.5
1627.0,21.021412265272406,21.371887252519844,6.977251020737022,21.0,0,-0.3718872525198442,20.636952306619275,20.5,21.5
1628.0,21.0186034330235,21.24856045062441,6.977512762094012,21.0,1,-0.24856045062441012,20.01529243167007,20.5,21.5
1629.0,21.035795214889315,21.141614811154106,6.977772997489009,21.0,1,-0.14161481115410623,20.072158416451067,20.5,21.5
1630.0,21.052983610445835,21.199088071075842,6.978031726723834,21.0,0,-0.1990880710758418,21.773820670293198,20.5,21.5
1631.0,21.05016862006909,21.245496327653747,6.978288949601452,21.0,0,-0.24549632765374696,21.7095788934328,20.5,21.5
1632.0,21.047354244134997,21.326080424631595,6.978544665925977,21.0,0,-0.3260804246315949,22.131921394410075,20.5,21.5
1633.0,21.044540482219354,21.3361389276127,6.97879887550267,21.0,0,-0.33613892761270137,21.436723957423766,20.5,21.5
1634.0,21.04172733389801,21.38368900085606,6.9790515781379385,21.0,0,-0.3836890008560587,21.859189733289632,20.5,21.5
1635.0,21.03891479874686,21.344949324515536,6.979302773639341,21.0,0,-0.34494932451553595,20.957552561110308,20.5,21.5
1636.0,21.036102876341836,21.265790881715773,6.979552461815578,21.0,1,-0.26579088171577325,20.474206453718146,20.5,21.5
1637.0,21.05329156625893,21.292093009639736,6.979800642476503,21.0,0,-0.2920930096397356,21.55511428887936,20.5,21.5
1638.0,21.050476868074174,21.34327801763277,6.980047315433115,21.0,0,-0.34327801763276966,21.85512809756311,20.5,21.5
1639.0,21.047662782163645,21.419591810762597,6.980292480497562,21.0,0,-0.4195918107625971,22.18272974206087,20.5,21.5
1640.0,21.044849308103313,21.479584211318148,6.98053613748314,21.0,0,-0.4795842113181479,22.079508216873656,20.5,21.5
1641.0,21.04203644546919,21.559617939858708,6.980778286204295,21.0,0,-0.5596179398587076,22.359955225264304,20.5,21.5
1642.0,21.039224193837338,21.421782492279014,6.981018926476618,21.0,1,-0.4217824922790143,20.043428016482082,20.5,21.5
1643.0,21.056412552783865,21.416133076733217,6.981258058116851,21.0,1,-0.4161330767332174,21.35963892127525,20.5,21.5
1644.0,21.07359752188493,21.373331282436297,6.981495680942887,21.0,1,-0.3733312824362969,20.94531333946709,20.5,21.5
1645.0,21.09077910151674,21.314378526542523,6.981731794773765,21.0,1,-0.31437852654252296,20.724850967604784,20.5,21.5
1646.0,21.107957292055392,21.29158737084486,6.981966399429672,21.0,1,-0.29158737084485864,21.063675813868215,20.5,21.5
1647.0,21.125132093876868,21.368674435581475,6.982199494731949,21.0,0,-0.3686744355814753,22.13954508294764,20.5,21.5
1648.0,21.12230350735704,21.32963550909475,6.982431080503083,21.0,0,-0.32963550909475003,20.939246244227498,20.5,21.5
1649.0,21.119475532871668,21.310938407201185,6.982661156566712,21.0,0,-0.31093840720118493,21.123967388265534,20.5,21.5
1650.0,21.116648169996406,21.23121344109662,6.982889722747621,21.0,1,-0.2312134410966209,20.43396378005098,20.5,21.5
1651.0,21.133821418306955,21.291169800899333,6.983116778871748,21.0,0,-0.29116980089933264,21.89073339892645,20.5,21.5
1652.0,21.130991277379067,21.318927444498065,6.9833423247661806,21.0,0,-0.3189274444980654,21.596503880485393,20.5,21.5
1653.0,21.128161747588546,21.359991086277727,6.983566360259156,21.0,0,-0.35999108627772713,21.770627504074344,20.5,21.5
1654.0,21.12533282851108,21.377130695339854,6.98378888518006,21.0,0,-0.3771306953398543,21.548526785961126,20.5,21.5
1655.0,21.122504519722415,21.494772837456033,6.98400989935943,21.0,0,-0.49477283745603273,22.671194258617817,20.5,21.5
1656.0,21.119676820798343,21.411299410423755,6.984229402628955,21.0,0,-0.41129941042375506,20.57656514010098,20.5,21.5
1657.0,21.11684973131471,21.367688987170602,6.9844473948214745,21.0,0,-0.3676889871706024,20.931584754639076,20.5,21.5
1658.0,21.11402325084741,21.407264928213074,6.984663875770977,21.0,0,-0.40726492821307403,21.80302433863779,20.5,21.5
1659.0,21.111197378972395,21.331913901898286,6.984878845312603,21.0,0,-0.33191390189828596,20.578403638750405,20.5,21.5
1660.0,21.108372115265663,21.324132186727393,6.985092303282644,21.0,0,-0.3241321867273932,21.246315035018466,20.5,21.5
1661.0,21.105547459303267,21.448256066678145,6.985304249518542,21.0,0,-0.44825606667814455,22.689494866185658,20.5,21.5
1662.0,21.10272341066131,21.52418927372216,6.9855146838588915,21.0,0,-0.5241892737221612,22.283521344162327,20.5,21.5
1663.0,21.09989996891595,21.49860721050962,6.985723606143436,21.0,0,-0.4986072105096184,21.24278657838419,20.5,21.5
1664.0,21.097077133643396,21.56609599319253,6.985931016213074,21.0,0,-0.5660959931925298,22.240983820021643,20.5,21.5
1665.0,21.09425490441991,21.522599166950386,6.986136913909853,21.0,0,-0.5225991669503856,21.087630904528943,20.5,21.5
1666.0,21.091433280821807,21.45269201253454,6.986341299076972,21.0,0,-0.4526920125345413,20.7536204683761,20.5,21.5
1667.0,21.088612262425457,21.43104403786925,6.986544171558784,21.0,0,-0.43104403786924905,21.214564291216327,20.5,21.5
1668.0,21.085791848807283,21.411505751382098,6.986745531200793,21.0,0,-0.4115057513820979,21.216122886510586,20.5,21.5
1669.0,21.082972039543762,21.361915032871696,6.986945377849654,21.0,0,-0.36191503287169624,20.86600784776768,20.5,21.5
1670.0,21.08015283421142,21.396384896699423,6.987143711353175,21.0,0,-0.39638489669942345,21.741083534976696,20.5,21.5
1671.0,21.07733423238685,21.37074342779795,6.987340531560317,21.0,0,-0.3707434277979509,21.114328738783225,20.5,21.5
1672.0,21.074516233646683,21.345342338009953,6.987535838321193,21.0,0,-0.34534233800995295,21.091331440129974,20.5,21.5
1673.0,21.071698837567617,21.33179774306003,6.987729631487067,21.0,0,-0.3317977430600294,21.196351793560794,20.5,21.5
1674.0,21.0688820437264,21.322968324040396,6.98792191091036,21.0,0,-0.32296832404039577,21.23467413384406,20.5,21.5
1675.0,21.066065851699836,21.30384699473298,6.988112676444639,21.0,0,-0.3038469947329787,21.112633701658808,20.5,21.5
1676.0,21.063250261064784,21.330565122823224,6.988301927944631,21.0,0,-0.3305651228232236,21.597746403725672,20.5,21.5
1677.0,21.06043527139816,21.307337156850387,6.9884896652662105,21.0,0,-0.3073371568503873,21.075057497122025,20.5,21.5
1678.0,21.057620882276932,21.33191485252879,6.9886758882664095,21.0,0,-0.33191485252879005,21.577691809312817,20.5,21.5
1679.0,21.05480709327813,21.366566206423634,6.988860596803409,21.0,0,-0.36656620642363436,21.713079745372077,20.5,21.5
1680.0,21.051993903978833,21.368550880634633,6.989043790736547,21.0,0,-0.3685508806346327,21.388397622744616,20.5,21.5
1681.0,21.049181313956183,21.32076143938309,6.989225469926312,21.0,0,-0.3207614393830909,20.842867026867673,20.5,21.5
1682.0,21.046369322787378,21.229470288800425,6.989405634234348,21.0,1,-0.22947028880042453,20.31655878297376,20.5,21.5
1683.0,21.06355793004967,21.196422076623556,6.9895842835234525,21.0,1,-0.1964220766235556,20.865939954854866,20.5,21.5
1684.0,21.080743135320365,21.15599887836344,6.989761417657577,21.0,1,-0.15599887836344095,20.751766895762294,20.5,21.5
1685.0,21.09792493897683,21.098977618610025,6.989937036501823,21.0,1,-0.09897761861002508,20.528765021075866,20.5,21.5
1686.0,21.115103341396335,21.177540923787767,6.990111139922453,21.0,0,-0.17754092378776676,21.963173975565184,20.5,21.5
1687.0,21.11227834295604,21.291218568776966,6.990283727786877,21.0,0,-0.2912185687769657,22.427995018668955,20.5,21.5
1688.0,21.109453944033003,21.356961337452976,6.990454799963662,21.0,0,-0.35696133745297587,22.014389024213077,20.5,21.5
1689.0,21.10663014420419,21.4343495714165,6.990624356322531,21.0,0,-0.4343495714165009,22.20823191105175,20.5,21.5
1690.0,21.103806943046614,21.47708771964789,6.990792396734357,21.0,0,-0.47708771964789065,21.90446920196179,20.5,21.5
1691.0,21.10098434013735,21.478346705973276,6.990958921071172,21.0,0,-0.47834670597327644,21.490936569227134,20.5,21.5
1692.0,21.098162335053537,21.467885169109618,6.99112392920616,21.0,0,-0.46788516910961775,21.36326980047303,20.5,21.5
1693.0,21.09534092737237,21.495156416773234,6.991287421013659,21.0,0,-0.4951564167732343,21.7678688934094,20.5,21.5
1694.0,21.092520116671096,21.47611138235811,6.991449396369164,21.0,0,-0.4761113823581091,21.285661038206857,20.5,21.5
1695.0,21.089699902527038,21.51069096218987,6.991609855149323,21.0,0,-0.5106909621898694,21.856486760507472,20.5,21.5
1696.0,21.086880284517562,21.454260897369352,6.9917687972319404,21.0,0,-0.4542608973693518,20.889960249164176,20.5,21.5
1697.0,21.084061262220104,21.45289482921695,6.991926222495975,21.0,0,-0.4528948292169517,21.43923414769295,20.5,21.5
1698.0,21.08124283521216,21.432691590996352,6.992082130821539,21.0,0,-0.43269159099635246,21.23065920879036,20.5,21.5
1699.0,21.07842500307128,21.484947152992643,6.992236522089903,21.0,0,-0.48494715299264257,22.007502772955544,20.5,21.5
1700.0,21.075607765375086,21.461960151708748,6.992389396183491,21.0,0,-0.46196015170874816,21.232090138869804,20.5,21.5
1701.0,21.072791121701247,21.452894716174203,6.9925407529858825,21.0,0,-0.4528947161742032,21.362240360828753,20.5,21.5
1702.0,21.069975071627503,21.419189372624597,6.992690592381813,21.0,0,-0.4191893726245972,21.082135937128538,20.5,21.5
1703.0,21.067159614731654,21.417063257040137,6.992838914257173,21.0,0,-0.41706325704013736,21.39580210119554,20.5,21.5
1704.0,21.06434475059156,21.41167812180135,6.992985718499009,21.0,0,-0.41167812180135144,21.357826769413492,20.5,21.5
1705.0,21.06153047878514,21.39565670485488,6.993131004995523,21.0,0,-0.39565670485487914,21.235442535390156,20.5,21.5
1706.0,21.058716798890384,21.373087997471355,6.993274773636073,21.0,0,-0.37308799747135524,21.147400923636116,20.5,21.5
1707.0,21.05590371048533,21.390213200001448,6.9934170243111735,21.0,0,-0.39021320000144755,21.56146522530237,20.5,21.5
1708.0,21.053091213148097,21.402721980420388,6.9935577569124945,21.0,0,-0.4027219804203881,21.527809784609794,20.5,21.5
1709.0,21.05027930645685,21.314146323717534,6.993696971332861,21.0,1,-0.3141463237175337,20.42838975668899,20.5,21.5
1710.0,21.067467989989826,21.31786518479016,6.993834667466256,21.0,1,-0.31786518479016124,21.355053795516437,20.5,21.5
1711.0,21.084653263325322,21.351662043256734,6.9939708452078175,21.0,0,-0.35166204325673434,21.689630627922465,20.5,21.5
1712.0,21.0818351268417,21.342167376694345,6.994105504453841,21.0,0,-0.34216737669434494,21.24722071107045,20.5,21.5
1713.0,21.07901758091722,21.365527080520174,6.994238645101776,21.0,0,-0.3655270805201738,21.599124118778462,20.5,21.5
1714.0,21.076200625130056,21.429772792244673,6.994370267050232,21.0,0,-0.42977279224467324,22.072229909489668,20.5,21.5
1715.0,21.07338425905844,21.437296229330677,6.994500370198971,21.0,0,-0.437296229330677,21.512530600190715,20.5,21.5
1716.0,21.070568482280667,21.416020555411684,6.994628954448916,21.0,0,-0.41602055541168426,21.203263816221757,20.5,21.5
1717.0,21.067753294375102,21.478573591031306,6.994756019702144,21.0,0,-0.4785735910313065,22.10410394722753,20.5,21.5
1718.0,21.064938694920166,21.408025443002053,6.994881565861888,21.0,0,-0.4080254430020531,20.70254396270952,20.5,21.5
1719.0,21.062124683494353,21.434327780665736,6.99500559283254,21.0,0,-0.4343277806657362,21.697351157302567,20.5,21.5
1720.0,21.05931125967622,21.497163119520508,6.995128100519649,21.0,0,-0.49716311952050773,22.125516508068223,20.5,21.5
1721.0,21.05649842304439,21.48511482667488,6.995249088829918,21.0,0,-0.4851148266748808,21.36463189821861,20.5,21.5
1722.0,21.053686173177546,21.44824804469739,6.995368557671211,21.0,0,-0.4482480446973902,21.079580224922484,20.5,21.5
1723.0,21.050874509654445,21.48740175961148,6.995486506952545,21.0,0,-0.4874017596114797,21.878938908752374,20.5,21.5
1724.0,21.048063432053905,21.35708796209005,6.9956029365841,21.0,1,-0.35708796209004845,20.053949986875736,20.5,21.5
1725.0,21.06525293995481,21.31991408478034,6.995717846477207,21.0,1,-0.3199140847803399,20.948175311683254,20.5,21.5
1726.0,21.082439032936115,21.359626154088563,6.995831236544358,21.0,0,-0.3596261540885628,21.756746847170792,20.5,21.5
1727.0,21.079621711376838,21.301121011499514,6.995943106699201,21.0,0,-0.3011210114995144,20.71606958560903,20.5,21.5
1728.0,21.076804975655904,21.26833726160703,6.996053456856544,21.0,0,-0.2683372616070301,20.940499762682187,20.5,21.5
1729.0,21.073988825352142,21.282680331110896,6.996162286932347,21.0,0,-0.2826803311108961,21.426111026149556,20.5,21.5
1730.0,21.071173260044457,21.2953518099501,6.996269596843733,21.0,0,-0.29535180995009824,21.42206659834212,20.5,21.5
1731.0,21.068358279311816,21.242985932697962,6.996375386508983,21.0,0,-0.24298593269796243,20.719327160176604,20.5,21.5
1732.0,21.065543882733255,21.30720028179844,6.996479655847531,21.0,0,-0.3072002817984405,21.94934377280322,20.5,21.5
1733.0,21.062730069887877,21.355596213703,6.996582404779971,21.0,0,-0.35559621370299865,21.83955553274858,20.5,21.5
1734.0,21.059916840354855,21.41152270062294,6.996683633228057,21.0,0,-0.41152270062293894,21.970787569822342,20.5,21.5
1735.0,21.05710419371343,21.294017043553538,6.996783341114698,21.0,1,-0.29401704355353786,20.118960472859527,20.5,21.5
1736.0,21.074292129542908,21.317252219364676,6.9968815283639625,21.0,0,-0.3172522193646756,21.549603977476053,20.5,21.5
1737.0,21.07147664742267,21.281389279091364,6.996978194901076,21.0,0,-0.28138927909136413,20.92275987635825,20.5,21.5
1738.0,21.068661747732165,21.24790524107752,6.997073340652424,21.0,0,-0.24790524107752177,20.913064860939098,20.5,21.5
1739.0,21.06584743005075,21.25752981532208,6.9971669655455475,21.0,0,-0.25752981532207997,21.353775557767662,20.5,21.5
1740.0,21.06303369395785,21.36556328944415,6.9972590695091474,21.0,0,-0.3655632894441503,22.445898030664853,20.5,21.5
1741.0,21.060220539032958,21.33189946841197,6.997349652473083,21.0,0,-0.3318994684119687,20.995261258090153,20.5,21.5
1742.0,21.057407964855646,21.400771004914542,6.997438714368372,21.0,0,-0.4007710049145423,22.08948636994028,20.5,21.5
1743.0,21.054595971005547,21.331388304334293,6.997526255127189,21.0,0,-0.33138830433429334,20.637561298531804,20.5,21.5
1744.0,21.051784557062373,21.34415783884117,6.997612274682868,21.0,0,-0.3441578388411699,21.471853183909936,20.5,21.5
1745.0,21.048973722605897,21.341421195959956,6.997696772969901,21.0,0,-0.34142119595995624,21.31405476714782,20.5,21.5
1746.0,21.04616346721597,21.344081614425846,6.99777974992394,21.0,0,-0.3440816144258463,21.370685799084747,20.5,21.5
1747.0,21.043353790472512,21.319158459150522,6.997861205481794,21.0,0,-0.3191584591505219,21.069926906397278,20.5,21.5
1748.0,21.040544691955514,21.346853623061982,6.997941139581429,21.0,0,-0.34685362306198186,21.62380526217658,20.5,21.5
1749.0,21.03773617124504,21.308314388970224,6.998019552161975,21.0,0,-0.30831438897022423,20.922922048052648,20.5,21.5
1750.0,21.034928227921224,21.27761781903417,6.998096443163716,21.0,0,-0.2776178190341696,20.970652119673623,20.5,21.5
1751.0,21.032120861564273,21.293036689440395,6.998171812528096,21.0,0,-0.2930366894403953,21.447225393502652,20.5,21.5
1752.0,21.029314071754467,21.224913109609492,6.998245660197717,21.0,0,-0.22491310960949207,20.54367731130046,20.5,21.5
1753.0,21.026507858072154,21.233426805648087,6.9983179861163425,21.0,0,-0.2334268056480866,21.318563766034032,20.5,21.5
1754.0,21.023702220097764,21.248823002026533,6.998388790228892,21.0,0,-0.2488230020265334,21.402784965811,20.5,21.5
1755.0,21.02089715741179,21.299732536846985,6.998458072481446,21.0,0,-0.2997325368469852,21.808827885051503,20.5,21.5
1756.0,21.018092669594807,21.272152457540937,6.998525832821242,21.0,0,-0.27215245754093687,20.996351664480454,20.5,21.5
1757.0,21.015288756227452,21.38588937872328,6.998592071196679,21.0,0,-0.3858893787232809,22.52325859054672,20.5,21.5
1758.0,21.012485416890446,21.37873578484415,6.998656787557312,21.0,0,-0.3787357848441495,21.307199846052836,20.5,21.5
1759.0,21.009682651164578,21.36532236757003,6.998719981853858,21.0,0,-0.36532236757003034,21.23118819482884,20.5,21.5
1760.0,21.006880458630715,21.34891113980394,6.998781654038192,21.0,0,-0.3489111398039384,21.18479886214302,20.5,21.5
1761.0,21.004078838869795,21.32653469529369,6.998841804063346,21.0,0,-0.3265346952936916,21.102770250191224,20.5,21.5
1762.0,21.001277791462833,21.29649538701309,6.998900431883515,21.0,0,-0.2964953870130884,20.996102304207056,20.5,21.5
1763.0,20.998477315990918,21.318905907917788,6.99895753745405,21.0,0,-0.31890590791778806,21.543011116964784,20.5,21.5
1764.0,20.99567741203521,21.361856730890754,6.999013120731464,21.0,0,-0.36185673089075365,21.79136496062041,20.5,21.5
1765.0,20.99287807917695,21.320384323524543,6.999067181673426,21.0,0,-0.32038432352454294,20.905660249862436,20.5,21.5
1766.0,20.99007931699745,21.425390201754187,6.9991197202387685,21.0,0,-0.42539020175418685,22.475448984050626,20.5,21.5
1767.0,20.9872811250781,21.4049507854808,6.999170736387479,21.0,0,-0.4049507854807999,21.20055662274693,20.5,21.5
1768.0,20.98448350300036,21.393044075367843,6.9992202300807085,21.0,0,-0.39304407536784325,21.273976974238277,20.5,21.5
1769.0,20.981686450345777,21.391251508021615,6.999268201280764,21.0,0,-0.39125150802161457,21.373325834559328,20.5,21.5
1770.0,20.978889966695963,21.452932330049336,6.999314649951114,21.0,0,-0.452932330049336,22.06974055032655,20.5,21.5
1771.0,20.976094051632614,21.313959141710008,6.999359576056387,21.0,1,-0.3139591417100078,19.924227258316726,20.5,21.5
1772.0,20.993298704737498,21.229497353090288,6.999402979562366,21.0,1,-0.22949735309028796,20.38487946689309,20.5,21.5
1773.0,21.010499925592462,21.2383492224463,6.999444860436001,21.0,1,-0.23834922244629908,21.32686791600641,20.5,21.5
1774.0,21.027697714579432,21.293018002990287,6.999485218645397,21.0,0,-0.29301800299028713,21.839705808430168,20.5,21.5
1775.0,21.024892072080245,21.254659080295415,6.999524054159818,21.0,0,-0.25465908029541495,20.871069853346693,20.5,21.5
1776.0,21.02208699847666,21.402180315964152,6.999561366949691,21.0,0,-0.40218031596415216,22.877392672651524,20.5,21.5
1777.0,21.019282493350353,21.496676022995096,6.999597156986599,21.0,0,-0.4966760229950964,22.44163309330454,20.5,21.5
1778.0,21.01647855628308,21.531932171291125,6.999631424243288,21.0,0,-0.5319321712911247,21.884493654251408,20.5,21.5
1779.0,21.01367518685667,21.447192907080446,6.999664168693662,21.0,0,-0.4471929070804457,20.599800264973656,20.5,21.5
1780.0,21.010872384653037,21.44699110075332,6.999695390312782,21.0,0,-0.44699110075331916,21.444973037482054,20.5,21.5
1781.0,21.00807014925417,21.34737304159585,6.9997250890768745,21.0,1,-0.34737304159585136,20.351192450021173,20.5,21.5
1782.0,21.025268480242133,21.34647270344273,6.999753264963321,21.0,1,-0.3464727034427284,21.3374693219115,20.5,21.5
1783.0,21.042463377199077,21.32573777347534,6.999779917950665,21.0,1,-0.32573777347533905,21.118388473801446,20.5,21.5
1784.0,21.05965484050723,21.338681214097583,6.999805048018608,21.0,1,-0.33868121409758345,21.468115620320027,20.5,21.5
1785.0,21.07684287054873,21.373292260637207,6.999828655148014,21.0,0,-0.3732922606372071,21.719402726033444,20.5,21.5
1786.0,21.07402746770565,21.446638594394308,6.9998507393209035,21.0,0,-0.4466385943943081,22.180101931965318,20.5,21.5
1787.0,21.071212632359973,21.451680080532753,6.99987130052046,21.0,0,-0.45168008053275344,21.502094941917207,20.5,21.5
1788.0,21.068398364093607,21.483316506770116,6.999890338731024,21.0,0,-0.48331650677011595,21.79968076914374,20.5,21.5
1789.0,21.065584662488533,21.525645508614172,6.9999078539380974,21.0,0,-0.525645508614172,21.948935527054733,20.5,21.5
1790.0,21.062771527126824,21.591007973449432,6.999923846128342,21.0,0,-0.5910079734494325,22.244632621802037,20.5,21.5
1791.0,21.059958957590624,21.581970387765097,6.9999383152895795,21.0,0,-0.5819703877650966,21.491594530921738,20.5,21.5
1792.0,21.057146953462162,21.53095749634134,6.999951261410789,21.0,0,-0.5309574963413404,21.02082858210378,20.5,21.5
1793.0,21.054335514323753,21.443207391123543,6.999962684482114,21.0,0,-0.44320739112354346,20.565706338945574,20.5,21.5
1794.0,21.051524639757783,21.419605410708304,6.999972584494854,21.0,0,-0.4196054107083036,21.183585606555905,20.5,21.5
1795.0,21.04871432934673,21.309697854739465,6.999980961441469,21.0,1,-0.3096978547394649,20.210622295051078,20.5,21.5
1796.0,21.06590458267315,21.311071307812306,6.999987815315581,21.0,1,-0.3110713078123055,21.324805838540712,20.5,21.5
1797.0,21.083091399319677,21.323393659437077,6.9999931461119695,21.0,1,-0.32339365943707676,21.44661717568479,20.5,21.5
1798.0,21.100274779669036,21.378608143632963,6.999996953826575,21.0,0,-0.37860814363296313,21.930752985591827,20.5,21.5
1799.0,21.097454724103866,21.23658577176662,6.999999238456499,21.0,1,-0.2365857717666202,19.81636205310319,20.5,21.5
1800.0,21.114635233006737,21.329579917292886,7.0,21.0,0,-0.32957991729288594,22.259521372555543,20.5,21.5
1801.0,21.111812305960136,21.289858038797085,6.999999238456499,21.0,0,-0.28985803879708527,20.89263925383908,20.5,21.5
1802.0,21.108989943346636,21.289686991445652,6.999996953826575,21.0,0,-0.28968699144565235,21.287976517931323,20.5,21.5
1803.0,21.106168144748732,21.239866099060357,6.9999931461119695,21.0,0,-0.23986609906035739,20.741657175207408,20.5,21.5
1804.0,21.103346909749003,21.360166704185268,6.999987815315581,21.0,0,-0.36016670418526786,22.563172755434373,20.5,21.5
1805.0,21.100526237930115,21.22900533835996,6.999980961441469,21.0,1,-0.22900533835996129,19.917391680106896,20.5,21.5
1806.0,21.11770612887482,21.298574929939207,6.999972584494854,21.0,0,-0.29857492993920687,21.994270845731663,20.5,21.5
1807.0,21.114882582165944,21.298875417969064,6.999962684482114,21.0,0,-0.29887541796906447,21.30188029826764,20.5,21.5
1808.0,21.112059598186406,21.318178766674784,6.999951261410789,21.0,0,-0.31817876667478373,21.511212253731976,20.5,21.5
1809.0,21.109237176519052,21.327827358643408,6.9999383152895795,21.0,0,-0.3278273586434075,21.424313278329645,20.5,21.5
1810.0,21.106415316746805,21.3918090985023,6.999923846128342,21.0,0,-0.39180909850229995,22.031626497091224,20.5,21.5
1811.0,21.103594018452682,21.33275013770061,6.9999078539380974,21.0,0,-0.3327501377006108,20.74216052968372,20.5,21.5
1812.0,21.10077328121978,21.368715726522527,6.999890338731024,21.0,0,-0.3687157265225274,21.728371614741693,20.5,21.5
1813.0,21.097953104631284,21.38092665478488,6.999871300520461,21.0,0,-0.3809266547848793,21.5030359374084,20.5,21.5
1814.0,21.095133488270463,21.364627129242088,6.9998507393209035,21.0,0,-0.36462712924208773,21.201631873814172,20.5,21.5
1815.0,21.092314431720673,21.405711645483574,6.999828655148014,21.0,0,-0.4057116454835743,21.81655680789844,20.5,21.5
1816.0,21.08949593456536,21.481707350392803,6.999805048018608,21.0,0,-0.4817073503928029,22.24166439948509,20.5,21.5
1817.0,21.08667799638805,21.437484533718283,6.999779917950665,21.0,0,-0.43748453371828333,20.995256366973088,20.5,21.5
1818.0,21.083860616772363,21.475543485777536,6.999753264963321,21.0,0,-0.4755434857775356,21.856133006370058,20.5,21.5
1819.0,21.081043795302,21.505339845009193,6.9997250890768745,21.0,0,-0.5053398450091926,21.803303437325763,20.5,21.5
1820.0,21.078227531560756,21.518826815438693,6.999695390312782,21.0,0,-0.5188268154386932,21.6536965197337,20.5,21.5
1821.0,21.075411825132505,21.506608257151136,6.999664168693662,21.0,0,-0.5066082571511359,21.384422674275562,20.5,21.5
1822.0,21.07259667560122,21.475347509597597,6.999631424243288,21.0,0,-0.4753475095975972,21.16274003406221,20.5,21.5
1823.0,21.069782082550947,21.386464696742962,6.999597156986599,21.0,1,-0.38646469674296213,20.49763656819661,20.5,21.5
1824.0,21.086968045565836,21.376350065481496,6.999561366949691,21.0,1,-0.3763500654814962,21.275203752866837,20.5,21.5
1825.0,21.104150564230114,21.33310625892076,6.999524054159818,21.0,1,-0.3331062589207612,20.90066819331341,20.5,21.5
1826.0,21.1213296389281,21.257622359589995,6.999485218645397,21.0,1,-0.2576223595899947,20.50278336628233,20.5,21.5
1827.0,21.138505270044043,21.377651999687004,6.999444860436001,21.0,0,-0.3776519996870036,22.577948400657093,20.5,21.5
1828.0,21.13567745796212,21.4031629537713,6.999402979562366,21.0,0,-0.4031629537713002,21.658272494614266,20.5,21.5
1829.0,21.13285020306644,21.405400776498375,6.999359576056387,21.0,0,-0.40540077649837514,21.427779003769125,20.5,21.5
1830.0,21.130023504941036,21.382112809706232,6.999314649951114,21.0,0,-0.38211280970623207,21.1492331417848,20.5,21.5
1831.0,21.127197363170037,21.44964437759365,6.999268201280764,21.0,0,-0.44964437759364984,22.124960056467827,20.5,21.5
1832.0,21.124371777337657,21.377492399910313,6.9992202300807085,21.0,0,-0.377492399910313,20.655972623076945,20.5,21.5
1833.0,21.121546747028205,21.44446756622284,6.999170736387479,21.0,0,-0.44446756622284056,22.114219229348116,20.5,21.5
1834.0,21.118722271826076,21.4268824093858,6.9991197202387685,21.0,0,-0.4268824093858008,21.251030841015403,20.5,21.5
1835.0,21.11589835131576,21.370939689336673,6.999067181673426,21.0,0,-0.370939689336673,20.811512488845395,20.5,21.5
1836.0,21.11307498508183,21.312021290988234,6.999013120731464,21.0,0,-0.31202129098823406,20.722837307503845,20.5,21.5
1837.0,21.11025217270896,21.279613531513476,6.99895753745405,21.0,0,-0.27961353151347623,20.955535936765898,20.5,21.5
1838.0,21.10742991378191,21.211491767146974,6.998900431883515,21.0,0,-0.21149176714697404,20.530274123481952,20.5,21.5
1839.0,21.10460820788553,21.297189951304524,6.998841804063346,21.0,0,-0.2971899513045244,22.154171792880028,20.5,21.5
1840.0,21.101787054604767,21.42008814086854,6.998781654038192,21.0,0,-0.42008814086853974,22.649070036508693,20.5,21.5
1841.0,21.098966453524653,21.45644410467193,6.998719981853858,21.0,0,-0.456444104671931,21.820003742705843,20.5,21.5
1842.0,21.096146404230318,21.52424839181402,6.998656787557312,21.0,0,-0.5242483918140195,22.202291263234905,20.5,21.5
1843.0,21.093326906306984,21.53607192372387,6.998592071196679,21.0,0,-0.5360719237238705,21.65430724282238,20.5,21.5
1844.0,21.090507959339963,21.429439755996512,6.998525832821242,21.0,1,-0.42943975599651196,20.363118078722927,20.5,21.5
1845.0,21.107689562914658,21.361971203166302,6.998458072481446,21.0,1,-0.36197120316630205,20.687285674864203,20.5,21.5
1846.0,21.12486771661657,21.323228507722167,6.998388790228892,21.0,1,-0.3232285077221668,20.935801553280815,20.5,21.5
1847.0,21.14204242083129,21.351391885037,6.9983179861163425,21.0,0,-0.3513918850369997,21.63302565818533,20.5,21.5
1848.0,21.139213675944347,21.350831652291653,6.998245660197717,21.0,0,-0.35083165229165303,21.345229324838186,20.5,21.5
1849.0,21.136385482341197,21.35886587643695,6.998171812528096,21.0,0,-0.3588658764369512,21.439208117889933,20.5,21.5
1850.0,21.133557839607235,21.271478832640106,6.998096443163716,21.0,1,-0.2714788326401063,20.397608394671657,20.5,21.5
1851.0,21.150730747327945,21.383836278158675,6.998019552161975,21.0,0,-0.38383627815867527,22.507410733344365,20.5,21.5
1852.0,21.147900205088913,21.4074204843632,6.99794113958143,21.0,0,-0.40742048436320033,21.64326254640845,20.5,21.5
1853.0,21.14507021327581,21.435062838125393,6.997861205481794,21.0,0,-0.43506283812539337,21.711486375747324,20.5,21.5
1854.0,21.142240771474253,21.48338685756655,6.99777974992394,21.0,0,-0.48338685756655053,21.966627051978122,20.5,21.5
1855.0,21.139411879269943,21.62890830399242,6.997696772969901,21.0,0,-0.6289083039924215,23.08412276825113,20.5,21.5
1856.0,21.136583536248683,21.55282659136093,6.997612274682869,21.0,0,-0.5528265913609296,20.79200946504601,20.5,21.5
1857.0,21.13375574199637,21.45056185980578,6.997526255127189,21.0,1,-0.4505618598057808,20.427914544254293,20.5,21.5
1858.0,21.150928496099,21.425504168164817,6.997438714368372,21.0,1,-0.4255041681648173,21.174927251755182,20.5,21.5
1859.0,21.168097798142654,21.45169520728806,6.997349652473083,21.0,0,-0.45169520728806134,21.713605598520502,20.5,21.5
1860.0,21.16526364851352,21.3207888526578,6.9972590695091474,21.0,1,-0.3207888526577989,20.011725306355174,20.5,21.5
1861.0,21.18243004759772,21.30134495606964,6.9971669655455475,21.0,1,-0.3013449560696415,21.106905990188068,20.5,21.5
1862.0,21.19959299498131,21.377008126832436,6.997073340652424,21.0,0,-0.3770081268324361,22.133639834460382,20.5,21.5
1863.0,21.196752491050443,21.45633711718059,6.996978194901076,21.0,0,-0.45633711718058834,22.24962702066211,20.5,21.5
1864.0,21.193912536191213,21.4681048101065,6.9968815283639625,21.0,0,-0.4681048101064995,21.58578173936561,20.5,21.5
1865.0,21.191073129989647,21.510976236873745,6.996783341114698,21.0,0,-0.5109762368737449,21.9396905045462,20.5,21.5
1866.0,21.18823427203187,21.56639265833845,6.996683633228057,21.0,0,-0.5663926583384509,22.12055687298551,20.5,21.5
1867.0,21.18539596190411,21.575798042201654,6.996582404779971,21.0,0,-0.5757980422016544,21.66985188083369,20.5,21.5
1868.0,21.182558199192684,21.62175791588056,6.996479655847531,21.0,0,-0.6217579158805613,22.08135665266963,20.5,21.5
1869.0,21.179720983484014,21.541817915310048,6.9963753865089835,21.0,0,-0.5418179153100482,20.742417909604917,20.5,21.5
1870.0,21.176884314364617,21.58751936323721,6.996269596843734,21.0,0,-0.5875193632372095,22.044533842508823,20.5,21.5
1871.0,21.174048191421114,21.587368768178113,6.996162286932347,21.0,0,-0.5873687681781128,21.585862817587145,20.5,21.5
1872.0,21.17121261424022,21.562899484560113,6.996053456856544,21.0,0,-0.5628994845601127,21.318206648380112,20.5,21.5
1873.0,21.16837758240874,21.414781218029283,6.995943106699201,21.0,1,-0.41478121802928314,19.933598552720987,20.5,21.5
1874.0,21.185543095513598,21.424994745613724,6.995831236544358,21.0,0,-0.4249947456137235,21.527130021458127,20.5,21.5
1875.0,21.182705153141804,21.439565893585744,6.995717846477207,21.0,0,-0.43956589358574405,21.58527737330595,20.5,21.5
1876.0,21.17986775568047,21.442601450361416,6.9956029365841,21.0,0,-0.4426014503614155,21.47295701811813,20.5,21.5
1877.0,21.17703090271665,21.475085749839714,6.995486506952545,21.0,0,-0.47508574983971386,21.799928744622697,20.5,21.5
1878.0,21.174194593837495,21.608244225048725,6.995368557671211,21.0,0,-0.6082442250487254,22.93982897713884,20.5,21.5
1879.0,21.17135882863026,21.68887112127478,6.995249088829918,21.0,0,-0.6888711212747793,22.49514008353532,20.5,21.5
1880.0,21.1685236066823,21.65064966806117,6.995128100519649,21.0,0,-0.6506496680611704,21.26843513592508,20.5,21.5
1881.0,21.165688927581066,21.659808325279485,6.99500559283254,21.0,0,-0.6598083252794851,21.75139489746263,20.5,21.5
1882.0,21.162854790914118,21.644859343693888,6.994881565861888,21.0,0,-0.6448593436938879,21.495369527837916,20.5,21.5
1883.0,21.160021196269106,21.569477138592354,6.994756019702144,21.0,0,-0.5694771385923545,20.81565508757702,20.5,21.5
1884.0,21.157188143233792,21.531919379728375,6.994628954448916,21.0,0,-0.5319193797283752,21.156341791088582,20.5,21.5
1885.0,21.154355631396037,21.569897545805667,6.994500370198971,21.0,0,-0.5698975458056665,21.94967920657858,20.5,21.5
1886.0,21.1515236603438,21.492303402573647,6.994370267050232,21.0,0,-0.492303402573647,20.716361970253452,20.5,21.5
1887.0,21.14869222966514,21.5000678244212,6.994238645101776,21.0,0,-0.5000678244212011,21.577712042896742,20.5,21.5
1888.0,21.14586133894823,21.534135649493148,6.994105504453841,21.0,0,-0.5341356494931482,21.87481390021262,20.5,21.5
1889.0,21.14303098778133,21.476454662662114,6.9939708452078175,21.0,0,-0.476454662662114,20.899644794351772,20.5,21.5
1890.0,21.140201175752814,21.43709161319815,6.993834667466256,21.0,0,-0.4370916131981488,21.043461118558497,20.5,21.5
1891.0,21.137371902451157,21.504367300583603,6.993696971332861,21.0,0,-0.5043673005836027,22.17712417443814,20.5,21.5
1892.0,21.134543167464933,21.49784668759019,6.9935577569124945,21.0,0,-0.49784668759019013,21.432640557656065,20.5,21.5
1893.0,21.131714970382824,21.475049561260832,6.9934170243111735,21.0,0,-0.47504956126083187,21.24707829796725,20.5,21.5
1894.0,21.12888731079361,21.448244149135917,6.993274773636073,21.0,0,-0.4482441491359168,21.180190027886766,20.5,21.5
1895.0,21.12606018828618,21.50719731405616,6.993131004995523,21.0,0,-0.5071973140561603,22.096728963258595,20.5,21.5
1896.0,21.12323360244952,21.431120591248494,6.992985718499009,21.0,0,-0.43112059124849367,20.670353363171827,20.5,21.5
1897.0,21.12040755287273,21.36978664609807,6.992838914257173,21.0,0,-0.36978664609807055,20.75644719459384,20.5,21.5
1898.0,21.117582039145006,21.342797028235474,6.992690592381813,21.0,0,-0.34279702823547353,21.072900849609503,20.5,21.5
1899.0,21.114757060855652,21.382667894209373,6.9925407529858825,21.0,0,-0.38266789420937286,21.781376553948366,20.5,21.5
1900.0,21.11193261759408,21.32742715547861,6.992389396183491,21.0,0,-0.3274271554786097,20.775019768170978,20.5,21.5
1901.0,21.109108708949798,21.331802554341945,6.992236522089903,21.0,0,-0.3318025543419445,21.375556542975293,20.5,21.5
1902.0,21.106285334512425,21.374076120040048,6.992082130821539,21.0,0,-0.37407612004004775,21.79681177702108,20.5,21.5
1903.0,21.103462493871685,21.38622139003614,6.991926222495975,21.0,0,-0.3862213900361411,21.507674089997074,20.5,21.5
1904.0,21.10064018661741,21.38384447520844,6.9917687972319404,21.0,0,-0.38384447520844134,21.360075326931444,20.5,21.5
1905.0,21.097818412339535,21.40988331105941,6.991609855149323,21.0,0,-0.40988331105941,21.670271669569097,20.5,21.5
1906.0,21.094997170628098,21.42919897304712,6.991449396369164,21.0,0,-0.4291989730471215,21.622355592924237,20.5,21.5
1907.0,21.092176461073247,21.357959647323632,6.991287421013659,21.0,0,-0.35795964732363217,20.64556639008874,20.5,21.5
1908.0,21.089356283265236,21.394755271745865,6.99112392920616,21.0,0,-0.3947552717458649,21.762711515968192,20.5,21.5
1909.0,21.086536636794424,21.403939224749116,6.990958921071172,21.0,0,-0.4039392247491165,21.495778754781632,20.5,21.5
1910.0,21.08371752125128,21.444863792121275,6.990792396734358,21.0,0,-0.444863792121275,21.85410946584286,20.5,21.5
1911.0,21.080898936226376,21.501283537019553,6.990624356322531,21.0,0,-0.5012835370195532,22.065480986002335,20.5,21.5
1912.0,21.078080881310395,21.5887018046137,6.990454799963662,21.0,0,-0.5887018046136987,22.462884480555154,20.5,21.5
1913.0,21.075263356094126,21.6390474547546,6.990283727786877,21.0,0,-0.6390474547545999,22.142503956163612,20.5,21.5
1914.0,21.072446360168463,21.60224322814481,6.990111139922453,21.0,0,-0.6022432281448111,21.234200962046923,20.5,21.5
1915.0,21.069629893124414,21.624148809226405,6.989937036501823,21.0,0,-0.6241488092264049,21.843204620042343,20.5,21.5
1916.0,21.06681395455309,21.614090702157444,6.989761417657577,21.0,0,-0.6140907021574442,21.513509631467837,20.5,21.5
1917.0,21.063998544045713,21.63496754057343,6.9895842835234525,21.0,0,-0.634967540573431,21.8437359247333,20.5,21.5
1918.0,21.06118366119361,21.504109533700564,6.989405634234348,21.0,1,-0.5041095337005643,20.195529464971898,20.5,21.5
1919.0,21.078369305588218,21.600810478106773,6.989225469926312,21.0,0,-0.6008104781067729,22.56781992216886,20.5,21.5
1920.0,21.075551476821087,21.543658383901565,6.989043790736547,21.0,0,-0.5436583839015654,20.97213744184949,20.5,21.5
1921.0,21.07273417528387,21.502921637594646,6.988860596803409,21.0,0,-0.5029216375946461,21.095554174525454,20.5,21.5
1922.0,21.069917400568173,21.292840147874863,6.9886758882664095,21.0,1,-0.29284014787486257,19.192025250677027,20.5,21.5
1923.0,21.087101152265713,21.30119891301701,6.988489665266211,21.0,1,-0.30119891301701074,21.384786564438492,20.5,21.5
1924.0,21.104281429968314,21.253480059079486,6.988301927944631,21.0,1,-0.2534800590794859,20.776291519704237,20.5,21.5
1925.0,21.12145823406791,21.220020183884706,6.988112676444639,21.0,1,-0.22002018388470646,20.885421431936912,20.5,21.5
1926.0,21.138631564956384,21.230303857441125,6.98792191091036,21.0,1,-0.23030385744112536,21.333140593005314,20.5,21.5
1927.0,21.155801423025576,21.380988831238916,6.987729631487068,21.0,0,-0.38098883123891625,22.887838569216825,20.5,21.5
1928.0,21.152967808667267,21.41110683738106,6.987535838321193,21.0,0,-0.4111068373810589,21.712286898802486,20.5,21.5
1929.0,21.150134722273197,21.438577707259316,6.987340531560317,21.0,0,-0.43857770725931644,21.71328640604189,20.5,21.5
1930.0,21.147302163435054,21.43002469664904,6.987143711353175,21.0,0,-0.4300246966490384,21.344494590546258,20.5,21.5
1931.0,21.144470131744637,21.430455858669056,6.986945377849654,21.0,0,-0.4304558586690561,21.434767478869233,20.5,21.5
1932.0,21.141638626793856,21.522391249815072,6.986745531200793,21.0,0,-0.5223912498150725,22.441745161275236,20.5,21.5
1933.0,21.138807648174737,21.562859621404698,6.986544171558784,21.0,0,-0.5628596214046979,21.967543337300953,20.5,21.5
1934.0,21.135977195479413,21.563706733441837,6.986341299076972,21.0,0,-0.5637067334418369,21.572177853813226,20.5,21.5
1935.0,21.13314726830013,21.609533295107358,6.986136913909853,21.0,0,-0.609533295107358,22.06779891176257,20.5,21.5
1936.0,21.130317866229255,21.510970328085158,6.985931016213074,21.0,0,-0.5109703280851576,20.525340657863154,20.5,21.5
1937.0,21.127488988859252,21.448316432499688,6.985723606143436,21.0,0,-0.4483164324996878,20.82177747664499,20.5,21.5
1938.0,21.12466063578271,21.400192526053026,6.9855146838588915,21.0,0,-0.4001925260530257,20.918953461586405,20.5,21.5
1939.0,21.121832806592327,21.324264534576066,6.985304249518542,21.0,0,-0.3242645345760664,20.564984619806474,20.5,21.5
1940.0,21.119005500880913,21.364392816999903,6.985092303282644,21.0,0,-0.3643928169999029,21.765675641238268,20.5,21.5
1941.0,21.116178718241393,21.477408899360757,6.984878845312603,21.0,0,-0.47740889936075703,22.6075697229693,20.5,21.5
1942.0,21.113352458266807,21.41646433716145,6.984663875770977,21.0,0,-0.41646433716145026,20.807018715168383,20.5,21.5
1943.0,21.110526720550308,21.419791384832074,6.9844473948214745,21.0,0,-0.4197913848320738,21.45306186153831,20.5,21.5
1944.0,21.107701504685163,21.45997837878154,6.984229402628956,21.0,0,-0.459978378781539,21.86184831827619,20.5,21.5
1945.0,21.104876810264752,21.31247084549784,6.98400989935943,21.0,1,-0.31247084549784176,19.83739551266087,20.5,21.5
1946.0,21.12205263688257,21.267325007337245,6.98378888518006,21.0,1,-0.26732500733724507,20.815866625731278,20.5,21.5
1947.0,21.13922498413223,21.337190841193443,6.983566360259156,21.0,0,-0.33719084119344345,22.035849179755427,20.5,21.5
1948.0,21.136393852407455,21.42160479756502,6.9833423247661806,21.0,0,-0.42160479756502056,22.26574436128079,20.5,21.5
1949.0,21.133563242101925,21.412485748151266,6.983116778871748,21.0,0,-0.4124857481512656,21.321295254013716,20.5,21.5
1950.0,21.130733152809277,21.491038642987725,6.982889722747621,21.0,0,-0.4910386429877249,22.27656759135232,20.5,21.5
1951.0,21.127903584123263,21.524669463882603,6.982661156566712,21.0,0,-0.5246694638826028,21.860977672831382,20.5,21.5
1952.0,21.12507453563775,21.507678596559355,6.982431080503083,21.0,0,-0.5076785965593551,21.337769923326878,20.5,21.5
1953.0,21.122246006946725,21.422708898919574,6.982199494731949,21.0,0,-0.42270889891957353,20.573011922521758,20.5,21.5
1954.0,21.11941799764428,21.44537445220427,6.981966399429672,21.0,0,-0.44537445220426974,21.672029985051232,20.5,21.5
1955.0,21.116590507324638,21.412780903916435,6.981731794773765,21.0,0,-0.41278090391643474,21.086845421038085,20.5,21.5
1956.0,21.113763535582127,21.426881029822344,6.981495680942887,21.0,0,-0.42688102982234355,21.56788228888143,20.5,21.5
1957.0,21.110937082011198,21.36871681857965,6.981258058116851,21.0,0,-0.36871681857964944,20.78707470615271,20.5,21.5
1958.0,21.10811114620642,21.42451605454888,6.981018926476618,21.0,0,-0.4245160545488815,21.982508414241202,20.5,21.5
1959.0,21.10528572776247,21.32870757212447,6.980778286204295,21.0,1,-0.32870757212446833,20.370622747880336,20.5,21.5
1960.0,21.12246082627416,21.35008543574951,6.98053613748314,21.0,0,-0.35008543574950934,21.56386407199992,20.5,21.5
1961.0,21.119632441336403,21.326132851266685,6.980292480497562,21.0,0,-0.326132851266685,21.08660700643844,20.5,21.5
1962.0,21.116804573344236,21.373364569268954,6.980047315433115,21.0,0,-0.3733645692689542,21.845681749291646,20.5,21.5
1963.0,21.113977221892654,21.35036069547123,6.979800642476503,21.0,0,-0.35036069547123105,21.120321957494,20.5,21.5
1964.0,21.11115038657677,21.389723481782212,6.979552461815578,21.0,0,-0.3897234817822124,21.783351344892026,20.5,21.5
1965.0,21.10832406699182,21.47404743869341,6.979302773639341,21.0,0,-0.47404743869341104,22.317287007805398,20.5,21.5
1966.0,21.10549826273315,21.560077232575846,6.979051578137939,21.0,0,-0.5600772325758463,22.4203751714002,20.5,21.5
1967.0,21.10267297339623,21.528411212244897,6.97879887550267,21.0,0,-0.5284112122448974,21.21175100893541,20.5,21.5
1968.0,21.09984819857665,21.486447079123412,6.978544665925977,21.0,0,-0.4864470791234119,21.066805747908557,20.5,21.5
1969.0,21.097023937870123,21.465476570474966,6.978288949601452,21.0,0,-0.4654765704749657,21.255771483990504,20.5,21.5
1970.0,21.09420019087247,21.313700654727217,6.978031726723834,21.0,1,-0.3137006547272172,19.795941497249732,20.5,21.5
1971.0,21.11137695717964,21.236981633526977,6.9777729974890095,21.0,1,-0.23698163352697676,20.469791421524572,20.5,21.5
1972.0,21.128550236387703,21.276198205714877,6.977512762094012,21.0,0,-0.2761982057148771,21.66836392759388,20.5,21.5
1973.0,21.125720028892843,21.255406643670746,6.977251020737022,21.0,0,-0.25540664367074584,21.047491023229433,20.5,21.5
1974.0,21.122890335091213,21.316546517675146,6.976987773617367,21.0,0,-0.3165465176751461,21.92794525771915,20.5,21.5
1975.0,21.12006115457892,21.362249777913554,6.9767230209355215,21.0,0,-0.3622497779135543,21.819282380297636,20.5,21.5
1976.0,21.11723248695219,21.351840047572242,6.976456762893106,21.0,0,-0.3518400475722423,21.247742744159122,20.5,21.5
1977.0,21.11440433180738,21.340947148694816,6.976188999692887,21.0,0,-0.34094714869481635,21.232018159920557,20.5,21.5
1978.0,21.111576688740957,21.37343506775519,6.975919731538778,21.0,0,-0.37343506775518875,21.698314258358913,20.5,21.5
1979.0,21.108749557349515,21.37929517670147,6.975648958635839,21.0,0,-0.3792951767014685,21.437896266164266,20.5,21.5
1980.0,21.105922937229774,21.339168968236542,6.9753766811902755,21.0,0,-0.3391689682365424,20.93790688358728,20.5,21.5
1981.0,21.103096827978565,21.346904168132472,6.975102899409437,21.0,0,-0.3469041681324718,21.424256167091766,20.5,21.5
1982.0,21.100271229192852,21.297218018338622,6.974827613501823,21.0,0,-0.29721801833862216,20.800356520400126,20.5,21.5
1983.0,21.097446140469714,21.32607747328346,6.974550823677073,21.0,0,-0.3260774732834584,21.61467202273182,20.5,21.5
1984.0,21.094621561406356,21.349765314769204,6.974272530145976,21.0,0,-0.34976531476920414,21.586643729626662,20.5,21.5
1985.0,21.091797491600104,21.463737245923397,6.973992733120464,21.0,0,-0.46373724592339727,22.60345655746533,20.5,21.5
1986.0,21.088973930648407,21.488522593957658,6.973711432813614,21.0,0,-0.48852259395765785,21.736376074300264,20.5,21.5
1987.0,21.08615087814884,21.564418921887516,6.973428629439651,21.0,0,-0.5644189218875155,22.323382201186092,20.5,21.5
1988.0,21.083328333699097,21.53029555738996,6.973144323213939,21.0,0,-0.5302955573899588,21.18906191241439,20.5,21.5
1989.0,21.080506296897,21.496664119839945,6.972858514352991,21.0,0,-0.4966641198399451,21.160349744339808,20.5,21.5
1990.0,21.07768476734049,21.34426646755433,6.972571203074462,21.0,1,-0.34426646755433055,19.820289944698185,20.5,21.5
1991.0,21.094863744627638,21.38549071213714,6.972282389597154,21.0,0,-0.38549071213714114,21.797733157965247,20.5,21.5
1992.0,21.092039228356633,21.35879986489048,6.97199207414101,21.0,0,-0.35879986489047866,21.091891392423854,20.5,21.5
1993.0,21.08921521892579,21.327113483499506,6.971700256927117,21.0,0,-0.327113483499506,21.01024966958978,20.5,21.5
1994.0,21.08639171593339,21.343571045649412,6.971406938177707,21.0,0,-0.3435710456494121,21.508146667148473,20.5,21.5
1995.0,21.08356871897784,21.437794400229603,6.971112118116156,21.0,0,-0.4377944002296026,22.380027946031507,20.5,21.5
1996.0,21.080746227657666,21.35456970036641,6.97081579696698,21.0,0,-0.35456970036641167,20.522322701734502,20.5,21.5
1997.0,21.077924241571527,21.302708866969635,6.970517974955843,21.0,0,-0.3027088669696347,20.784100533001865,20.5,21.5
1998.0,21.075102760318202,21.375164022970832,6.970218652309548,21.0,0,-0.3751640229708322,22.099715582982807,20.5,21.5
1999.0,21.0722817834966,21.410906892410207,6.969917829256042,21.0,0,-0.41090689241020684,21.768335586803953,20.5,21.5
2000.0,21.06946131070575,21.44927571148692,6.969615506024416,21.0,0,-0.44927571148691925,21.832963902254043,20.5,21.5
2001.0,21.066641341544816,21.428470024687293,6.969311682844902,21.0,0,-0.428470024687293,21.22041315669103,20.5,21.5
2002.0,21.063821875613076,21.4578291649051,6.969006359948873,21.0,0,-0.4578291649050996,21.751420567083166,20.5,21.5
2003.0,21.06100291250994,21.412627046473528,6.968699537568848,21.0,0,-0.41262704647352777,20.96060586215781,20.5,21.5
2004.0,21.058184451834954,21.368150133395055,6.9683912159384835,21.0,0,-0.368150133395055,20.923381002610327,20.5,21.5
2005.0,21.055366493187776,21.340881048553893,6.9680813952925815,21.0,0,-0.3408810485538929,21.068190200142272,20.5,21.5
2006.0,21.052549036168198,21.333375023161395,6.967770075867083,21.0,0,-0.3333750231613948,21.258314769236414,20.5,21.5
2007.0,21.04973208037614,21.3272581343887,6.967457257899071,21.0,0,-0.3272581343886998,21.26608924666175,20.5,21.5
2008.0,21.046915625411643,21.323752495433467,6.967142941626772,21.0,0,-0.3237524954334674,21.288696105881144,20.5,21.5
2009.0,21.044099670874886,21.297976264535077,6.966827127289549,21.0,0,-0.29797626453507675,21.04021395555117,20.5,21.5
2010.0,21.04128421636617,21.37032093171006,6.9665098151279095,21.0,0,-0.37032093171006153,22.09376760345991,20.5,21.5
2011.0,21.038469261485922,21.349932021669645,6.9661910053835,21.0,0,-0.34993202166964466,21.146042921265476,20.5,21.5
2012.0,21.035654805834703,21.349535203529623,6.965870698299108,21.0,0,-0.34953520352962286,21.345567022129405,20.5,21.5
2013.0,21.032840849013194,21.375867062878434,6.965548894118663,21.0,0,-0.3758670628784344,21.63918565636655,20.5,21.5
2014.0,21.030027390622216,21.47449350151733,6.96522559308723,21.0,0,-0.4744935015173297,22.460757887906283,20.5,21.5
2015.0,21.02721443026271,21.45351355680357,6.964900795451019,21.0,0,-0.4535135568035713,21.243714109665987,20.5,21.5
2016.0,21.02440196753575,21.52138848473248,6.964574501457378,21.0,0,-0.5213884847324799,22.200137764021566,20.5,21.5
2017.0,21.021590002042533,21.50799917741467,6.964246711354791,21.0,0,-0.5079991774146713,21.374106104236585,20.5,21.5
2018.0,21.018778533384396,21.410820818996342,6.9639174253928875,21.0,1,-0.41082081899634204,20.43903723481305,20.5,21.5
2019.0,21.035967561162796,21.299258657624137,6.963586643822431,21.0,1,-0.2992586576241365,20.18363704390208,20.5,21.5
2020.0,21.05315308497933,21.186553292910165,6.9632543668953275,21.0,1,-0.18655329291016542,20.059499645770455,20.5,21.5
2021.0,21.07033510523571,21.20026158360678,6.96292059486462,21.0,1,-0.20026158360677826,21.337344490572907,20.5,21.5
2022.0,21.087513622333635,21.230023241539534,6.96258532798449,21.0,0,-0.23002324153953424,21.527639820867094,20.5,21.5
2023.0,21.084688636674766,21.39482996188291,6.962248566510258,21.0,0,-0.394829961882909,23.042897165316656,20.5,21.5
2024.0,21.081864148660735,21.451968764080064,6.961910310698383,21.0,0,-0.45196876408006403,22.023356786051615,20.5,21.5
2025.0,21.079040157893143,21.50643732357019,6.961570560806461,21.0,0,-0.5064373235701893,22.051122918471442,20.5,21.5
2026.0,21.076216663973725,21.49645705675481,6.961229317093226,21.0,0,-0.4964570567548101,21.396654388601018,20.5,21.5
2027.0,21.073393666504348,21.451522146103844,6.960886579818551,21.0,0,-0.45152214610384434,21.002173039594187,20.5,21.5
2028.0,21.07057116508701,21.33455947720957,6.960542349243443,21.0,1,-0.33455947720957013,20.164932788266828,20.5,21.5
2029.0,21.08774915932384,21.337190811205428,6.9601966256300525,21.0,1,-0.3371908112054278,21.363504151164005,20.5,21.5
2030.0,21.104923648817103,21.39815483673444,6.959849409241659,21.0,0,-0.39815483673444163,22.00779509202458,20.5,21.5
2031.0,21.102094633969187,21.414615075467186,6.959500700342685,21.0,0,-0.4146150754671858,21.579217462794627,20.5,21.5
2032.0,21.099266115182463,21.46920470546813,6.959150499198688,21.0,0,-0.46920470546812965,22.015101005477568,20.5,21.5
2033.0,21.096438092059266,21.595793128380645,6.95879880607636,21.0,0,-0.5957931283806452,22.8616773575058,20.5,21.5
2034.0,21.09361056420207,21.5540391514498,6.9584456212435315,21.0,0,-0.5540391514497998,21.136499382141345,20.5,21.5
2035.0,21.09078353121348,21.491212519347464,6.958090944969168,21.0,0,-0.4912125193474637,20.862946198324103,20.5,21.5
2036.0,21.08795699269623,21.50339423457669,6.95773477752337,21.0,0,-0.5033942345766889,21.62521138686894,20.5,21.5
2037.0,21.085130948253198,21.506759039812852,6.957377119177376,21.0,0,-0.5067590398128523,21.540407092174487,20.5,21.5
2038.0,21.08230539748738,21.507929153944737,6.957017970203557,21.0,0,-0.5079291539447368,21.519630295263582,20.5,21.5
2039.0,21.079480340001925,21.42637564358816,6.956657330875421,21.0,0,-0.42637564358815894,20.61084054002238,20.5,21.5
2040.0,21.0766557754001,21.408857294189083,6.956295201467611,21.0,0,-0.4088572941890831,21.233673800198325,20.5,21.5
2041.0,21.07383170328531,21.39040744055521,6.9559315822559045,21.0,0,-0.3904074405552116,21.205908904216496,20.5,21.5
2042.0,21.071008123261105,21.39640342368046,6.955566473517212,21.0,0,-0.3964034236804608,21.456363254932953,20.5,21.5
2043.0,21.068185034931158,21.3228473757921,6.955199875529582,21.0,0,-0.3228473757921009,20.587286896908502,20.5,21.5
2044.0,21.065362437899278,21.358404445172354,6.954831788572192,21.0,0,-0.35840444517235426,21.713975138974888,20.5,21.5
2045.0,21.062540331769412,21.343657964898448,6.954462212925358,21.0,0,-0.3436579648984477,21.196193162159382,20.5,21.5
2046.0,21.059718716145643,21.318855154534738,6.9540911488705275,21.0,0,-0.318855154534738,21.07082705089764,20.5,21.5
2047.0,21.056897590632186,21.336914984162224,6.9537185966902815,21.0,0,-0.3369149841622239,21.517513280437083,20.5,21.5
2048.0,21.0540769548334,21.31383482036126,6.953344556668336,21.0,0,-0.31383482036126154,21.083033182351638,20.5,21.5
2049.0,21.051256808353767,21.37078623183022,6.952969029089537,21.0,0,-0.37078623183021975,21.940300346519802,20.5,21.5
2050.0,21.048437150797913,21.38325616431042,6.952592014239867,21.0,0,-0.38325616431042064,21.50795548911243,20.5,21.5
2051.0,21.0456179817706,21.41780493298246,6.952213512406438,21.0,0,-0.4178049329824596,21.76329261970285,20.5,21.5
2052.0,21.042799300876727,21.360518265927148,6.951833523877495,21.0,0,-0.36051826592714775,20.78765159537403,20.5,21.5
2053.0,21.039981107721328,21.40174813123172,6.951452048942417,21.0,0,-0.40174813123172015,21.814046784277444,20.5,21.5
2054.0,21.037163401909574,21.361028551685802,6.951069087891713,21.0,0,-0.36102855168580206,20.95383275622662,20.5,21.5
2055.0,21.03434618304677,21.341646788015506,6.950684641017025,21.0,0,-0.3416467880155061,21.147829151312546,20.5,21.5
2056.0,21.031529450738365,21.27989296930692,6.950298708611126,21.0,0,-0.2798929693069212,20.662354782221072,20.5,21.5
2057.0,21.028713204589938,21.259617360763723,6.949911290967921,21.0,0,-0.2596173607637233,21.056861275331745,20.5,21.5
2058.0,21.025897444207214,21.270906889893197,6.9495223883824435,21.0,0,-0.27090688989319744,21.38380218118794,20.5,21.5
2059.0,21.023082169196048,21.289069852619868,6.949132001150861,21.0,0,-0.2890698526198676,21.47069947988657,20.5,21.5
2060.0,21.02026737916244,21.341152801614694,6.948740129570471,21.0,0,-0.34115280161469386,21.861982291562956,20.5,21.5
2061.0,21.017453073712524,21.293781562272695,6.948346773939699,21.0,0,-0.29378156227269514,20.820069168852708,20.5,21.5
2062.0,21.014639252452568,21.300474043314306,6.947951934558104,21.0,0,-0.30047404331430627,21.367398853730418,20.5,21.5
2063.0,21.01182591498899,21.24780432718978,6.947555611726371,21.0,0,-0.24780432718977963,20.721107165944513,20.5,21.5
2064.0,21.009013060928336,21.289194032787286,6.94715780574632,21.0,0,-0.28919403278728595,21.70309108876235,20.5,21.5
2065.0,21.0062006898773,21.31281018278918,6.946758516920897,21.0,0,-0.31281018278917827,21.5489716828081,20.5,21.5
2066.0,21.003388801442707,21.35796428842658,6.9463577455541765,21.0,0,-0.35796428842657946,21.80950534480059,20.5,21.5
2067.0,21.00057739523153,21.401231645257116,6.945955491951364,21.0,0,-0.4012316452571163,21.833905213562485,20.5,21.5
2068.0,20.997766470850873,21.398659128515195,6.945551756418793,21.0,0,-0.39865912851519525,21.372933961095985,20.5,21.5
2069.0,20.994956027907985,21.40075456968885,6.945146539263926,21.0,0,-0.4007545696888499,21.421708981425397,20.5,21.5
2070.0,20.992146066010257,21.314238200932,6.944739840795354,21.0,1,-0.3142382009319995,20.449074513363495,20.5,21.5
2071.0,21.009336584765215,21.35310019864459,6.944331661322793,21.0,0,-0.3531001986445901,21.741720175770496,20.5,21.5
2072.0,21.006523583780528,21.315330572945374,6.943922001157093,21.0,0,-0.31533057294537414,20.937634315953215,20.5,21.5
2073.0,21.003711063464003,21.33771882483462,6.943510860610225,21.0,0,-0.3377188248346208,21.561601343727087,20.5,21.5
2074.0,21.000899023423433,21.365428129810574,6.943098239995292,21.0,0,-0.3654281298105744,21.64252117957011,20.5,21.5
2075.0,20.998087463266746,21.418430646353375,6.942684139626523,21.0,0,-0.4184306463533751,21.948455811781383,20.5,21.5
2076.0,20.995276382602018,21.341152258494752,6.942268559819272,21.0,0,-0.34115225849475195,20.56836837990852,20.5,21.5
2077.0,20.992465781037463,21.292164568813256,6.941851500890023,21.0,0,-0.2921645688132557,20.802287671998293,20.5,21.5
2078.0,20.989655658181434,21.265874440701985,6.941432963156382,21.0,0,-0.2658744407019853,21.00297315958928,20.5,21.5
2079.0,20.986846013642428,21.21038967535703,6.941012946937085,21.0,0,-0.21038967535702824,20.655542021907458,20.5,21.5
2080.0,20.984036847029085,21.174481908007188,6.940591452551993,21.0,0,-0.17448190800718777,20.815404234508783,20.5,21.5
2081.0,20.981228157950188,21.25653437818855,6.940168480322092,21.0,0,-0.25653437818855096,22.077059080002183,20.5,21.5
2082.0,20.97841994601466,21.321990203334284,6.939744030569494,21.0,0,-0.3219902033342841,21.976548454791615,20.5,21.5
2083.0,20.97561221083157,21.34984868319407,6.939318103617435,21.0,0,-0.3498486831940717,21.628433481791948,20.5,21.5
2084.0,20.97280495201013,21.3678901135366,6.938890699790278,21.0,0,-0.3678901135365997,21.54830441696188,20.5,21.5
2085.0,20.969998169159684,21.39299502283115,6.938461819413509,21.0,0,-0.3929950228311512,21.644044115776666,20.5,21.5
2086.0,20.967191861889734,21.394369298468842,6.938031462813739,21.0,0,-0.39436929846884183,21.40811205484575,20.5,21.5
2087.0,20.96438602980992,21.429797194769442,6.9375996303187035,21.0,0,-0.4297971947694421,21.784076157775445,20.5,21.5
2088.0,20.961580672530022,21.41225407583149,6.937166322257262,21.0,0,-0.4122540758314912,21.236822886451982,20.5,21.5
2089.0,20.958775789659967,21.350578070915493,6.936731538959397,21.0,0,-0.35057807091549265,20.733818021755507,20.5,21.5
2090.0,20.955971380809828,21.26694300849224,6.936295280756216,21.0,1,-0.26694300849224106,20.430592384259725,20.5,21.5
2091.0,20.973167445589816,21.270871696958714,6.935857547979946,21.0,1,-0.2708716969587144,21.310158581623448,20.5,21.5
2092.0,20.990359983610293,21.255594429297485,6.935418340963943,21.0,1,-0.255594429297485,21.10282175268519,20.5,21.5
2093.0,21.007548995281763,21.23349994868935,6.934977660042679,21.0,1,-0.23349994868934942,21.012555142607994,20.5,21.5
2094.0,21.024734481014715,21.268046717431535,6.934535505551754,21.0,0,-0.26804671743153463,21.613514404853387,20.5,21.5
2095.0,21.021916441219624,21.31084750698385,6.934091877827886,21.0,0,-0.3108475069838512,21.738855402507017,20.5,21.5
2096.0,21.019098876306945,21.284044923085464,6.933646777208919,21.0,0,-0.2840449230854638,21.01601908410159,20.5,21.5
2097.0,21.016281785887124,21.237053504623688,6.933200204033815,21.0,0,-0.23705350462368813,20.76713932000593,20.5,21.5
2098.0,21.013465169570754,21.273341605799835,6.932752158642659,21.0,0,-0.27334160579983546,21.63622261756131,20.5,21.5
2099.0,21.01064902696857,21.20188111725119,6.932302641376657,21.0,1,-0.2018811172511903,20.48727623176474,20.5,21.5
2100.0,21.02783335769145,21.202536426267564,6.931851652578136,21.0,1,-0.20253642626756374,21.2090895164313,20.5,21.5
2101.0,21.045014161350426,21.19828916475631,6.931399192590545,21.0,1,-0.19828916475631075,21.15581654964378,20.5,21.5
2102.0,21.062191438356674,21.19279309321448,6.93094526175845,21.0,1,-0.19279309321447968,21.13783237779617,20.5,21.5
2103.0,21.079365189121354,21.215378411272496,6.9304898604275404,21.0,1,-0.21537841127249635,21.441231591852663,20.5,21.5
2104.0,21.096535414055616,21.337394457065177,6.930032988944623,21.0,0,-0.33739445706517657,22.55755491499198,20.5,21.5
2105.0,21.093702113570593,21.423039069145823,6.929574647657626,21.0,0,-0.42303906914582257,22.279485189952283,20.5,21.5
2106.0,21.09086928807741,21.41622570509945,6.929114836915597,21.0,0,-0.4162257050994498,21.348092064635722,20.5,21.5
2107.0,21.088036937187177,21.455432230792745,6.928653557068699,21.0,0,-0.455432230792745,21.847497487725697,20.5,21.5
2108.0,21.085205060511154,21.46371722905845,6.92819080846822,21.0,0,-0.4637172290584495,21.546567211715494,20.5,21.5
2109.0,21.082373657660746,21.37481699002242,6.927726591466562,21.0,1,-0.3748169900224205,20.48581459966213,20.5,21.5
2110.0,21.099542728247506,21.290290322099374,6.927260906417246,21.0,1,-0.29029032209937355,20.445023642868904,20.5,21.5
2111.0,21.11670827188314,21.3394573020339,6.926793753674912,21.0,0,-0.33945730203389957,21.83112710137916,20.5,21.5
2112.0,21.1138702889795,21.312407132427122,6.926325133595316,21.0,0,-0.31240713242712204,21.041905436359347,20.5,21.5
2113.0,21.11103277994842,21.237790110421127,6.925855046535334,21.0,1,-0.23779011042112685,20.491619890361175,20.5,21.5
2114.0,21.128195744401737,21.332508183083757,6.925383492852958,21.0,0,-0.33250818308375685,22.279688909710057,20.5,21.5
2115.0,21.125355181951427,21.403295187177346,6.924910472907294,21.0,0,-0.4032951871773456,22.111165228113233,20.5,21.5
2116.0,21.122515093009618,21.49400989330829,6.924435987058571,21.0,0,-0.4940098933082915,22.40115695461775,20.5,21.5
2117.0,21.119675477188427,21.567875914868562,6.923960035668127,21.0,0,-0.5678759148685621,22.30653613047127,20.5,21.5
2118.0,21.11683633410012,21.645142800229063,6.923482619098422,21.0,0,-0.6451428002290633,22.417811653834075,20.5,21.5
2119.0,21.11399766335712,21.634588693102017,6.92300373771303,21.0,0,-0.6345886931020175,21.52904762183156,20.5,21.5
2120.0,21.111159464571994,21.570903488173816,6.922523391876638,21.0,0,-0.5709034881738155,20.934051438891796,20.5,21.5
2121.0,21.108321737357453,21.475929887137998,6.922041581955051,21.0,0,-0.47592988713799755,20.526193876779818,20.5,21.5
2122.0,21.10548448132637,21.47873330910423,6.921558308315188,21.0,0,-0.4787333091042285,21.506767528766538,20.5,21.5
2123.0,21.10264769609177,21.496086801746213,6.921073571325084,21.0,0,-0.49608680174621256,21.669621728166053,20.5,21.5
2124.0,21.099811381266814,21.477241808959935,6.920587371353886,21.0,0,-0.47724180895993484,21.288791881097158,20.5,21.5
2125.0,21.096975536464832,21.47446299518199,6.920099708771858,21.0,0,-0.474462995181991,21.446674857402552,20.5,21.5
2126.0,21.094140161299293,21.438952682509306,6.919610583950374,21.0,0,-0.4389526825093064,21.08384955578246,20.5,21.5
2127.0,21.091305255383823,21.41223243078479,6.919119997261925,21.0,0,-0.41223243078479044,21.14502991353963,20.5,21.5
2128.0,21.088470818332198,21.354979804568142,6.918627949080115,21.0,0,-0.35497980456814204,20.782453542401658,20.5,21.5
2129.0,21.085636849758348,21.25782693823869,6.918134439779659,21.0,1,-0.25782693823868996,20.28629827494417,20.5,21.5
2130.0,21.102803349276353,21.225200903556054,6.917639469736386,21.0,1,-0.22520090355605404,20.898940556729695,20.5,21.5
2131.0,21.119966316500445,21.227576749917507,6.917143039327238,21.0,1,-0.22757674991750676,21.251335213532034,20.5,21.5
2132.0,21.137125751845012,21.221830045902358,6.916645148930266,21.0,1,-0.2218300459023581,21.16436300575087,20.5,21.5
2133.0,21.15428165572443,21.252157583158382,6.916145798924639,21.0,0,-0.25215758315838244,21.555432955718626,20.5,21.5
2134.0,21.15143402855307,21.434389134076618,6.91564498969063,21.0,0,-0.4343891340766177,23.25670464325897,20.5,21.5
2135.0,21.148586870745298,21.507403631693506,6.915142721609629,21.0,0,-0.5074036316935064,22.237548607862394,20.5,21.5
2136.0,21.14574018191547,21.546566951002383,6.914638995064134,21.0,0,-0.546566951002383,21.938200144091148,20.5,21.5
2137.0,21.1428939616781,21.55018677397632,6.9141338104377565,21.0,0,-0.5501867739763213,21.586385003715705,20.5,21.5
2138.0,21.140048209647855,21.481001160623315,6.913627168115215,21.0,0,-0.48100116062331466,20.789145027093248,20.5,21.5
2139.0,21.13720292543955,21.338809929514508,6.91311906848234,21.0,1,-0.3388099295145075,19.916897618426436,20.5,21.5
2140.0,21.15435810866816,21.262156749638418,6.912609511926071,21.0,1,-0.26215674963841806,20.495624950877524,20.5,21.5
2141.0,21.17150975894881,21.235868079396766,6.9120984988344585,21.0,1,-0.23586807939676646,20.97298137698025,20.5,21.5
2142.0,21.188657876696787,21.22758645293546,6.91158602959666,21.0,1,-0.22758645293545854,21.14477018832238,20.5,21.5
2143.0,21.205802462327366,21.32475369842492,6.911072104602945,21.0,0,-0.32475369842492086,22.296426153319544,20.5,21.5
2144.0,21.20294351625582,21.37708373814602,6.910556724244687,21.0,0,-0.3770837381460197,21.900384135357008,20.5,21.5
2145.0,21.20008503889742,21.48541809393692,6.9100398889143735,21.0,0,-0.4854180939369215,22.56876165184594,20.5,21.5
2146.0,21.197227029867424,21.51674849088335,6.909521599005595,21.0,0,-0.5167484908833515,21.830052460347652,20.5,21.5
2147.0,21.194369488781252,21.557393238851148,6.909001854913052,21.0,0,-0.557393238851148,21.963840718529113,20.5,21.5
2148.0,21.19151241525448,21.501695372022372,6.908480657032554,21.0,0,-0.5016953720223718,20.94471670373461,20.5,21.5
2149.0,21.188655808902833,21.48673593237787,6.907958005761014,21.0,0,-0.4867359323778686,21.337141535932837,20.5,21.5
2150.0,21.185799669342206,21.54120250514994,6.907433901496454,21.0,0,-0.5412025051499398,22.085868232870652,20.5,21.5
2151.0,21.182943996188637,21.463878288508205,6.906908344638002,21.0,0,-0.4638782885082051,20.690636122090858,20.5,21.5
2152.0,21.180088789058328,21.41590736326345,6.906381335585894,21.0,0,-0.41590736326345024,20.9361981108159,20.5,21.5
2153.0,21.177234047567634,21.430736429531116,6.905852874741469,21.0,0,-0.430736429531116,21.579027092207774,20.5,21.5
2154.0,21.17437977133307,21.449556321730867,6.905322962507173,21.0,0,-0.4495563217308671,21.637755243728378,20.5,21.5
2155.0,21.171525959971305,21.44408997912704,6.904791599286557,21.0,0,-0.44408997912703896,21.389426553088757,20.5,21.5
2156.0,21.16867261309917,21.438436680605072,6.904258785484277,21.0,0,-0.4384366806050721,21.381903695385404,20.5,21.5
2157.0,21.165819730333645,21.415682588811997,6.903724521506096,21.0,0,-0.4156825888119968,21.188141670881244,20.5,21.5
2158.0,21.16296731129188,21.388906737458875,6.903188807758877,21.0,0,-0.38890673745887483,21.121148223927655,20.5,21.5
2159.0,21.160115355591174,21.450101270958285,6.9026516446505894,21.0,0,-0.4501012709582852,22.06204660595239,20.5,21.5
2160.0,21.157263862848986,21.385900549595988,6.902113032590307,21.0,0,-0.38590054959598774,20.743893335973013,20.5,21.5
2161.0,21.154412832682933,21.46414213897663,6.901572971988207,21.0,0,-0.46414213897663004,22.246558032783053,20.5,21.5
2162.0,21.151562264710794,21.53988144083842,6.901031463255567,21.0,0,-0.5398814408384212,22.297274459456332,20.5,21.5
2163.0,21.148712158550502,21.60953240929939,6.900488506804772,21.0,0,-0.6095324092993906,22.306042093909085,20.5,21.5
2164.0,21.145862513820152,21.579649749676843,6.899944103049306,21.0,0,-0.5796497496768431,21.28082315345137,20.5,21.5
2165.0,21.143013330137997,21.59855215829186,6.8993982524037545,21.0,0,-0.5985521582918594,21.787576244442022,20.5,21.5
2166.0,21.14016460712245,21.61504031224421,6.898850955283808,21.0,0,-0.6150403122442114,21.77992185176773,20.5,21.5
2167.0,21.137316344392083,21.646165118223614,6.898302212106257,21.0,0,-0.6461651182236139,21.95741317801764,20.5,21.5
2168.0,21.134468541565624,21.63171613136295,6.8977520232889935,21.0,0,-0.6317161313629498,21.48722626275631,20.5,21.5
2169.0,21.131621198261968,21.624340958251857,6.89720038925101,21.0,0,-0.6243409582518566,21.550589227140925,20.5,21.5
2170.0,21.128774314100166,21.62779358890696,6.896647310412399,21.0,0,-0.627793588906961,21.662319895458005,20.5,21.5
2171.0,21.12592788869943,21.61218274938602,6.896092787194355,21.0,0,-0.6121827493860188,21.456074354176597,20.5,21.5
2172.0,21.123081921679127,21.55504609579914,6.895536820019172,21.0,0,-0.5550460957991383,20.983679559930334,20.5,21.5
2173.0,21.120236412658794,21.48246314192285,6.894979409310242,21.0,0,-0.48246314192284956,20.756633603159962,20.5,21.5
2174.0,21.117391361258125,21.45629751646837,6.894420555492058,21.0,0,-0.45629751646837136,21.19464126192359,20.5,21.5
2175.0,21.11454676709697,21.38608300949183,6.893860258990212,21.0,0,-0.3860830094918306,20.683937939726423,20.5,21.5
2176.0,21.11170262979535,21.364767177871652,6.893298520231393,21.0,0,-0.36476717787165214,21.151608861669867,20.5,21.5
2177.0,21.108858948973438,21.354169087650792,6.892735339643391,21.0,0,-0.35416908765079214,21.248188185442192,20.5,21.5
2178.0,21.106015724251574,21.32677229845082,6.892170717655091,21.0,0,-0.3267722984508197,21.052804406451095,20.5,21.5
2179.0,21.103172955250255,21.307601638654013,6.8916046546964775,21.0,0,-0.30760163865401324,21.11589504068595,20.5,21.5
2180.0,21.100330641590144,21.323997053191626,6.891037151198634,21.0,0,-0.32399705319162564,21.48795119856775,20.5,21.5
2181.0,21.097488782892064,21.318463893582837,6.890468207593736,21.0,0,-0.31846389358283744,21.263132297494955,20.5,21.5
2182.0,21.094647378777005,21.33364539519358,6.889897824315062,21.0,0,-0.3336453951935816,21.485460411301023,20.5,21.5
2183.0,21.09180642886611,21.446133621223545,6.889326001796981,21.0,0,-0.44613362122354516,22.57101588152318,20.5,21.5
2184.0,21.088965932780695,21.413905723806714,6.888752740474962,21.0,0,-0.41390572380671387,21.0916267496384,20.5,21.5
2185.0,21.086125890142235,21.408812319066385,6.888178040785569,21.0,0,-0.40881231906638504,21.357878271663097,20.5,21.5
2186.0,21.083286300572365,21.432200571971688,6.887601903166459,21.0,0,-0.4322005719716877,21.666083101024714,20.5,21.5
2187.0,21.080447163692885,21.379312817386637,6.887024328056388,21.0,0,-0.37931281738663714,20.85043527153613,20.5,21.5
2188.0,21.077608479125757,21.320098335442506,6.886445315895202,21.0,0,-0.32009833544250554,20.72795351600119,20.5,21.5
2189.0,21.074770246493113,21.33962153112537,6.885864867123846,21.0,0,-0.3396215311253705,21.53485348795402,20.5,21.5
2190.0,21.071932465417238,21.356219605319218,6.885282982184357,21.0,0,-0.35621960531921815,21.522200347257694,20.5,21.5
2191.0,21.06909513552059,21.337131610851976,6.884699661519864,21.0,0,-0.3371316108519764,21.14625166617956,20.5,21.5
2192.0,21.06625825642579,21.347935526999144,6.884114905574593,21.0,0,-0.34793552699914443,21.455974688470825,20.5,21.5
2193.0,21.06342182775562,21.39779101576311,6.883528714793861,21.0,0,-0.3977910157631115,21.896345903402782,20.5,21.5
2194.0,21.060585849133027,21.403841491312782,6.882941089624076,21.0,0,-0.40384149131278235,21.46434624680949,20.5,21.5
2195.0,21.057750320181125,21.32827048141293,6.882352030512742,21.0,0,-0.3282704814129289,20.572560382414395,20.5,21.5
2196.0,21.05491524052319,21.327304863420533,6.881761537908451,21.0,0,-0.3273048634205331,21.317648683496575,20.5,21.5
2197.0,21.052080609782667,21.325805963708582,6.881169612260891,21.0,0,-0.32580596370858217,21.310816966589073,20.5,21.5
2198.0,21.049246427583164,21.297251969402698,6.880576254020838,21.0,0,-0.2972519694026978,21.011712026343854,20.5,21.5
2199.0,21.04641269354845,21.22784101391986,6.87998146364016,21.0,0,-0.22784101391986056,20.533731459091488,20.5,21.5
2200.0,21.04357940730247,21.306160162351183,6.879385241571817,21.0,0,-0.3061601623511834,22.08935164666441,20.5,21.5
2201.0,21.040746568469324,21.307407762039144,6.878787588269857,21.0,0,-0.3074077620391442,21.319883758918753,20.5,21.5
2202.0,21.037914176673283,21.2411745935297,6.878188504189419,21.0,0,-0.24117459352969917,20.57884290843525,20.5,21.5
2203.0,21.035082231538787,21.177402012966038,6.877587989786731,21.0,0,-0.17740201296603786,20.539676207329425,20.5,21.5
2204.0,21.032250732690436,21.293714561537392,6.8769860455191125,21.0,0,-0.29371456153739217,22.456840047250935,20.5,21.5
2205.0,21.029419679753,21.310241787936764,6.8763826718449685,21.0,0,-0.31024178793676427,21.475514051930485,20.5,21.5
2206.0,21.02658907235142,21.31260382041667,6.875777869223795,21.0,0,-0.312603820416669,21.336224145215716,20.5,21.5
2207.0,21.023758910110796,21.4660200179626,6.875171638116177,21.0,0,-0.46602001796259884,23.000181993421897,20.5,21.5
2208.0,21.020929192656396,21.430560918811643,6.874563978983783,21.0,0,-0.4305609188116435,21.07596992730209,20.5,21.5
2209.0,21.01809991961366,21.358406266639506,6.873954892289374,21.0,0,-0.3584062666395056,20.636859744918127,20.5,21.5
2210.0,21.015271090608195,21.31164244700243,6.873344378496795,21.0,0,-0.3116424470024306,20.84400425063168,20.5,21.5
2211.0,21.012442705265773,21.31277152575035,6.8727324380709796,21.0,0,-0.3127715257503496,21.32406231322954,20.5,21.5
2212.0,21.009614763212333,21.245026598443363,6.872119071477947,21.0,0,-0.2450265984433635,20.567577325373502,20.5,21.5
2213.0,21.006787264073985,21.27260959748531,6.871504279184801,21.0,0,-0.2726095974853102,21.548439587904777,20.5,21.5
2214.0,21.003960207477007,21.255816160823308,6.870888061659734,21.0,0,-0.2558161608233078,21.087881794203284,20.5,21.5
2215.0,21.001133593047843,21.290008861176723,6.870270419372023,21.0,0,-0.2900088611767231,21.631935864710876,20.5,21.5
2216.0,20.99830742041311,21.30455604179557,6.869651352792029,21.0,0,-0.3045560417955713,21.450027847984053,20.5,21.5
2217.0,20.995481689199586,21.31224347129494,6.869030862391197,21.0,0,-0.31224347129494134,21.389117766288642,20.5,21.5
2218.0,20.992656399034225,21.314075025118704,6.86840894864206,21.0,0,-0.31407502511870433,21.332390563356334,20.5,21.5
2219.0,20.989831549544146,21.38712714036178,6.867785612018229,21.0,0,-0.3871271403617804,22.11764829279254,20.5,21.5
2220.0,20.987007140356642,21.40961830616869,6.867160852994403,21.0,0,-0.40961830616868866,21.63452996423777,20.5,21.5
2221.0,20.98418317109917,21.359885049857375,6.866534672046365,21.0,0,-0.35988504985737535,20.862552486744242,20.5,21.5
2222.0,20.981359641399358,21.310102130815743,6.865907069650978,21.0,0,-0.3101021308157428,20.812272940399417,20.5,21.5
2223.0,20.978536550885007,21.317588234990403,6.865278046286188,21.0,0,-0.3175882349904029,21.392449276737004,20.5,21.5
2224.0,20.975713899184086,21.227248550662136,6.864647602431024,21.0,1,-0.22724855066213578,20.323851707379465,20.5,21.5
2225.0,20.992891685924736,21.213696172621187,6.864015738565597,21.0,1,-0.21369617262118723,21.0781723922117,20.5,21.5
2226.0,21.010065910735264,21.167229067229314,6.863382455171098,21.0,1,-0.1672290672293144,20.702558013310586,20.5,21.5
2227.0,21.027236574044153,21.152624222654175,6.8627477527298,21.0,1,-0.1526242226541754,21.006575776902785,20.5,21.5
2228.0,21.04440367627989,21.221163959474982,6.862111631725057,21.0,0,-0.2211639594749819,21.906561327683047,20.5,21.5
2229.0,21.04156721787098,21.330861673026597,6.861474092641302,21.0,0,-0.33086167302659675,22.427838808542745,20.5,21.5
2230.0,21.038731199245934,21.287470179295546,6.860835135964049,21.0,0,-0.2874701792955463,20.853555241985042,20.5,21.5
2231.0,21.035895620033276,21.438174046835616,6.860194762179892,21.0,0,-0.43817404683561634,22.945212722236317,20.5,21.5
2232.0,21.033060479861707,21.430391849204895,6.859552971776503,21.0,0,-0.43039184920489504,21.352569872897682,20.5,21.5
2233.0,21.03022577836009,21.36499853304921,6.8589097652426325,21.0,0,-0.36499853304921004,20.71106537149236,20.5,21.5
2234.0,21.02739151515747,21.329428727826194,6.858265143068112,21.0,0,-0.32942872782619403,20.973730675596034,20.5,21.5
2235.0,21.02455768988305,21.35907548024708,6.857619105743849,21.0,0,-0.35907548024707836,21.65554300445592,20.5,21.5
2236.0,21.021724302166223,21.256261406101434,6.856971653761827,21.0,1,-0.25626140610143366,20.228120664644987,20.5,21.5
2237.0,21.038891351636543,21.314725908313047,6.856322787615111,21.0,0,-0.31472590831304714,21.899370930429182,20.5,21.5
2238.0,21.03605483792374,21.45031175753882,6.8556725077978395,21.0,0,-0.45031175753882025,22.80617024979655,20.5,21.5
2239.0,21.033218761457714,21.462417371673393,6.85502081480523,21.0,0,-0.4624173716733928,21.58347351301912,20.5,21.5
2240.0,21.030383121868383,21.460142995428487,6.854367709133575,21.0,0,-0.46014299542848747,21.437399232979434,20.5,21.5
2241.0,21.027547918785835,21.520519604648875,6.853713191280241,21.0,0,-0.5205196046488751,22.124285696852752,20.5,21.5
2242.0,21.024713151840334,21.51668985475206,6.8530572617436745,21.0,0,-0.5166898547520589,21.478392355783896,20.5,21.5
2243.0,21.021878820662316,21.46223412808062,6.852399921023393,21.0,0,-0.46223412808062037,20.917676861366235,20.5,21.5
2244.0,21.019044924882387,21.394553068279027,6.85174116961999,21.0,0,-0.39455306827902703,20.717742470263094,20.5,21.5
2245.0,21.016211464131334,21.382533854444446,6.851081008035133,21.0,0,-0.3825338544444463,21.26234171609864,20.5,21.5
2246.0,21.013378438040114,21.356557559278237,6.850419436771564,21.0,0,-0.3565575592782366,21.09679460761614,20.5,21.5
2247.0,21.01054584623986,21.372226288774165,6.8497564563330995,21.0,0,-0.37222628877416497,21.52891358373345,20.5,21.5
2248.0,21.00771368836188,21.313984451513846,6.8490920672246265,21.0,0,-0.31398445151384635,20.73156607891066,20.5,21.5
2249.0,21.00488196403765,21.348460742717414,6.848426269952107,21.0,0,-0.348460742717414,21.69322365475309,20.5,21.5
2250.0,21.002050672898832,21.41592779230788,6.847759065022574,21.0,0,-0.4159277923078797,22.090598288212536,20.5,21.5
2251.0,20.999219814577256,21.3941585285461,6.847090452944133,21.0,0,-0.39415852854610023,21.176465890928306,20.5,21.5
2252.0,20.99638938870493,21.32932028284375,6.846420434225962,21.0,0,-0.32932028284374937,20.68093782582024,20.5,21.5
2253.0,20.993559394914033,21.349596046003025,6.845749009378308,21.0,0,-0.3495960460030254,21.552353677595786,20.5,21.5
2254.0,20.990729832836927,21.364962655163293,6.8450761789124925,21.0,0,-0.36496265516329274,21.518628746765966,20.5,21.5
2255.0,20.987900702106142,21.240475352072874,6.844401943340904,21.0,1,-0.24047535207287396,19.995602321168686,20.5,21.5
2256.0,21.00507200235439,21.294091037600776,6.843726303177001,21.0,0,-0.2940910376007757,21.830247892879793,20.5,21.5
2257.0,21.00223973321455,21.327975169379233,6.843049258935315,21.0,0,-0.32797516937923277,21.666816487163803,20.5,21.5
2258.0,20.999407895119695,21.282776816279057,6.842370811131443,21.0,0,-0.28277681627905693,20.8307932852773,20.5,21.5
2259.0,20.9965764877029,21.26871762601745,6.841690960282053,21.0,0,-0.26871762601745175,21.1281257234014,20.5,21.5
2260.0,20.993745510597414,21.298816911804458,6.841009706904881,21.0,0,-0.29881691180445813,21.599809769674522,20.5,21.5
2261.0,20.990914963436676,21.329651401824755,6.840327051518731,21.0,0,-0.32965140182475494,21.637996302027723,20.5,21.5
2262.0,20.988084845854292,21.27475815645877,6.839642994643476,21.0,0,-0.2747581564587698,20.725825702798918,20.5,21.5
2263.0,20.98525515748405,21.242971682814545,6.838957536800052,21.0,0,-0.24297168281454518,20.9251069463723,20.5,21.5
2264.0,20.982425897959914,21.14741155777069,6.838270678510469,21.0,1,-0.14741155777068826,20.19181030733212,20.5,21.5
2265.0,20.999597066916024,21.142456435307125,6.837582420297797,21.0,1,-0.1424564353071247,21.09290521067149,20.5,21.5
2266.0,21.016764663986702,21.048706745952234,6.836892762686174,21.0,1,-0.04870674595223434,20.11120985240333,20.5,21.5
2267.0,21.03392868960644,21.053800656213934,6.836201706200806,21.0,1,-0.053800656213933706,21.104739758830927,20.5,21.5
2268.0,21.051089144209758,21.098703514744496,6.835509251367963,21.0,0,-0.09870351474449635,21.547732100050123,20.5,21.5
2269.0,21.04824602823119,21.26018274104728,6.8348153987149765,21.0,0,-0.2601827410472808,22.874975004075125,20.5,21.5
2270.0,21.04540334210529,21.310385663325512,6.834120148770248,21.0,0,-0.310385663325512,21.812414886107824,20.5,21.5
2271.0,21.04256108546662,21.34851838071524,6.833423502063241,21.0,0,-0.348518380715241,21.72984555461253,20.5,21.5
2272.0,21.03971925794994,21.441096943985606,6.832725459124479,21.0,0,-0.44109694398560606,22.366882576689257,20.5,21.5
2273.0,21.036877859190174,21.48017454069904,6.832026020485555,21.0,0,-0.4801745406990392,21.87095050783337,20.5,21.5
2274.0,21.03403688882243,21.35844795611687,6.8313251866791225,21.0,1,-0.3584479561168692,20.14118211029517,20.5,21.5
2275.0,21.051196346482,21.281329540408816,6.830622958238894,21.0,1,-0.28132954040881586,20.510145383328283,20.5,21.5
2276.0,21.068352231804354,21.246624224181733,6.82991933569965,21.0,1,-0.24662422418173335,20.89957106191091,20.5,21.5
2277.0,21.085504545225135,21.269460507665087,6.829214319597227,21.0,1,-0.26946050766508733,21.497823342498627,20.5,21.5
2278.0,21.102653287180008,21.214709979017492,6.828507910468527,21.0,1,-0.214709979017492,20.66720469254154,20.5,21.5
2279.0,21.119798458104665,21.26836407255188,6.827800108851512,21.0,0,-0.2683640725518792,21.80490500789575,20.5,21.5
2280.0,21.116940058434814,21.349061436631118,6.8270909152852015,21.0,0,-0.34906143663111777,22.156035077423503,20.5,21.5
2281.0,21.114082088606185,21.431473502631057,6.8263803303096795,21.0,0,-0.4314735026310572,22.25559416263045,20.5,21.5
2282.0,21.111224548254526,21.426268080876373,6.825668354466085,21.0,0,-0.4262680808763726,21.374213863329526,20.5,21.5
2283.0,21.10836743701577,21.431244507895038,6.824954988296621,21.0,0,-0.43124450789503754,21.481008778081687,20.5,21.5
2284.0,21.105510754526026,21.498966973380554,6.824240232344546,21.0,0,-0.4989669733805542,22.17619162823572,20.5,21.5
2285.0,21.10265450042159,21.483318869594445,6.823524087154177,21.0,0,-0.48331886959444503,21.326837831733354,20.5,21.5
2286.0,21.099798674338935,21.383052917992554,6.82280655327089,21.0,1,-0.38305291799255414,20.380393401973645,20.5,21.5
2287.0,21.11694327591472,21.408450789675793,6.82208763124112,21.0,0,-0.4084507896757934,21.662429506508186,20.5,21.5
2288.0,21.114084304785788,21.475318602185116,6.821367321612354,21.0,0,-0.4753186021851157,22.14399672727834,20.5,21.5
2289.0,21.111225761389154,21.469681386240495,6.820645624933142,21.0,0,-0.46968138624049516,21.41330922679429,20.5,21.5
2290.0,21.108367645361863,21.456803128586206,6.819922541753087,21.0,0,-0.45680312858620553,21.32802055204331,20.5,21.5
2291.0,21.10550995634114,21.48441720293831,6.8191980726228465,21.0,0,-0.48441720293831025,21.760557946459357,20.5,21.5
2292.0,21.102652693964398,21.379145508182017,6.818472218094137,21.0,1,-0.37914550818201675,20.32642856061908,20.5,21.5
2293.0,21.119795857869224,21.31167357727832,6.817744978719729,21.0,1,-0.3116735772783201,20.636954268241354,20.5,21.5
2294.0,21.136935447693393,21.290276963823278,6.817016355053443,21.0,1,-0.2902769638232776,21.076310829272852,20.5,21.5
2295.0,21.154071463874864,21.314942366042352,6.816286347650163,21.0,0,-0.31494236604235226,21.5615963882331,20.5,21.5
2296.0,21.15120390685162,21.308848774574834,6.815554957065817,21.0,0,-0.30884877457483384,21.24791285989965,20.5,21.5
2297.0,21.14833677706166,21.386930368299996,6.814822183857394,21.0,0,-0.3869303682999963,22.16774630555162,20.5,21.5
2298.0,21.14547007414302,21.48157747354682,6.81408802858293,21.0,0,-0.481577473546821,22.42804852601507,20.5,21.5
2299.0,21.14260379773391,21.485641241335042,6.813352491801518,21.0,0,-0.48564124133504194,21.52627891921725,20.5,21.5
2300.0,21.13973794747272,21.549520057211417,6.8126155740733,21.0,0,-0.5495200572114172,22.18830821597517,20.5,21.5
2301.0,21.13687252299804,21.587447122094634,6.811877275959472,21.0,0,-0.587447122094634,21.966717770926802,20.5,21.5
2302.0,21.134007523948632,21.46904714601606,6.811137598022279,21.0,1,-0.46904714601605946,20.285047385230314,20.5,21.5
2303.0,21.151142949963447,21.359438537085914,6.810396540825019,21.0,1,-0.35943853708591433,20.263352447784463,20.5,21.5
2304.0,21.16827480068162,21.402877998,6.809654104932039,21.0,0,-0.402877998000001,21.837272607140868,20.5,21.5
2305.0,21.165403076542468,21.380761764880923,6.808910290908736,21.0,0,-0.3807617648809227,21.15959943369014,20.5,21.5
2306.0,21.16253177798534,21.382772556663813,6.808165099321557,21.0,0,-0.38277255666381294,21.402880474492715,20.5,21.5
2307.0,21.159660904649606,21.519164628055556,6.807418530737998,21.0,0,-0.519164628055556,22.883085341972986,20.5,21.5
2308.0,21.156790456174825,21.512770149234754,6.806670585726602,21.0,0,-0.5127701492347541,21.448825361026735,20.5,21.5
2309.0,21.153920432200735,21.444988750714195,6.805921264856963,21.0,0,-0.4449887507141952,20.767174765508607,20.5,21.5
2310.0,21.151050832367265,21.42727158459244,6.8051705686997215,21.0,0,-0.4272715845924395,21.250099923374883,20.5,21.5
2311.0,21.14818165631453,21.341716163948153,6.804418497826565,21.0,1,-0.34171616394815274,20.486161957505285,20.5,21.5
2312.0,21.165312903682832,21.288841297570645,6.803665052810228,21.0,1,-0.28884129757064514,20.76009263379557,20.5,21.5
2313.0,21.182440574112658,21.371905626009216,6.802910234224491,21.0,0,-0.37190562600921595,22.202548910394924,20.5,21.5
2314.0,21.17956466804468,21.342646942356556,6.802154042644183,21.0,0,-0.3426469423565557,21.050060105829953,20.5,21.5
2315.0,21.1766891859196,21.29228525237482,6.8013964786451755,21.0,0,-0.29228525237482117,20.788668352557476,20.5,21.5
2316.0,21.173814127378144,21.3675540523365,6.800637542804387,21.0,0,-0.3675540523365015,22.120242051953305,20.5,21.5
2317.0,21.17093949206123,21.423097290723202,6.79987723569978,21.0,0,-0.42309729072320224,21.97852967459021,20.5,21.5
2318.0,21.16806527960996,21.403954333672285,6.799115557910361,21.0,0,-0.40395433367228506,21.212524763163113,20.5,21.5
2319.0,21.16519148966562,21.359450911619135,6.798352510016181,21.0,0,-0.35945091161913467,20.91441669108763,20.5,21.5
2320.0,21.16231812186969,21.4820492749521,6.7975880925983345,21.0,0,-0.48204927495210015,22.708032908281755,20.5,21.5
2321.0,21.159445175863834,21.50365921826018,6.7968223062389574,21.0,0,-0.5036592182601787,21.719758651340964,20.5,21.5
2322.0,21.15657265128991,21.419226604184963,6.796055151521231,21.0,0,-0.4192266041849635,20.57490046343281,20.5,21.5
2323.0,21.153700547789956,21.425182199013754,6.795286629029377,21.0,0,-0.4251821990137543,21.484738147301663,20.5,21.5
2324.0,21.150828865006204,21.54466365569919,6.794516739348657,21.0,0,-0.5446636556991891,22.739478222553537,20.5,21.5
2325.0,21.147957602581073,21.489670698386533,6.7937454830653765,21.0,0,-0.4896706983865329,20.93974112525997,20.5,21.5
2326.0,21.14508676015717,21.470517948902643,6.792972860766881,21.0,0,-0.47051794890264276,21.27899045406374,20.5,21.5
2327.0,21.142216337377292,21.48226297978717,6.7921988730415555,21.0,0,-0.48226297978716914,21.599713288632433,20.5,21.5
2328.0,21.139346333884426,21.546002929762363,6.791423520478826,21.0,0,-0.5460029297623628,22.1834024295143,20.5,21.5
2329.0,21.136476749321744,21.56245676745937,6.790646803669156,21.0,0,-0.5624567674593699,21.72699514442944,20.5,21.5
2330.0,21.133607583332612,21.494912115110424,6.78986872320405,21.0,0,-0.49491211511042366,20.81946559162096,20.5,21.5
2331.0,21.130738835560585,21.52519607444328,6.78908927967605,21.0,0,-0.5251960744432793,21.828035667771836,20.5,21.5
2332.0,21.12787050564941,21.52810959115819,6.788308473678736,21.0,0,-0.5281095911581914,21.557244758307313,20.5,21.5
2333.0,21.125002593243014,21.46184851561689,6.787526305806726,21.0,0,-0.46184851561688944,20.79923776020387,20.5,21.5
2334.0,21.122135097985527,21.344066955807815,6.786742776655675,21.0,1,-0.3440669558078149,20.16625135771707,20.5,21.5
2335.0,21.13926801952126,21.36930601205992,6.785957886822274,21.0,0,-0.3693060120599192,21.621696574580962,20.5,21.5
2336.0,21.136397357494722,21.348618558780238,6.785171636904251,21.0,0,-0.3486185587802382,21.141744025983428,20.5,21.5
2337.0,21.133527112350603,21.38420775759987,6.784384027500369,21.0,0,-0.3842077575998708,21.740099745796197,20.5,21.5
2338.0,21.130657283733633,21.412724866860184,6.783595059210429,21.0,0,-0.4127248668601844,21.69789595946332,20.5,21.5
2339.0,21.127787871288728,21.396189056973274,6.782804732635261,21.0,0,-0.3961890569732738,21.230830958104168,20.5,21.5
2340.0,21.124918874661,21.443583541925456,6.782013048376736,21.0,0,-0.4435835419254559,21.917528391447277,20.5,21.5
2341.0,21.122050293495743,21.38904829457043,6.781220007037755,21.0,0,-0.3890482945704292,20.843695821020162,20.5,21.5
2342.0,21.119182127438453,21.397616755461307,6.780425609222253,21.0,0,-0.39761675546130704,21.483301364370085,20.5,21.5
2343.0,21.11631437613481,21.384253353803615,6.7796298555352,21.0,0,-0.384253353803615,21.250619337226695,20.5,21.5
2344.0,21.11344703923069,21.417039060133245,6.778832746582595,21.0,0,-0.417039060133245,21.744896123429545,20.5,21.5
2345.0,21.11058011637216,21.47058713779621,6.778034282971473,21.0,0,-0.4705871377962083,22.00606791442584,20.5,21.5
2346.0,21.10771360720548,21.433375083088926,6.777234465309897,21.0,0,-0.4333750830889258,21.0612545360161,20.5,21.5
2347.0,21.1048475113771,21.370712296903985,6.776433294206965,21.0,0,-0.3707122969039851,20.744084435054578,20.5,21.5
2348.0,21.101981828533663,21.36446493407042,6.7756307702728025,21.0,0,-0.36446493407041913,21.30199130573476,20.5,21.5
2349.0,21.09911655832201,21.395439537216486,6.774826894118567,21.0,0,-0.39543953721648606,21.705185568677155,20.5,21.5
2350.0,21.096251700389168,21.292598908122923,6.774021666356443,21.0,1,-0.29259890812292255,20.264192617187287,20.5,21.5
2351.0,21.11338725438236,21.367953168333038,6.77321508759965,21.0,0,-0.36795316833303815,22.121495770434194,20.5,21.5
2352.0,21.110519219949005,21.45323431292143,6.772407158462429,21.0,0,-0.4532343129214311,22.30604575880536,20.5,21.5
2353.0,21.10765159753671,21.462326801689862,6.771597879560057,21.0,0,-0.46232680168986207,21.55325168937417,20.5,21.5
2354.0,21.104784386793114,21.515375659297046,6.770787251508832,21.0,0,-0.515375659297046,22.045864235368885,20.5,21.5
2355.0,21.101917587366056,21.501170199223132,6.769975274926084,21.0,0,-0.5011701992231323,21.359115598483996,20.5,21.5
2356.0,21.099051198903567,21.457564129488055,6.769161950430168,21.0,0,-0.45756412948805547,21.021503432137287,20.5,21.5
2357.0,21.096185221053872,21.3762110138531,6.768347278640467,21.0,0,-0.3762110138531014,20.56267985750356,20.5,21.5
2358.0,21.09331965346539,21.337598649633172,6.767531260177387,21.0,0,-0.337598649633172,20.951475007433878,20.5,21.5
2359.0,21.09045449578673,21.279422368546825,6.766713895662363,21.0,0,-0.27942236854682534,20.69765955768336,20.5,21.5
2360.0,21.087589747666705,21.32053345718426,6.765895185717854,21.0,0,-0.3205334571842613,21.73164434355862,20.5,21.5
2361.0,21.084725408754316,21.38119169378088,6.765075130967342,21.0,0,-0.381191693780881,21.98777405974708,20.5,21.5
2362.0,21.08186147869876,21.40310734891252,6.7642537320353355,21.0,0,-0.40310734891252054,21.622263900228916,20.5,21.5
2363.0,21.078997957149426,21.34449733166732,6.7634309895473645,21.0,0,-0.3444973316673199,20.758397159215313,20.5,21.5
2364.0,21.076134843755906,21.35025603015125,6.762606904129985,21.0,0,-0.3502560301512503,21.407843014990554,20.5,21.5
2365.0,21.07327213816798,21.29437841062934,6.761781476410771,21.0,0,-0.29437841062933856,20.73560221541022,20.5,21.5
2366.0,21.070409840035627,21.263216649175416,6.760954707018324,21.0,0,-0.26321664917541554,20.951599034636185,20.5,21.5
2367.0,21.067547949009022,21.244773053201477,6.760126596582264,21.0,0,-0.24477305320147735,21.060337093462095,20.5,21.5
2368.0,21.064686464738536,21.276784171643545,6.759297145733233,21.0,0,-0.27678417164354485,21.59689535606422,20.5,21.5
2369.0,21.061825386874734,21.30815875761443,6.758466355102895,21.0,0,-0.3081587576144287,21.621904617323267,20.5,21.5
2370.0,21.05896471506838,21.326297809208953,6.7576342253239305,21.0,0,-0.32629780920895257,21.50768832515419,20.5,21.5
2371.0,21.056104448970434,21.27853728810398,6.756800757030046,21.0,0,-0.2785372881039798,20.800932077054252,20.5,21.5
2372.0,21.053244588232044,21.306509081249953,6.755965950855961,21.0,0,-0.3065090812499527,21.58622701270968,20.5,21.5
2373.0,21.05038513250457,21.325659941267396,6.755129807437418,21.0,0,-0.3256599412673964,21.517168541441833,20.5,21.5
2374.0,21.047526081439557,21.225735959985823,6.754292327411178,21.0,1,-0.22573595998582263,20.226496147170085,20.5,21.5
2375.0,21.06466743468875,21.1828639338284,6.753453511415016,21.0,1,-0.1828639338284006,20.75414367225418,20.5,21.5
2376.0,21.081805191904095,21.16951977340466,6.752613360087727,21.0,1,-0.16951977340465874,21.03607816916724,20.5,21.5
2377.0,21.098939353537734,21.169437181606447,6.751771874069124,21.0,1,-0.1694371816064475,21.168611263624335,20.5,21.5
2378.0,21.11606992004184,21.265291864407935,6.750929054000036,21.0,0,-0.26529186440793495,22.22383869242281,20.5,21.5
2379.0,21.113196891868633,21.34843005633034,6.750084900522305,21.0,0,-0.34843005633033997,22.17981197555439,20.5,21.5
2380.0,21.110324269470365,21.399280883133297,6.749239414278792,21.0,0,-0.39928088313329724,21.90778915116287,20.5,21.5
2381.0,21.107452052499326,21.48776970437869,6.748392595913371,21.0,0,-0.48776970437868883,22.372657916832605,20.5,21.5
2382.0,21.10458024060801,21.508466015756525,6.747544446070931,21.0,0,-0.5084660157565253,21.71542912953489,20.5,21.5
2383.0,21.101708833449102,21.423777896278004,6.746694965397375,21.0,0,-0.4237778962780041,20.576896701492792,20.5,21.5
2384.0,21.098837830675492,21.398755867439117,6.74584415453962,21.0,0,-0.3987558674391174,21.14853557905025,20.5,21.5
2385.0,21.095967231940264,21.415589003296986,6.744992014145594,21.0,0,-0.41558900329698645,21.583920361875677,20.5,21.5
2386.0,21.093097036896705,21.388012094600736,6.744138544864241,21.0,0,-0.38801209460073594,21.11224300763823,20.5,21.5
2387.0,21.0902272451983,21.35150195828826,6.743283747345514,21.0,0,-0.35150195828826014,20.986400595163502,20.5,21.5
2388.0,21.08735785649873,21.393536754080532,6.742427622240379,21.0,0,-0.39353675408053235,21.813884712003254,20.5,21.5
2389.0,21.084488870451878,21.467859785027727,6.741570170200812,21.0,0,-0.46785978502772707,22.211090094499674,20.5,21.5
2390.0,21.08162028671183,21.415736339449033,6.740711391879799,21.0,0,-0.4157363394490332,20.894501883662095,20.5,21.5
2391.0,21.078752104932864,21.382823131283455,6.739851287931339,21.0,0,-0.38282313128345535,21.053691049627677,20.5,21.5
2392.0,21.075884324769465,21.412919001481278,6.738989859010438,21.0,0,-0.4129190014812778,21.713877703459502,20.5,21.5
2393.0,21.07301694587631,21.392947075312623,6.738127105773111,21.0,0,-0.3929470753126232,21.193227813626077,20.5,21.5
2394.0,21.07014996790829,21.384729945399112,6.737263028876383,21.0,0,-0.384729945399112,21.302558646264,20.5,21.5
2395.0,21.067283390520483,21.472448747738294,6.736397628978285,21.0,0,-0.4724487477382944,22.34963677113012,20.5,21.5
2396.0,21.064417213368174,21.52482648724108,6.735530906737857,21.0,0,-0.5248264872410786,22.04860388226892,20.5,21.5
2397.0,21.061551436106846,21.494451454819526,6.734662862815146,21.0,0,-0.4944514548195258,21.190701130603998,20.5,21.5
2398.0,21.058686058392187,21.462431590737193,6.733793497871206,21.0,0,-0.462431590737193,21.142232949913865,20.5,21.5
2399.0,21.055821079880083,21.429459276280433,6.732922812568095,21.0,0,-0.4294592762804328,21.09973613171283,20.5,21.5
2400.0,21.05295650022662,21.3163998716645,6.732050807568878,21.0,1,-0.3163998716645011,20.185805825505184,20.5,21.5
2401.0,21.07009231908809,21.27240310883509,6.731177483537624,21.0,1,-0.2724031088350891,20.83243548054097,20.5,21.5
2402.0,21.08722453612098,21.30610027256199,6.730302841139409,21.0,0,-0.30610027256199146,21.643071909831015,20.5,21.5
2403.0,21.084353151781986,21.347594439872108,6.72942688104031,21.0,0,-0.3475944398721076,21.76253611297327,20.5,21.5
2404.0,21.081482166527838,21.366419909366662,6.7285496039074095,21.0,0,-0.36641990936666247,21.55467460431221,20.5,21.5
2405.0,21.078611580015313,21.49669315231179,6.727671010408791,21.0,0,-0.49669315231178857,22.79942558176305,20.5,21.5
2406.0,21.075741391901392,21.475359865983837,6.726791101213544,21.0,0,-0.4753598659838367,21.26202700270432,20.5,21.5
2407.0,21.072871601843254,21.452748508116287,6.7259098769917545,21.0,0,-0.45274850811628653,21.226634929440785,20.5,21.5
2408.0,21.070002209498284,21.470516746562808,6.725027338414515,21.0,0,-0.47051674656280795,21.648199131028022,20.5,21.5
2409.0,21.067133214524066,21.421705474154333,6.724143486153917,21.0,0,-0.4217054741543329,20.933592750069582,20.5,21.5
2410.0,21.06426461657839,21.36828033082659,6.723258320883052,21.0,0,-0.3682803308265896,20.834028897549157,20.5,21.5
2411.0,21.06139641531925,21.419207058485398,6.722371843276012,21.0,0,-0.41920705848539797,21.92847433507348,20.5,21.5
2412.0,21.058528610404842,21.39217717484054,6.721484054007887,21.0,0,-0.3921771748405405,21.121878338391966,20.5,21.5
2413.0,21.055661201493564,21.354489019473395,6.72059495375477,21.0,0,-0.3544890194733945,20.977607465801935,20.5,21.5
2414.0,21.052794188244015,21.364174075040385,6.719704543193747,21.0,0,-0.3641740750403848,21.461024630710288,20.5,21.5
2415.0,21.049927570315006,21.37405641813326,6.718812823002906,21.0,0,-0.37405641813326085,21.47287984906202,20.5,21.5
2416.0,21.047061347365545,21.343765978313357,6.717919793861329,21.0,0,-0.34376597831335687,21.040861580114317,20.5,21.5
2417.0,21.044195519054846,21.363328067475226,6.7170254564490985,21.0,0,-0.3633280674752264,21.55894895909392,20.5,21.5
2418.0,21.041330085042325,21.36608960657028,6.7161298114472885,21.0,0,-0.3660896065702808,21.393704997520825,20.5,21.5
2419.0,21.038465044987607,21.283124850554156,6.715232859537975,21.0,1,-0.2831248505541559,20.453477290392907,20.5,21.5
2420.0,21.055600398550517,21.180727106839058,6.714334601404225,21.0,1,-0.18072710683905768,20.156749669688075,20.5,21.5
2421.0,21.07273214539109,21.168875156376565,6.7134350377300995,21.0,1,-0.16887515637656492,21.050355651751637,20.5,21.5
2422.0,21.089860285969557,21.162786272946935,6.712534169200657,21.0,1,-0.16278627294693493,21.101897438650635,20.5,21.5
2423.0,21.106984820746202,21.1135621829299,6.711631996501946,21.0,1,-0.1135621829299005,20.621321282759556,20.5,21.5
2424.0,21.124105750181354,21.119393221832865,6.710728520321013,21.0,1,-0.11939322183286549,21.177703610862515,20.5,21.5
2425.0,21.141223074735382,21.30913096436047,6.709823741345893,21.0,0,-0.3091309643604703,23.206508389636518,20.5,21.5
2426.0,21.138336794868703,21.34713553926388,6.708917660265614,21.0,0,-0.3471355392638813,21.72718128829799,20.5,21.5
2427.0,21.135450911041783,21.374179537049407,6.708010277770199,21.0,0,-0.37417953704940743,21.64461951490467,20.5,21.5
2428.0,21.13256542291513,21.364867276985937,6.707101594550655,21.0,0,-0.3648672769859367,21.27174467635123,20.5,21.5
2429.0,21.129680330149455,21.450149004637282,6.706191611298986,21.0,0,-0.45014900463728225,22.302966281150738,20.5,21.5
2430.0,21.126795632405685,21.436085410762207,6.705280328708184,21.0,0,-0.43608541076220675,21.29544947201145,20.5,21.5
2431.0,21.123911329344946,21.406936509725085,6.704367747472231,21.0,0,-0.4069365097250852,21.11544749935387,20.5,21.5
2432.0,21.12102742062857,21.333925449907596,6.703453868286095,21.0,0,-0.3339254499075963,20.603814851732707,20.5,21.5
2433.0,21.118143905918103,21.331190970111322,6.702538691845737,21.0,0,-0.33119097011132226,21.30384617214858,20.5,21.5
2434.0,21.11526078487529,21.303712583287837,6.701622218848103,21.0,0,-0.3037125832878367,21.02892871505298,20.5,21.5
2435.0,21.112378057162083,21.190353666825803,6.700704449991126,21.0,1,-0.19035366682580346,20.05676450220547,20.5,21.5
2436.0,21.129495722440648,21.26925877764924,6.699785385973728,21.0,0,-0.26925877764924167,22.058309885883624,20.5,21.5
2437.0,21.126609780373354,21.327855680082827,6.698865027495816,21.0,0,-0.32785568008282695,21.91382470441868,20.5,21.5
2438.0,21.123724231422777,21.34404293387671,6.6979433752582835,21.0,0,-0.34404293387671103,21.505915471815552,20.5,21.5
2439.0,21.120839075251546,21.33956764227227,6.697020429963008,21.0,0,-0.33956764227227154,21.294814726227877,20.5,21.5
2440.0,21.11795431152249,21.379381834695224,6.696096192312853,21.0,0,-0.3793818346952236,21.777523758924744,20.5,21.5
2441.0,21.115069939898646,21.30762959624403,6.695170663011664,21.0,0,-0.3076295962440305,20.5901072117321,20.5,21.5
2442.0,21.11218596004327,21.24581384927173,6.6942438427642745,21.0,0,-0.24581384927173033,20.62765637954873,20.5,21.5
2443.0,21.109302371619815,21.33832270426893,6.6933157322764965,21.0,0,-0.3383227042689292,22.263411254240918,20.5,21.5
2444.0,21.106419174291947,21.372872453093223,6.692386332255128,21.0,0,-0.3728724530932226,21.718369941336157,20.5,21.5
2445.0,21.10353636772354,21.401221339713125,6.691455643407947,21.0,0,-0.4012213397131248,21.684710205912147,20.5,21.5
2446.0,21.100653951578675,21.44610408417424,6.690523666443712,21.0,0,-0.44610408417424097,21.894931528785403,20.5,21.5
2447.0,21.09777192552165,21.5340755452034,6.689590402072167,21.0,0,-0.5340755452034003,22.413790155494993,20.5,21.5
2448.0,21.09489028921696,21.498974804325464,6.688655851004031,21.0,0,-0.4989748043254636,21.147967395546097,20.5,21.5
2449.0,21.092009042329316,21.525770699452078,6.687720013951005,21.0,0,-0.5257706994520781,21.793729650718223,20.5,21.5
2450.0,21.08912818452364,21.50344728591896,6.686782891625771,21.0,0,-0.5034472859189592,21.28021315058777,20.5,21.5
2451.0,21.086247715465063,21.518547398349938,6.685844484741988,21.0,0,-0.5185473983499378,21.669548522659724,20.5,21.5
2452.0,21.08336763481892,21.53356971117076,6.684904794014295,21.0,0,-0.5335697111707596,21.683792839378977,20.5,21.5
2453.0,21.08048794225076,21.566801594151304,6.683963820158305,21.0,0,-0.566801594151304,21.89912042395675,20.5,21.5
2454.0,21.07760863742634,21.474660663344718,6.6830215638906125,21.0,0,-0.4746606633447179,20.553251355278856,20.5,21.5
2455.0,21.074729720011632,21.41911486947646,6.682078025928785,21.0,0,-0.41911486947645926,20.863656930793873,20.5,21.5
2456.0,21.071851189672817,21.421568530764652,6.681133206991369,21.0,0,-0.4215685307646524,21.446105143646584,20.5,21.5
2457.0,21.06897304607628,21.414364646775013,6.6801871077978845,21.0,0,-0.41436464677501306,21.34232580687862,20.5,21.5
2458.0,21.066095288888626,21.40441941684938,6.679239729068827,21.0,0,-0.4044194168493789,21.304967117593037,20.5,21.5
2459.0,21.06321791777666,21.49466784051761,6.678291071525666,21.0,0,-0.4946678405176108,22.39715207719993,20.5,21.5
2460.0,21.06034093240741,21.45945033995708,6.677341135890849,21.0,0,-0.45945033995707973,21.10727533435177,20.5,21.5
2461.0,21.057464332448106,21.40001934000137,6.676389922887788,21.0,0,-0.4000193400013714,20.805709340444288,20.5,21.5
2462.0,21.054588117566194,21.29118250258348,6.6754374332408775,21.0,1,-0.29118250258348155,20.202814128404583,20.5,21.5
2463.0,21.071712287429328,21.280990934178412,6.674483667675478,21.0,1,-0.28099093417841203,21.179075250127717,20.5,21.5
2464.0,21.088832841705376,21.228596789850698,6.673528626917923,21.0,1,-0.2285967898506982,20.70465534657356,20.5,21.5
2465.0,21.105949780862417,21.40427273177917,6.672572311695519,21.0,0,-0.40427273177916945,23.161032151063882,20.5,21.5
2466.0,21.103063105368584,21.43122235590276,6.671614722736541,21.0,0,-0.4312223559027615,21.700718597138682,20.5,21.5
2467.0,21.10017681569206,21.492468068957987,6.670655860770234,21.0,0,-0.49246806895798656,22.104925199510237,20.5,21.5
2468.0,21.097290911501073,21.44732942781052,6.669695726526814,21.0,0,-0.4473294278105193,20.995943016335847,20.5,21.5
2469.0,21.09440539246408,21.491600389688216,6.668734320737463,21.0,0,-0.49160038968821596,21.934310008465182,20.5,21.5
2470.0,21.091520258249734,21.34758320450201,6.667771644134336,21.0,1,-0.3475832045020084,19.907411352639933,20.5,21.5
2471.0,21.10863550852691,21.398146224209537,6.666807697450553,21.0,0,-0.3981462242095368,21.90377642128482,20.5,21.5
2472.0,21.105747142964695,21.367255219361237,6.665842481420199,21.0,0,-0.36725521936123684,21.058345170878237,20.5,21.5
2473.0,21.102859162032388,21.399629006132304,6.6648759967783295,21.0,0,-0.39962900613230445,21.72336687384298,20.5,21.5
2474.0,21.099971565399336,21.39454210393353,6.663908244260965,21.0,0,-0.3945421039335315,21.343673081945802,20.5,21.5
2475.0,21.09708435273511,21.490123623919583,6.66293922460509,21.0,0,-0.4901236239195832,22.4459388237801,20.5,21.5
2476.0,21.094197523709482,21.471977995323705,6.6619689385486565,21.0,0,-0.4719779953237051,21.290521709364924,20.5,21.5
2477.0,21.09131107799245,21.533459883490004,6.660997386830578,21.0,0,-0.5334598834900035,22.148278765152988,20.5,21.5
2478.0,21.08842501525422,21.61986437060826,6.6600245701907355,21.0,0,-0.6198643706082585,22.48390924179081,20.5,21.5
2479.0,21.08553933516521,21.629107857216972,6.659050489369968,21.0,0,-0.6291078572169724,21.72154272330411,20.5,21.5
2480.0,21.08265403739605,21.594974451116524,6.658075145110083,21.0,0,-0.5949744511165242,21.253640390112043,20.5,21.5
2481.0,21.079769121617595,21.551000486470514,6.657098538153847,21.0,0,-0.5510004864705138,21.11126084001041,20.5,21.5
2482.0,21.076884587500903,21.551648071122443,6.656120669244989,21.0,0,-0.5516480711224432,21.558123917641737,20.5,21.5
2483.0,21.074000434717252,21.47496509092311,6.655141539128198,21.0,0,-0.47496509092311,20.70813528892978,20.5,21.5
2484.0,21.071116662938135,21.374764467230143,6.654161148549123,21.0,1,-0.37476446723014334,20.372758230300477,20.5,21.5
2485.0,21.088233271835257,21.352140642874605,6.653179498254377,21.0,1,-0.35214064287460545,21.125902399319227,20.5,21.5
2486.0,21.10534626108054,21.363594664407213,6.6521965889915275,21.0,1,-0.3635946644072128,21.478134879733286,20.5,21.5
2487.0,21.122455631146124,21.325450016461918,6.651212421509103,21.0,1,-0.32545001646191807,20.94400353700897,20.5,21.5
2488.0,21.139561382504198,21.26450415319837,6.65022699655659,21.0,1,-0.26450415319837006,20.65504552056289,20.5,21.5
2489.0,21.15666351562701,21.35158222144552,6.649240314884433,21.0,0,-0.35158222144551843,22.222362903917002,20.5,21.5
2490.0,21.15376203098686,21.377240806843325,6.648252377244032,21.0,0,-0.37724080684332506,21.63382666082139,20.5,21.5
2491.0,21.150860929056112,21.4063409743786,6.647263184387744,21.0,0,-0.40634097437860106,21.69734264973136,20.5,21.5
2492.0,21.14796020950718,21.41537984634668,6.646272737068884,21.0,0,-0.41537984634668135,21.505768566027484,20.5,21.5
2493.0,21.14505987201269,21.497284679383398,6.64528103604172,21.0,0,-0.49728467938339804,22.316333009750565,20.5,21.5
2494.0,21.142159916245497,21.52608728724273,6.644288082061475,21.0,0,-0.5260872872427313,21.814113365836064,20.5,21.5
2495.0,21.13926034187866,21.5118402213294,6.643293875884328,21.0,0,-0.5118402213294004,21.36936956219609,20.5,21.5
2496.0,21.13636114858546,21.497602160279,6.6422984182674085,21.0,0,-0.4976021602790013,21.35522154977501,20.5,21.5
2497.0,21.133462336039397,21.474806467016,6.641301709968801,21.0,0,-0.4748064670159984,21.24684953438597,20.5,21.5
2498.0,21.130563903914183,21.418912893865347,6.640303751747544,21.0,0,-0.4189128938653468,20.85997716235883,20.5,21.5
2499.0,21.12766585188375,21.355909817164708,6.639304544363625,21.0,0,-0.35590981716470793,20.72587905015832,20.5,21.5
2500.0,21.124768179622247,21.37709050605284,6.638304088577984,21.0,0,-0.37709050605284133,21.588897394934175,20.5,21.5
2501.0,21.12187088680404,21.381280999643103,6.637302385152511,21.0,0,-0.3812809996431028,21.423185935545717,20.5,21.5
2502.0,21.11897397310371,21.500512529785865,6.636299434850047,21.0,0,-0.5005125297858655,22.692827831213492,20.5,21.5
2503.0,21.116077438196058,21.510656059899123,6.635295238434383,21.0,0,-0.510656059899123,21.6120913610317,20.5,21.5
2504.0,21.113181281756106,21.475778565583685,6.634289796670258,21.0,0,-0.4757785655836848,21.127003622429303,20.5,21.5
2505.0,21.11028550345909,21.47770008270776,6.633283110323358,21.0,0,-0.4777000827077593,21.496915253948504,20.5,21.5
2506.0,21.10739010298046,21.515905741694525,6.63227518016032,21.0,0,-0.5159057416945245,21.897962331562177,20.5,21.5
2507.0,21.104495079995896,21.438553974348,6.631266006948728,21.0,0,-0.43855397434800025,20.665036300882758,20.5,21.5
2508.0,21.101600434181286,21.426261361529118,6.630255591457108,21.0,0,-0.426261361529118,21.303335233340295,20.5,21.5
2509.0,21.09870616521274,21.480178602674034,6.629243934454938,21.0,0,-0.4801786026740338,22.019351014123192,20.5,21.5
2510.0,21.095812272766587,21.437835948464617,6.628231036712639,21.0,0,-0.4378359484646168,21.014409406370447,20.5,21.5
2511.0,21.092918756519374,21.428735572211753,6.627216899001574,21.0,0,-0.4287355722117532,21.337731809683117,20.5,21.5
2512.0,21.09002561614787,21.46801930113667,6.626201522094055,21.0,0,-0.4680193011366711,21.86085659038585,20.5,21.5
2513.0,21.08713285132906,21.472301146126995,6.6251849067633355,21.0,0,-0.4723011461269948,21.51511959603023,20.5,21.5
2514.0,21.084240461740148,21.5598214589031,6.624167053783612,21.0,0,-0.5598214589031016,22.43502458666417,20.5,21.5
2515.0,21.081348447058556,21.577971889652723,6.623147963930025,21.0,0,-0.5779718896527228,21.759476197148935,20.5,21.5
2516.0,21.07845680696193,21.548393828355774,6.622127637978653,21.0,0,-0.5483938283557741,21.252613215386287,20.5,21.5
2517.0,21.075565541128135,21.461641100257925,6.621106076706521,21.0,0,-0.4616411002579248,20.594113819279432,20.5,21.5
2518.0,21.07267464923525,21.485013199084506,6.620083280891592,21.0,0,-0.4850131990845057,21.718734187350314,20.5,21.5
2519.0,21.06978413096158,21.42537756906128,6.619059251312769,21.0,0,-0.4253775690612791,20.829021268829013,20.5,21.5
2520.0,21.06689398598565,21.43993979092925,6.618033988749895,21.0,0,-0.43993979092925173,21.585562009608978,20.5,21.5
2521.0,21.064004213986205,21.452251332779348,6.617007493983753,21.0,0,-0.4522513327793476,21.575366751280306,20.5,21.5
2522.0,21.061114814642206,21.439547306082424,6.615979767796061,21.0,0,-0.4395473060824244,21.312507039113193,20.5,21.5
2523.0,21.058225787632836,21.416687964304725,6.61495081096948,21.0,0,-0.41668796430472455,21.188094546527726,20.5,21.5
2524.0,21.055337132637504,21.38279722357545,6.613920624287604,21.0,0,-0.38279722357545154,21.04388981628272,20.5,21.5
2525.0,21.052448849335835,21.26781117585509,6.612889208534965,21.0,1,-0.2678111758550905,20.11795069865148,20.5,21.5
2526.0,21.069560937407676,21.137905891175777,6.611856564497032,21.0,1,-0.13790589117577667,19.83885304438264,20.5,21.5
2527.0,21.086669396533093,21.172530794943867,6.610822692960206,21.0,0,-0.17253079494386725,21.518779832624773,20.5,21.5
2528.0,21.08377422719238,21.08396106656044,6.609787594711828,21.0,1,-0.08396106656044111,20.19826378272618,20.5,21.5
2529.0,21.100879429865884,21.105613456707573,6.60875127054017,21.0,1,-0.10561345670757305,21.322137358178892,20.5,21.5
2530.0,21.117981004234018,21.181712577182154,6.607713721234434,21.0,0,-0.18171257718215372,21.94270378192796,20.5,21.5
2531.0,21.115078950777416,21.275333935425643,6.606674947584764,21.0,0,-0.27533393542564255,22.21154751786053,20.5,21.5
2532.0,21.11217726997678,21.310836536009163,6.605634950382229,21.0,0,-0.3108365360091625,21.665862541844362,20.5,21.5
2533.0,21.10927596151286,21.35359984486256,6.6045937304188325,21.0,0,-0.35359984486256124,21.78123293339655,20.5,21.5
2534.0,21.10637502506664,21.341748302367865,6.603551288487509,21.0,0,-0.3417483023678649,21.2232328774209,20.5,21.5
2535.0,21.103474460319326,21.35886527331737,6.602507625382121,21.0,0,-0.3588652733173703,21.530034982812424,20.5,21.5
2536.0,21.10057426695234,21.310781856678055,6.601462741897468,21.0,0,-0.31078185667805514,20.829947690284904,20.5,21.5
2537.0,21.09767444464733,21.29084497161606,6.6004166388292695,21.0,0,-0.2908449716160604,21.091476120996113,20.5,21.5
2538.0,21.094774993086165,21.417230566295878,6.599369316974181,21.0,0,-0.41723056629587774,22.68108651309405,20.5,21.5
2539.0,21.091875911950943,21.42749910751502,6.598320777129784,21.0,0,-0.4274991075150183,21.530184519706424,20.5,21.5
2540.0,21.088977200923978,21.406187516952507,6.5972710200945865,21.0,0,-0.40618751695250666,21.19307161132739,20.5,21.5
2541.0,21.086078859687813,21.431539028217866,6.596220046668023,21.0,0,-0.43153902821786616,21.68505414087146,20.5,21.5
2542.0,21.08318088792521,21.490246085106712,6.595167857650457,21.0,0,-0.49024608510671186,22.07731665399517,20.5,21.5
2543.0,21.080283285319155,21.412171708987255,6.594114453843176,21.0,0,-0.4121717089872554,20.63142794779269,20.5,21.5
2544.0,21.07738605155286,21.41541065263472,6.5930598360483925,21.0,0,-0.4154106526347192,21.447800089109357,20.5,21.5
2545.0,21.07448918630976,21.435420568338106,6.592004005069244,21.0,0,-0.43542056833810605,21.635519725371974,20.5,21.5
2546.0,21.071592689273512,21.441934659965817,6.5909469617097916,21.0,0,-0.44193465996581693,21.507075576242926,20.5,21.5
2547.0,21.068696560128,21.38333431879497,6.589888706775021,21.0,0,-0.3833343187949687,20.797330907086486,20.5,21.5
2548.0,21.06580079855733,21.405546034685873,6.588829241070837,21.0,0,-0.405546034685873,21.627663193594916,20.5,21.5
2549.0,21.062905404245832,21.399563203325464,6.587768565404069,21.0,0,-0.3995632033254637,21.33973488972137,20.5,21.5
2550.0,21.060010376878065,21.39966862370754,6.58670668058247,21.0,0,-0.39966862370754086,21.400722827528313,20.5,21.5
2551.0,21.057115716138807,21.366801069609547,6.58564358741471,21.0,0,-0.36680106960954717,21.03812552862961,20.5,21.5
2552.0,21.054221421713063,21.363106701418833,6.584579286710381,21.0,0,-0.3631067014188325,21.326163019511686,20.5,21.5
2553.0,21.051327493286063,21.355413954575795,6.583513779279995,21.0,0,-0.35541395457579483,21.278486486145418,20.5,21.5
2554.0,21.04843393054326,21.222161966443327,6.58244706593498,21.0,1,-0.22216196644332697,19.88964208511865,20.5,21.5
2555.0,21.06554073317034,21.228753280733468,6.581379147487687,21.0,1,-0.2287532807334678,21.294666423634876,20.5,21.5
2556.0,21.082643900853203,21.339043491845047,6.580310024751381,21.0,0,-0.3390434918450467,22.441945602960836,20.5,21.5
2557.0,21.079743434077983,21.342209432235656,6.5792396985402455,21.0,0,-0.3422094322356557,21.373868836141746,20.5,21.5
2558.0,21.076843333330874,21.295305543386437,6.5781681696693814,21.0,0,-0.2953055433864371,20.82626665489425,20.5,21.5
2559.0,21.073943598298143,21.42064982190129,6.577095438954804,21.0,0,-0.4206498219012893,22.67409260704981,20.5,21.5
2560.0,21.071044228666274,21.358222202528495,6.576021507213444,21.0,0,-0.3582222025284949,20.73394600880055,20.5,21.5
2561.0,21.068145224121984,21.273838300289245,6.574946375263147,21.0,1,-0.2738383002892455,20.42999927789675,20.5,21.5
2562.0,21.085246584352213,21.200970961375894,6.573870043922675,21.0,1,-0.20097096137589432,20.472297572242383,20.5,21.5
2563.0,21.102344309044128,21.20380050217838,6.572792514011699,21.0,1,-0.20380050217838175,21.232095910203256,20.5,21.5
2564.0,21.119438398685123,21.223586767950348,6.571713786350804,21.0,1,-0.22358676795034782,21.42144942567001,20.5,21.5
2565.0,21.136528853762655,21.28884886182903,6.570633861761491,21.0,0,-0.288848861829031,21.941469800615863,20.5,21.5
2566.0,21.133615674764254,21.405871178926173,6.569552741066166,21.0,0,-0.40587117892617286,22.57609434989759,20.5,21.5
2567.0,21.130702862177515,21.56299889050438,6.568470425088153,21.0,0,-0.5629988905043817,23.13427600628647,20.5,21.5
2568.0,21.127790415690097,21.595240931393995,6.56738691465168,21.0,0,-0.5952409313939953,21.91766134029013,20.5,21.5
2569.0,21.124878334989887,21.534029261303523,6.566302210581888,21.0,0,-0.5340292613035231,20.921912560398802,20.5,21.5
2570.0,21.121966619765004,21.552022353941965,6.565216313704828,21.0,0,-0.5520223539419646,21.73195328032638,20.5,21.5
2571.0,21.119055269703793,21.551949664338746,6.564129224847456,21.0,0,-0.5519496643387463,21.551222768306562,20.5,21.5
2572.0,21.116144284494823,21.436027576854425,6.5630409448376374,21.0,1,-0.43602757685442484,20.27680670201121,20.5,21.5
2573.0,21.133233663826893,21.463963622377,6.561951474504146,21.0,0,-0.4639636223770012,21.743324077602765,20.5,21.5
2574.0,21.130319407389027,21.545504796205375,6.560860814676659,21.0,0,-0.5455047962053747,22.36091653448911,20.5,21.5
2575.0,21.127405515670485,21.56754796717228,6.559768966185763,21.0,0,-0.5675479671722812,21.787979676841346,20.5,21.5
2576.0,21.12449198836059,21.49734187471264,6.5586759298629485,21.0,0,-0.4973418747126388,20.795280950116215,20.5,21.5
2577.0,21.12157882514889,21.576202077315425,6.557581706540608,21.0,0,-0.5762020773154255,22.364804103343292,20.5,21.5
2578.0,21.11866602572517,21.530688959549217,6.556486297052042,21.0,0,-0.5306889595492166,21.075557781887127,20.5,21.5
2579.0,21.115753589779434,21.480858984022184,6.555389702231452,21.0,0,-0.4808589840221842,20.98255922875186,20.5,21.5
2580.0,21.112841517001925,21.47788269468825,6.554291922913942,21.0,0,-0.47788269468825106,21.44811980134892,20.5,21.5
2581.0,21.10992980708311,21.491387350881038,6.55319295993552,21.0,0,-0.4913873508810376,21.626433912808903,20.5,21.5
2582.0,21.10701845971368,21.50702194093954,6.552092814133092,21.0,0,-0.5070219409395413,21.66336784152458,20.5,21.5
2583.0,21.104107474584563,21.587510868994418,6.5509914863444685,21.0,0,-0.5875108689944177,22.39240014954318,20.5,21.5
2584.0,21.101196851386916,21.53875666521689,6.54988897740836,21.0,0,-0.5387566652168907,21.05121462744162,20.5,21.5
2585.0,21.09828658981212,21.484016851118763,6.548785288164371,21.0,0,-0.48401685111876347,20.93661871013749,20.5,21.5
2586.0,21.095376689551788,21.476508563933535,6.5476804194530125,21.0,0,-0.47650856393353536,21.401425692081254,20.5,21.5
2587.0,21.092467150297768,21.45227619942715,6.546574372115688,21.0,0,-0.4522761994271498,21.209952554363294,20.5,21.5
2588.0,21.08955797174213,21.449341556657753,6.545467146994702,21.0,0,-0.4493415566577532,21.419995128963787,20.5,21.5
2589.0,21.08664915357718,21.468127029960165,6.544358744933254,21.0,0,-0.468127029960165,21.655981762984283,20.5,21.5
2590.0,21.08374069549545,21.48770464026597,6.543249166775441,21.0,0,-0.4877046402659708,21.68348074332403,20.5,21.5
2591.0,21.080832597189705,21.44583238145554,6.542138413366253,21.0,0,-0.4458323814555385,21.027109793351215,20.5,21.5
2592.0,21.07792485835294,21.404222751088675,6.541026485551578,21.0,0,-0.40422275108867467,20.988126447420036,20.5,21.5
2593.0,21.07501747867838,21.34079815703972,6.539913384178199,21.0,0,-0.34079815703972116,20.706552216550186,20.5,21.5
2594.0,21.07211045785948,21.405877235542096,6.53879911009379,21.0,0,-0.4058772355420963,22.056668020565848,20.5,21.5
2595.0,21.069203795589928,21.361695486676865,6.537683664146919,21.0,0,-0.36169548667686513,20.919877998024553,20.5,21.5
2596.0,21.06629749156364,21.367254482398685,6.536567047187047,21.0,0,-0.3672544823986854,21.422844439616888,20.5,21.5
2597.0,21.06339154547476,21.422352693092996,6.535449260064525,21.0,0,-0.4223526930929964,21.973334800036106,20.5,21.5
2598.0,21.06048595701768,21.46805826306508,6.5343303036305995,21.0,0,-0.46805826306507825,21.925113962785897,20.5,21.5
2599.0,21.057580725887004,21.375163795397388,6.533210178737401,21.0,1,-0.37516379539738764,20.44621911872048,20.5,21.5
2600.0,21.074675851777574,21.438070149178962,6.532088886237956,21.0,0,-0.43807014917896225,22.06713368699471,20.5,21.5
2601.0,21.071767334384464,21.478855583617083,6.5309664269861765,21.0,0,-0.4788555836170829,21.88670992799829,20.5,21.5
2602.0,21.068859174202984,21.3759003490917,6.529842801836864,21.0,1,-0.375900349091701,20.346348003837882,20.5,21.5
2603.0,21.085951370928512,21.302672036316075,6.528718011645708,21.0,1,-0.30267203631607487,20.570388908559814,20.5,21.5
2604.0,21.103039924256656,21.36923902570082,6.527592057269285,21.0,0,-0.36923902570082134,22.034908919548286,20.5,21.5
2605.0,21.100124834683257,21.382528539590496,6.526464939565058,21.0,0,-0.3825285395904956,21.515423678487238,20.5,21.5
2606.0,21.097210102704235,21.353436081652806,6.525336659391377,21.0,0,-0.3534360816528057,21.062511502275907,20.5,21.5
2607.0,21.094295728015574,21.461959715196294,6.524207217607476,21.0,0,-0.46195971519629353,22.54719605063117,20.5,21.5
2608.0,21.09138171031349,21.461741250206906,6.5230766150734745,21.0,0,-0.4617412502069058,21.45955660031303,20.5,21.5
2609.0,21.088468049294445,21.426881613800266,6.521944852650374,21.0,0,-0.42688161380026557,21.078285249733863,20.5,21.5
2610.0,21.085554744655116,21.358258535627606,6.520811931200062,21.0,0,-0.35825853562760557,20.672027753901006,20.5,21.5
2611.0,21.082641796092425,21.297659771988457,6.519677851585308,21.0,0,-0.2976597719884566,20.691672135596967,20.5,21.5
2612.0,21.079729203303522,21.135203361393785,6.518542614669761,21.0,1,-0.13520336139378486,19.510639255447067,20.5,21.5
2613.0,21.096816965985795,21.235233257534265,6.517406221317957,21.0,0,-0.23523325753426505,22.235532218939067,20.5,21.5
2614.0,21.09390108383686,21.248254372994683,6.516268672395305,21.0,0,-0.24825437299468334,21.378465527598866,20.5,21.5
2615.0,21.090985557354575,21.30809970390513,6.515129968768099,21.0,0,-0.3080997039051283,21.906553013009578,20.5,21.5
2616.0,21.088070386236858,21.40428473128986,6.513990111303513,21.0,0,-0.4042847312898594,22.36613500513717,20.5,21.5
2617.0,21.085155570181872,21.523506301837962,6.512849100869596,21.0,0,-0.523506301837962,22.715722007318988,20.5,21.5
2618.0,21.08224110888801,21.423200646641526,6.51170693833528,21.0,1,-0.4232006466415257,20.420144094677163,20.5,21.5
2619.0,21.099327002053897,21.400981464445785,6.510563624570367,21.0,1,-0.40098146444578475,21.178789642488375,20.5,21.5
2620.0,21.1164092493784,21.304781941306135,6.509419160445544,21.0,1,-0.30478194130613545,20.342786709909642,20.5,21.5
2621.0,21.133487851360613,21.245294912050902,6.508273546832369,21.0,1,-0.24529491205090181,20.650424619498565,20.5,21.5
2622.0,21.150562808499707,21.223829558077416,6.507126784603276,21.0,1,-0.22382955807741567,21.009176018342554,20.5,21.5
2623.0,21.167634121294927,21.348065890128105,6.505978874631575,21.0,0,-0.3480658901281046,22.590429210634994,20.5,21.5
2624.0,21.164701790245594,21.387745702481944,6.50482981779145,21.0,0,-0.3877457024819435,21.784543826020332,20.5,21.5
2625.0,21.161769815851102,21.444057988072238,6.503679614957955,21.0,0,-0.4440579880722382,22.007180843975185,20.5,21.5
2626.0,21.158838197810923,21.442306228624798,6.502528267007023,21.0,0,-0.4423062286247976,21.424788634150392,20.5,21.5
2627.0,21.155906935824763,21.499246311613955,6.501375774815453,21.0,0,-0.4992463116139554,22.068647141505533,20.5,21.5
2628.0,21.152976029592562,21.386513840539003,6.500222139260918,21.0,1,-0.38651384053900273,20.259189129789476,20.5,21.5
2629.0,21.170045478814497,21.29788128452744,6.499067361221965,21.0,1,-0.29788128452743834,20.411555724411794,20.5,21.5
2630.0,21.18711128319098,21.375401976940037,6.497911441578005,21.0,0,-0.3754019769400365,22.15060890106602,20.5,21.5
2631.0,21.184173443222658,21.486365552528067,6.49675438120932,21.0,0,-0.486365552528067,22.596001308408372,20.5,21.5
2632.0,21.181235959410255,21.444019288033736,6.4955961809970635,21.0,0,-0.44401928803373636,21.02055664309043,20.5,21.5
2633.0,21.178298831454573,21.485449914718277,6.494436841823256,21.0,0,-0.48544991471827714,21.899756181563685,20.5,21.5
2634.0,21.175362059056646,21.602070220197483,6.493276364570782,21.0,0,-0.6020702201974828,22.76827327498954,20.5,21.5
2635.0,21.172425641917748,21.571053165444003,6.492114750123399,21.0,0,-0.5710531654440025,21.2608826179092,20.5,21.5
2636.0,21.169489579739388,21.50254975504014,6.490951999365724,21.0,0,-0.502549755040139,20.817515651001504,20.5,21.5
2637.0,21.166553872223314,21.546965706904334,6.489788113183245,21.0,0,-0.5469657069043343,21.991125225546288,20.5,21.5
2638.0,21.163618519071505,21.564947306628508,6.4886230924623085,21.0,0,-0.5649473066285076,21.74476330387024,20.5,21.5
2639.0,21.160683519986183,21.53162498222317,6.48745693809013,21.0,0,-0.5316249822231711,21.198401738169807,20.5,21.5
2640.0,21.157748874669803,21.465802315607334,6.486289650954789,21.0,0,-0.4658023156073341,20.807575649448964,20.5,21.5
2641.0,21.15481458282506,21.437579577898955,6.4851212319452225,21.0,0,-0.43757957789895485,21.155352200815162,20.5,21.5
2642.0,21.151880644154886,21.427702871138315,6.483951681951233,21.0,0,-0.4277028711383153,21.32893580353192,20.5,21.5
2643.0,21.148947058362445,21.417323658905982,6.482781001863485,21.0,0,-0.4173236589059819,21.313531536582648,20.5,21.5
2644.0,21.146013825151144,21.44804649460829,6.4816091925735,21.0,0,-0.44804649460828827,21.755274851631352,20.5,21.5
2645.0,21.14308094422463,21.49726926262614,6.480436254973664,21.0,0,-0.4972692626261406,21.989496942804664,20.5,21.5
2646.0,21.140148415286777,21.58695806448217,6.47926218995722,21.0,0,-0.5869580644821717,22.483846083042483,20.5,21.5
2647.0,21.137216238041713,21.606421657346836,6.478086998418268,21.0,0,-0.6064216573468357,21.801057585993476,20.5,21.5
2648.0,21.13428441219379,21.60040309584189,6.476910681251768,21.0,0,-0.6004030958418909,21.540217480792442,20.5,21.5
2649.0,21.131352937447602,21.542985237597975,6.475733239353537,21.0,0,-0.5429852375979749,20.968806655158815,20.5,21.5
2650.0,21.128421813507984,21.53248617851137,6.474554673620248,21.0,0,-0.5324861785113697,21.427495587645318,20.5,21.5
2651.0,21.125491040080007,21.47716049258024,6.473374984949431,21.0,0,-0.4771604925802393,20.923903633268935,20.5,21.5
2652.0,21.12256061686898,21.444952054175705,6.472194174239469,21.0,0,-0.4449520541757046,21.122867670130358,20.5,21.5
2653.0,21.119630543580456,21.42810594561334,6.471012242389601,21.0,0,-0.42810594561333914,21.259644859989685,20.5,21.5
2654.0,21.11670081992022,21.484919345399035,6.4698291902999205,21.0,0,-0.48491934539903525,22.053053343255996,20.5,21.5
2655.0,21.113771445594296,21.44112719073134,6.468645018871371,21.0,0,-0.4411271907313399,21.003205644054386,20.5,21.5
2656.0,21.110842420308952,21.440958520121782,6.4674597290057525,21.0,0,-0.44095852012178227,21.439271814026206,20.5,21.5
2657.0,21.10791374377069,21.439568090617723,6.4662733216057156,21.0,0,-0.4395680906177226,21.425663795577126,20.5,21.5
2658.0,21.104985415686258,21.420263842696542,6.4650857975747575,21.0,0,-0.42026384269654216,21.227221363484738,20.5,21.5
2659.0,21.102057435762635,21.433935944038677,6.463897157817232,21.0,0,-0.4339359440386765,21.57065695746002,20.5,21.5
2660.0,21.099129803707047,21.399994635328774,6.462707403238341,21.0,0,-0.399994635328774,21.06058154822975,20.5,21.5
2661.0,21.096202519226953,21.299186157155518,6.461516534744132,21.0,1,-0.29918615715551766,20.291101375422954,20.5,21.5
2662.0,21.113275582030056,21.210820279107626,6.460324553241505,21.0,1,-0.2108202791076259,20.32716149862871,20.5,21.5
2663.0,21.1303449918243,21.23675229802777,6.459131459638204,21.0,1,-0.23675229802777054,21.496072487229217,20.5,21.5
2664.0,21.14741074911786,21.21960989834936,6.4579372548428235,21.0,1,-0.2196098983493613,21.04818590156527,20.5,21.5
2665.0,21.164472854419007,21.212050838507643,6.4567419397648,21.0,1,-0.2120508385076434,21.136460240090464,20.5,21.5
2666.0,21.181531308236075,21.342261841914933,6.455545515314421,21.0,0,-0.34226184191493303,22.64437187598783,20.5,21.5
2667.0,21.17858611107749,21.42698326538098,6.454347982402814,21.0,0,-0.4269832653809793,22.274197500041442,20.5,21.5
2668.0,21.175641263451755,21.43565082464324,6.453149341941952,21.0,0,-0.4356508246432398,21.522326417265845,20.5,21.5
2669.0,21.172696765067453,21.50480031817702,6.451949594844653,21.0,0,-0.5048003181770184,22.196295253514805,20.5,21.5
2670.0,21.16975261563341,21.578095980076004,6.450748742024576,21.0,0,-0.5780959800760037,22.311052599065857,20.5,21.5
2671.0,21.166808814858687,21.584766415567504,6.4495467843962215,21.0,0,-0.5847664155675041,21.651470770482508,20.5,21.5
2672.0,21.163865362452594,21.537688107754196,6.4483437228749345,21.0,0,-0.537688107754196,21.066905029621115,20.5,21.5
2673.0,21.16092225812468,21.52160005967554,6.447139558376899,21.0,0,-0.5216000596755386,21.360719578888965,20.5,21.5
2674.0,21.15797950158473,21.44580494740151,6.445934291819137,21.0,0,-0.4458049474015091,20.687853824661214,20.5,21.5
2675.0,21.155037092542777,21.429444139717294,6.444727924119511,21.0,0,-0.4294441397172939,21.26583606287514,20.5,21.5
2676.0,21.15209503070909,21.457735894694768,6.443520456196724,21.0,0,-0.4577358946947676,21.740653444469505,20.5,21.5
2677.0,21.149153315794187,21.51242600292207,6.442311888970316,21.0,0,-0.5124260029220693,22.059327085195086,20.5,21.5
2678.0,21.14621194750882,21.521130089485837,6.4411022233606605,21.0,0,-0.5211300894858368,21.608170955123512,20.5,21.5
2679.0,21.143270925563993,21.56724042739038,6.439891460288974,21.0,0,-0.5672404273903808,22.02834380643582,20.5,21.5
2680.0,21.14033024967094,21.62620194209823,6.438679600677303,21.0,0,-0.6262019420982305,22.215817089176728,20.5,21.5
2681.0,21.13738991954114,21.57040002188528,6.437466645448531,21.0,0,-0.5704000218852805,21.01238081975578,20.5,21.5
2682.0,21.13444993488632,21.56532561558142,6.436252595526378,21.0,0,-0.5653256155814184,21.514581552542797,20.5,21.5
2683.0,21.131510295418447,21.6018503365919,6.435037451835394,21.0,0,-0.6018503365919017,21.967097546696735,20.5,21.5
2684.0,21.128571000849732,21.54407038758173,6.4338212153009655,21.0,0,-0.5440703875817299,20.966270897480012,20.5,21.5
2685.0,21.125632050892623,21.498555557117985,6.432603886849309,21.0,0,-0.49855555711798516,21.043407252480538,20.5,21.5
2686.0,21.122693445259813,21.441617869573367,6.4313854674074715,21.0,0,-0.441617869573367,20.872240994127186,20.5,21.5
2687.0,21.119755183664243,21.483140319505868,6.430165957903335,21.0,0,-0.48314031950586767,21.898364818830874,20.5,21.5
2688.0,21.11681726581909,21.461082151865924,6.428945359265606,21.0,0,-0.4610821518659236,21.240500475466483,20.5,21.5
2689.0,21.11387969143778,21.461483738506885,6.427723672423827,21.0,0,-0.4614837385068853,21.465499604916502,20.5,21.5
2690.0,21.11094246023398,21.418392958741855,6.426500898308364,21.0,0,-0.41839295874185467,20.98748516109155,20.5,21.5
2691.0,21.108005571921595,21.49324383655229,6.425277037850411,21.0,0,-0.49324383655228843,22.241752614656626,20.5,21.5
2692.0,21.10506902621478,21.43979417690725,6.424052091981993,21.0,0,-0.43979417690724887,20.905297580456853,20.5,21.5
2693.0,21.102132822827937,21.424521111203752,6.422826061635959,21.0,0,-0.42452111120375235,21.271790454168787,20.5,21.5
2694.0,21.0991969614757,21.41993368828886,6.421598947745984,21.0,0,-0.4199336882888609,21.374059459139946,20.5,21.5
2695.0,21.09626144187295,21.447011930770508,6.420370751246571,21.0,0,-0.4470119307705076,21.717794355586975,20.5,21.5
2696.0,21.093326263734827,21.393611701631006,6.419141473073042,21.0,0,-0.3936117016310057,20.859609410235986,20.5,21.5
2697.0,21.090391426776694,21.417172956299417,6.417911114161547,21.0,0,-0.4171729562994173,21.652785502983534,20.5,21.5
2698.0,21.087456930714172,21.399339291015583,6.416679675449058,21.0,0,-0.39933929101558263,21.221002638177236,20.5,21.5
2699.0,21.084522775263117,21.431633679678136,6.415447157873368,21.0,0,-0.4316336796781357,21.754577566303666,20.5,21.5
2700.0,21.08158896013964,21.452031092404585,6.414213562373095,21.0,0,-0.45203109240458517,21.65600521966908,20.5,21.5
2701.0,21.078655485060086,21.44852679673906,6.412978889887674,21.0,0,-0.4485267967390598,21.413483840083806,20.5,21.5
2702.0,21.075722349741053,21.393064395128086,6.411743141357363,21.0,0,-0.39306439512808566,20.838440379018344,20.5,21.5
2703.0,21.072789553899376,21.463410166468197,6.410506317723236,21.0,0,-0.4634101664681971,22.16686787986931,20.5,21.5
2704.0,21.06985709725214,21.332433159812677,6.409268419927189,21.0,1,-0.33243315981267685,20.022663093257474,20.5,21.5
2705.0,21.086924979516674,21.306673506795892,6.408029448911936,21.0,1,-0.30667350679589234,21.049076976628047,20.5,21.5
2706.0,21.103989200410552,21.366390172845747,6.406789405621009,21.0,0,-0.3663901728457475,21.9635568333443,20.5,21.5
2707.0,21.101049760451595,21.41057783839794,6.40554829099875,21.0,0,-0.41057783839794126,21.85245449391988,20.5,21.5
2708.0,21.098110660157705,21.309992931251948,6.404306105990325,21.0,1,-0.3099929312519478,20.304143859792013,20.5,21.5
2709.0,21.11517189924687,21.415977656085744,6.403062851541712,21.0,0,-0.4159776560857438,22.475824904423703,20.5,21.5
2710.0,21.11222947743733,21.437790647528722,6.401818528599701,21.0,0,-0.4377906475287219,21.655920561958503,20.5,21.5
2711.0,21.109287395247563,21.374098494449562,6.400573138111902,21.0,0,-0.3740984944495622,20.737176963657966,20.5,21.5
2712.0,21.106345652396136,21.36520191867166,6.399326681026731,21.0,0,-0.36520191867165863,21.276236160892623,20.5,21.5
2713.0,21.103404248601862,21.355402390825486,6.39807915829342,21.0,0,-0.3554023908254855,21.257407112363754,20.5,21.5
2714.0,21.100463183583802,21.42332531987583,6.3968305708620115,21.0,0,-0.4233253198758291,22.102554610379265,20.5,21.5
2715.0,21.097522457061256,21.359814601598764,6.39558091968336,21.0,0,-0.3598146015987638,20.72470741882811,20.5,21.5
2716.0,21.09458206875378,21.40283726218276,6.394330205709129,21.0,0,-0.4028372621827607,21.83306386802273,20.5,21.5
2717.0,21.091642018381172,21.339422803450656,6.3930784298917915,21.0,0,-0.3394228034506561,20.70527821612961,20.5,21.5
2718.0,21.088702305663475,21.386583644972127,6.391825593184629,21.0,0,-0.38658364497212716,21.858192060186838,20.5,21.5
2719.0,21.08576293032098,21.245440696527698,6.390571696541731,21.0,1,-0.24544069652769807,19.834011212083407,20.5,21.5
2720.0,21.102823892074223,21.266818301725657,6.3893167409179945,21.0,1,-0.2668183017256567,21.480594353705243,20.5,21.5
2721.0,21.11988119064399,21.23998361285844,6.3880607272691226,21.0,1,-0.23998361285843828,20.971636724186254,20.5,21.5
2722.0,21.136934826551315,21.212514686560418,6.386803656551626,21.0,1,-0.21251468656041794,20.937825423580215,20.5,21.5
2723.0,21.153984800317314,21.21399034506481,6.385545529722817,21.0,1,-0.2139903450648113,21.228746930108745,20.5,21.5
2724.0,21.171031112463194,21.224164971171394,6.384286347740813,21.0,1,-0.224164971171394,21.32591123223722,20.5,21.5
2725.0,21.18807376351025,21.289615752838305,6.383026111564539,21.0,0,-0.289615752838305,21.944123569507415,20.5,21.5
2726.0,21.185112753979862,21.339728275382107,6.381764822153717,21.0,0,-0.33972827538210737,21.84085350082013,20.5,21.5
2727.0,21.182152084393497,21.475493760517505,6.3805024804688735,21.0,0,-0.47549376051750514,22.833148611871483,20.5,21.5
2728.0,21.17919175447271,21.47410041464595,6.3792390874713405,21.0,0,-0.47410041464594954,21.460166955930394,20.5,21.5
2729.0,21.17623176393931,21.534743097736342,6.377974644123242,21.0,0,-0.5347430977363423,22.14116992864027,20.5,21.5
2730.0,21.173272112515345,21.48498134833316,6.376709151387508,21.0,0,-0.48498134833316087,20.987363854301346,20.5,21.5
2731.0,21.17031279992312,21.466193974341213,6.375442610227868,21.0,0,-0.4661939743412127,21.27832023442173,20.5,21.5
2732.0,21.167353825885183,21.383003384852394,6.3741750216088455,21.0,0,-0.38300338485239394,20.551097489964206,20.5,21.5
2733.0,21.164395190124328,21.384929491999245,6.372906386495767,21.0,0,-0.38492949199924453,21.40419056346775,20.5,21.5
2734.0,21.161436892363604,21.334681770191647,6.371636705854753,21.0,0,-0.33468177019164713,20.832204552115673,20.5,21.5
2735.0,21.1584789323263,21.379824336081207,6.370365980652719,21.0,0,-0.3798243360812066,21.8312499949768,20.5,21.5
2736.0,21.155521309735967,21.39318048948856,6.3690942118573775,21.0,0,-0.3931804894885609,21.526742023562104,20.5,21.5
2737.0,21.15256402431639,21.398909876617296,6.367821400437236,21.0,0,-0.3989098766172958,21.456203747904645,20.5,21.5
2738.0,21.149607075791614,21.42962807598203,6.3665475473615984,21.0,0,-0.42962807598203057,21.736810069629378,20.5,21.5
2739.0,21.14665046388593,21.433615518310823,6.365272653600557,21.0,0,-0.43361551831082323,21.47348994159875,20.5,21.5
2740.0,21.143694188323874,21.440634658954433,6.363996720124997,21.0,0,-0.44063465895443343,21.510826065390535,20.5,21.5
2741.0,21.140738248830235,21.440236535828753,6.362719747906601,21.0,0,-0.44023653582875255,21.436255304571944,20.5,21.5
2742.0,21.137782645130052,21.524084256666324,6.361441737917836,21.0,0,-0.524084256666324,22.362561465042038,20.5,21.5
2743.0,21.13482737694861,21.489634729028214,6.360162691131963,21.0,0,-0.48963472902821437,21.14513945264712,20.5,21.5
2744.0,21.131872444011446,21.401685428462788,6.358882608523032,21.0,0,-0.40168542846278754,20.52219242280852,20.5,21.5
2745.0,21.12891784604435,21.334687461636225,6.357601491065884,21.0,0,-0.334687461636225,20.6647077933706,20.5,21.5
2746.0,21.125963582773352,21.289873556270003,6.3563193397361415,21.0,0,-0.28987355627000255,20.84173450260778,20.5,21.5
2747.0,21.123009653924743,21.20816085248153,6.35503615551022,21.0,1,-0.20816085248153016,20.391033814596806,20.5,21.5
2748.0,21.14005605922506,21.138315938502423,6.3537519393653215,21.0,1,-0.13831593850242285,20.43986679871135,20.5,21.5
2749.0,21.157098798401087,21.29404553463501,6.352466692279431,21.0,0,-0.2940455346350106,22.851341495960888,20.5,21.5
2750.0,21.154137871979863,21.32295220539049,6.351180415231321,21.0,0,-0.3229522053904894,21.612018912945278,20.5,21.5
2751.0,21.151177280488515,21.32975418156446,6.349893109200546,21.0,0,-0.3297541815644607,21.397773943304173,20.5,21.5
2752.0,21.148217023654258,21.30048888995156,6.348604775167447,21.0,0,-0.3004888899515592,21.007835973822544,20.5,21.5
2753.0,21.14525710120456,21.393567714292292,6.347315414113146,21.0,0,-0.393567714292292,22.32435595769962,20.5,21.5
2754.0,21.14229751286714,21.399972978886936,6.346025027019547,21.0,0,-0.39997297888693595,21.464025624833376,20.5,21.5
2755.0,21.13933825836997,21.455510286989295,6.344733614869336,21.0,0,-0.45551028698929485,22.010883368012884,20.5,21.5
2756.0,21.13637933744127,21.42167027778873,6.343441178645981,21.0,0,-0.42167027778873134,21.083270185783096,20.5,21.5
2757.0,21.13342074980951,21.44762462001706,6.342147719333726,21.0,0,-0.44762462001705927,21.70716804230034,20.5,21.5
2758.0,21.130462495203414,21.398955146035647,6.340853237917599,21.0,0,-0.39895514603564664,20.91226040622152,20.5,21.5
2759.0,21.127504573351956,21.376284081530592,6.339557735383401,21.0,0,-0.3762840815305921,21.149573436480047,20.5,21.5
2760.0,21.124546983984363,21.38310312600215,6.3382612127177165,21.0,0,-0.38310312600215113,21.45129357071774,20.5,21.5
2761.0,21.12158972683011,21.385219582652468,6.3369636709079025,21.0,0,-0.3852195826524678,21.406384149155635,20.5,21.5
2762.0,21.118632801618926,21.39110505495219,6.335665110942093,21.0,0,-0.3911050549521917,21.44995977794943,20.5,21.5
2763.0,21.11567620808079,21.399932037443925,6.3343655338091995,21.0,0,-0.399932037443925,21.488201862361258,20.5,21.5
2764.0,21.112719945945933,21.39218810635563,6.333064940498905,21.0,0,-0.3921881063556292,21.31474879547267,20.5,21.5
2765.0,21.109764014944844,21.289183719903782,6.331763332001668,21.0,1,-0.28918371990378233,20.259139855385314,20.5,21.5
2766.0,21.126808414808256,21.25569992120831,6.330460709308721,21.0,1,-0.2556999212083113,20.9208619342536,20.5,21.5
2767.0,21.143849145267154,21.28438283150546,6.329157073412068,21.0,0,-0.28438283150546084,21.571211934476956,20.5,21.5
2768.0,21.140886206852784,21.386080064543695,6.327852425304483,21.0,0,-0.3860800645436946,22.403052394926032,20.5,21.5
2769.0,21.137923600096475,21.3946377808633,6.326546765979514,21.0,0,-0.3946377808632988,21.48021494405934,20.5,21.5
2770.0,21.13496132472965,21.40933666690463,6.325240096431475,21.0,0,-0.409336666904629,21.55632552731793,20.5,21.5
2771.0,21.131999380483993,21.49766265533794,6.323932417655453,21.0,0,-0.4976626553379404,22.380922539671054,20.5,21.5
2772.0,21.12903776709143,21.517667467151075,6.3226237306473045,21.0,0,-0.5176674671510746,21.717715585282416,20.5,21.5
2773.0,21.12607648428414,21.424518211087854,6.321314036403647,21.0,1,-0.4245182110878538,20.493025650455646,20.5,21.5
2774.0,21.143115531794564,21.460289179137533,6.320003335921873,21.0,0,-0.46028917913753276,21.817998859634322,20.5,21.5
2775.0,21.140150909355388,21.547059252256417,6.318691630200138,21.0,0,-0.5470592522564175,22.414759983445265,20.5,21.5
2776.0,21.137186617499555,21.518623041758424,6.317378920237361,21.0,0,-0.5186230417584241,21.23426093677849,20.5,21.5
2777.0,21.1342226559601,21.52494022364262,6.316065207033229,21.0,0,-0.5249402236426199,21.58811204248458,20.5,21.5
2778.0,21.131259024470317,21.568663084899434,6.3147504915881925,21.0,0,-0.5686630848994341,22.005891697467575,20.5,21.5
2779.0,21.128295722763742,21.47202504493634,6.313434774903462,21.0,0,-0.47202504493634123,20.505644645305413,20.5,21.5
2780.0,21.12533275057417,21.400086460490577,6.3121180579810146,21.0,0,-0.40008646049057717,20.680700616032937,20.5,21.5
2781.0,21.12237010763565,21.400741653460734,6.310800341823588,21.0,0,-0.4007416534607344,21.407293583162307,20.5,21.5
2782.0,21.119407793682488,21.319587328645444,6.30948162743468,21.0,0,-0.3195873286454436,20.508044080492535,20.5,21.5
2783.0,21.11644580844924,21.338052007467446,6.308161915818548,21.0,0,-0.33805200746744646,21.522698795687475,20.5,21.5
2784.0,21.11348415167071,21.45245228620085,6.306841207980211,21.0,0,-0.4524522862008489,22.596455073534873,20.5,21.5
2785.0,21.110522823081972,21.43710360180583,6.305519504925446,21.0,0,-0.4371036018058305,21.283616757855647,20.5,21.5
2786.0,21.10756182241834,21.462824034592295,6.304196807660784,21.0,0,-0.4628240345922947,21.720028362456937,20.5,21.5
2787.0,21.104601149415387,21.496562209992135,6.302873117193521,21.0,0,-0.49656220999213474,21.833943963990535,20.5,21.5
2788.0,21.101640803808944,21.449569871504064,6.301548434531702,21.0,0,-0.4495698715040639,20.979646486623356,20.5,21.5
2789.0,21.098680785335088,21.40614236700962,6.300222760684132,21.0,0,-0.40614236700961825,20.97186732206516,20.5,21.5
2790.0,21.09572109373016,21.45993601006693,6.298896096660368,21.0,0,-0.4599360100669294,21.99787244064004,20.5,21.5
2791.0,21.092761728730746,21.479284907896947,6.297568443470722,21.0,0,-0.4792849078969468,21.67277388619712,20.5,21.5
2792.0,21.089802690073693,21.48297752683797,6.296239802126262,21.0,0,-0.48297752683797057,21.51990371624821,20.5,21.5
2793.0,21.086843977496102,21.509010884262512,6.294910173638804,21.0,0,-0.5090108842625121,21.769344458507927,20.5,21.5
2794.0,21.08388559073533,21.53009858330513,6.29357955902092,21.0,0,-0.5300985833051293,21.7409755737313,20.5,21.5
2795.0,21.08092752952899,21.545033985925425,6.292247959285929,21.0,0,-0.545033985925425,21.694388012128382,20.5,21.5
2796.0,21.07796979361494,21.435430470564718,6.290915375447901,21.0,1,-0.43543047056471806,20.33939531695765,20.5,21.5
2797.0,21.09501238273131,21.3899505191281,6.28958180852166,21.0,1,-0.3899505191280994,20.935151004761913,20.5,21.5
2798.0,21.112051296616468,21.4013406281867,6.288247259522773,21.0,0,-0.40134062818669847,21.51524171877269,20.5,21.5
2799.0,21.10908653580905,21.36838412168175,6.286911729467557,21.0,0,-0.36838412168174983,21.038819056632263,20.5,21.5
2800.0,21.10612210084778,21.366102197522977,6.285575219373079,21.0,0,-0.36610219752297724,21.34328295593525,20.5,21.5
2801.0,21.103157991471488,21.369624244282807,6.284237730257146,21.0,0,-0.36962424428280727,21.404844711881108,20.5,21.5
2802.0,21.100194207419246,21.46759364626003,6.282899263138316,21.0,0,-0.4675936462600312,22.44728766603227,20.5,21.5
2803.0,21.09723074843039,21.428235391113837,6.2815598190358894,21.0,0,-0.42823539111383724,21.034652839651898,20.5,21.5
2804.0,21.09426761424451,21.409554151480545,6.280219398969911,21.0,0,-0.4095541514805454,21.222741755147627,20.5,21.5
2805.0,21.091304804601457,21.404542769026687,6.27887800396117,21.0,0,-0.40454276902668695,21.354428944488102,20.5,21.5
2806.0,21.088342319241328,21.429239837079397,6.277535635031196,21.0,0,-0.42923983707939684,21.676210517606496,20.5,21.5
2807.0,21.085380157904485,21.415524288959475,6.276192293202261,21.0,0,-0.4155242889594746,21.278368807760252,20.5,21.5
2808.0,21.082418320331545,21.449014536812165,6.2748479794973795,21.0,0,-0.4490145368121645,21.783917015339064,20.5,21.5
2809.0,21.079456806263376,21.497170188290454,6.273502694940304,21.0,0,-0.497170188290454,21.97872670307335,20.5,21.5
2810.0,21.07649561544111,21.473713227765536,6.272156440555528,21.0,0,-0.47371322776553626,21.23914362251636,20.5,21.5
2811.0,21.073534747606132,21.518152432174666,6.270809217368282,21.0,0,-0.5181524321746664,21.96254447626597,20.5,21.5
2812.0,21.070574202500083,21.52087033753624,6.269461026404536,21.0,0,-0.5208703375362411,21.548049391151988,20.5,21.5
2813.0,21.067613979864863,21.475734236373242,6.268111868690994,21.0,0,-0.47573423637324197,21.02437322474325,20.5,21.5
2814.0,21.06465407944263,21.410877349575788,6.266761745255101,21.0,0,-0.41087734957578803,20.76230848160125,20.5,21.5
2815.0,21.061694500975793,21.379440931678246,6.265410657125033,21.0,0,-0.37944093167824633,21.06507675270283,20.5,21.5
2816.0,21.058735244207025,21.354216714355182,6.264058605329702,21.0,0,-0.3542167143551822,21.10197454112454,20.5,21.5
2817.0,21.05577630887925,21.30766108313932,6.262705590898756,21.0,0,-0.30766108313931895,20.842104770980686,20.5,21.5
2818.0,21.05281769473565,21.249222532455185,6.261351614862573,21.0,0,-0.24922253245518533,20.66483702561385,20.5,21.5
2819.0,21.049859401519676,21.221620783756606,6.259996678252264,21.0,0,-0.221620783756606,20.945603296770813,20.5,21.5
2820.0,21.046901428975023,21.24288573888831,6.258640782099675,21.0,0,-0.24288573888831166,21.45553529020537,20.5,21.5
2821.0,21.043943776845648,21.200206852408265,6.257283927437378,21.0,0,-0.20020685240826452,20.773417987607793,20.5,21.5
2822.0,21.040986444875767,21.224675209925223,6.255926115298676,21.0,0,-0.22467520992522338,21.469358785094812,20.5,21.5
2823.0,21.03802943280985,21.341478308683318,6.254567346717604,21.0,0,-0.3414783086833175,22.50950929626426,20.5,21.5
2824.0,21.035072740392632,21.37089707272785,6.2532076227289215,21.0,0,-0.3708970727278498,21.665084713173172,20.5,21.5
2825.0,21.0321163673691,21.392727935401286,6.251846944368118,21.0,0,-0.39272793540128603,21.61103656213565,20.5,21.5
2826.0,21.0291603134845,21.454323953579337,6.25048531267141,21.0,0,-0.45432395357933686,22.070284135359845,20.5,21.5
2827.0,21.026204578484336,21.397998684555926,6.249122728675739,21.0,0,-0.397998684555926,20.834745994321818,20.5,21.5
2828.0,21.023249162114375,21.319247053335154,6.247759193418773,21.0,0,-0.3192470533351539,20.531730741127433,20.5,21.5
2829.0,21.020294064120638,21.33317209527478,6.246394707938901,21.0,0,-0.3331720952747794,21.472422514671035,20.5,21.5
2830.0,21.017339284249402,21.34135792014903,6.2450292732752395,21.0,0,-0.3413579201490293,21.42321616889153,20.5,21.5
2831.0,21.01438482224721,21.364149435996854,6.2436628904676255,21.0,0,-0.364149435996854,21.5920645944751,20.5,21.5
2832.0,21.011430677860854,21.336945114728582,6.24229556055662,21.0,0,-0.33694511472858224,21.064901902045865,20.5,21.5
2833.0,21.008476850837393,21.437359305374887,6.240927284583505,21.0,0,-0.437359305374887,22.441501211837934,20.5,21.5
2834.0,21.005523340924142,21.43684370369528,6.23955806359028,21.0,0,-0.43684370369528125,21.431687686899224,20.5,21.5
2835.0,21.002570147868674,21.399728766038955,6.238187898619668,21.0,0,-0.3997287660389546,21.028579389475688,20.5,21.5
2836.0,20.999617271418824,21.339807119503543,6.236816790715109,21.0,0,-0.3398071195035435,20.740590654149432,20.5,21.5
2837.0,20.996664711322683,21.438362372524235,6.23544474092076,21.0,0,-0.43836237252423516,22.423914902731152,20.5,21.5
2838.0,20.993712467328603,21.333320706772945,6.2340717502814975,21.0,1,-0.3333207067729447,20.28290404926004,20.5,21.5
2839.0,21.010760539185192,21.383080479542468,6.2326978198429135,21.0,0,-0.3830804795424676,21.880678207237697,20.5,21.5
2840.0,21.007804926641324,21.357751441390963,6.231322950651316,21.0,0,-0.35775144139096327,21.10446105987592,20.5,21.5
2841.0,21.004849630246127,21.373136310578538,6.229947143753729,21.0,0,-0.3731363105785377,21.526985002454282,20.5,21.5
2842.0,21.001894649748827,21.28421706369086,6.228570400197886,21.0,1,-0.2842170636908605,20.39502459481409,20.5,21.5
2843.0,21.018939984898918,21.279827226549354,6.227192721032241,21.0,1,-0.27982722654935444,21.235928855134294,20.5,21.5
2844.0,21.035981635446145,21.259634683167068,6.225814107305954,21.0,1,-0.25963468316706795,21.057709249344203,20.5,21.5
2845.0,21.053019601940516,21.319540215179142,6.224434560068899,21.0,0,-0.319540215179142,21.918595535299882,20.5,21.5
2846.0,21.05005388493214,21.333475222598445,6.2230540803716625,21.0,0,-0.33347522259844453,21.47282529679147,20.5,21.5
2847.0,21.047088484971226,21.434293898238085,6.22167266926554,21.0,0,-0.43429389823808506,22.44248065463449,20.5,21.5
2848.0,21.044123401808086,21.447928586375276,6.220290327802536,21.0,0,-0.44792858637527644,21.58427546774719,20.5,21.5
2849.0,21.041158635193284,21.346997008798752,6.218907057035362,21.0,1,-0.34699700879875195,20.337681233033507,20.5,21.5
2850.0,21.058194184877653,21.34564623711187,6.217522858017442,21.0,1,-0.34564623711186826,21.33213852024303,20.5,21.5
2851.0,21.07522605061228,21.383501768175027,6.216137731802901,21.0,0,-0.38350176817502657,21.76205707880661,20.5,21.5
2852.0,21.072254232948517,21.37027358256905,6.214751679446573,21.0,0,-0.37027358256905174,21.237991726509303,20.5,21.5
2853.0,21.069282732437816,21.420189712941347,6.213364702003999,21.0,0,-0.42018971294134744,21.919351016664304,20.5,21.5
2854.0,21.06631154883173,21.499074181458948,6.211976800531422,21.0,0,-0.49907418145894766,22.28791886663495,20.5,21.5
2855.0,21.06334068188207,21.452852329133357,6.210587976085789,21.0,0,-0.45285232913335705,20.99063380587745,20.5,21.5
2856.0,21.06037013134091,21.433271015122692,6.20919822972475,21.0,0,-0.43327101512269195,21.23745787501604,20.5,21.5
2857.0,21.057399896960586,21.4237222745446,6.207807562506657,21.0,0,-0.4237222745445983,21.328234868763662,20.5,21.5
2858.0,21.054429978493694,21.325060824582778,6.2064159754905655,21.0,1,-0.32506082458277774,20.338446324964572,20.5,21.5
2859.0,21.071460375693093,21.310121388695727,6.2050234697362265,21.0,1,-0.3101213886957268,21.160727029825217,20.5,21.5
2860.0,21.0884870883119,21.367916585215582,6.203630046304096,21.0,0,-0.3679165852155819,21.945868550414133,20.5,21.5
2861.0,21.0855101169035,21.37631000399012,6.202235706255328,21.0,0,-0.3763100039901204,21.460244191735505,20.5,21.5
2862.0,21.08253346202137,21.38961354613819,6.200840450651768,21.0,0,-0.38961354613818955,21.52264896761888,20.5,21.5
2863.0,21.079557123419097,21.437586444790128,6.199444280555968,21.0,0,-0.43758644479012787,21.91731543130951,20.5,21.5
2864.0,21.076581100850525,21.513406733787342,6.198047197031172,21.0,0,-0.5134067337873418,22.27160962375948,20.5,21.5
2865.0,21.073605394069762,21.454239356702207,6.196649201141318,21.0,0,-0.4542393567022067,20.862565585850856,20.5,21.5
2866.0,21.070630002831177,21.41349986122351,6.195250293951043,21.0,0,-0.4134998612235101,21.006104906436544,20.5,21.5
2867.0,21.0676549268894,21.391708709440135,6.193850476525673,21.0,0,-0.3917087094401346,21.17379719160638,20.5,21.5
2868.0,21.064680165999327,21.457829457341674,6.192449749931232,21.0,0,-0.45782945734167413,22.11903693635707,20.5,21.5
2869.0,21.061705719916112,21.373535013988864,6.191048115234433,21.0,0,-0.3735350139888638,20.53059058046076,20.5,21.5
2870.0,21.058731588395176,21.434760182314584,6.189645573502682,21.0,0,-0.4347601823145837,22.047011865571783,20.5,21.5
2871.0,21.055757771192198,21.416878572393273,6.188242125804077,21.0,0,-0.41687857239327286,21.238062473180165,20.5,21.5
2872.0,21.05278426806312,21.33689612597359,6.186837773207403,21.0,0,-0.3368961259735883,20.537071661776743,20.5,21.5
2873.0,21.04981107876415,21.246409678369403,6.185432516782136,21.0,1,-0.2464096783694032,20.341545202327552,20.5,21.5
2874.0,21.066838203051756,21.281839073858116,6.184026357598439,21.0,0,-0.2818390738581158,21.636133028745242,20.5,21.5
2875.0,21.063861640682664,21.173297093106846,6.1826192967271645,21.0,1,-0.1732970931068465,20.087877285594153,20.5,21.5
2876.0,21.080885392213872,21.196166179172714,6.18121133523985,21.0,1,-0.19616617917271384,21.424857039831387,20.5,21.5
2877.0,21.097905457402476,21.28953942725414,6.179802474208722,21.0,0,-0.28953942725414095,22.223271908068412,20.5,21.5
2878.0,21.094921836805838,21.374568461123054,6.178392714706685,21.0,0,-0.3745684611230544,22.22485879981219,20.5,21.5
2879.0,21.09193853098142,21.37436783689289,6.176982057807334,21.0,0,-0.37436783689289044,21.37236159459125,20.5,21.5
2880.0,21.088955539686786,21.489194529363708,6.175570504584947,21.0,0,-0.4891945293637079,22.637461454071882,20.5,21.5
2881.0,21.085972862679768,21.500648376613206,6.174158056114481,21.0,0,-0.5006483766132064,21.61518684910819,20.5,21.5
2882.0,21.082990499718456,21.53402202874441,6.1727447134715785,21.0,0,-0.5340220287444097,21.867758550056443,20.5,21.5
2883.0,21.080008450561206,21.460957540903735,6.171330477732562,21.0,0,-0.46095754090373475,20.730312662496985,20.5,21.5
2884.0,21.07702671496664,21.495426486793953,6.169915349974431,21.0,0,-0.49542648679395285,21.840115945696134,20.5,21.5
2885.0,21.07404529269364,21.502160539740004,6.168499331274869,21.0,0,-0.5021605397400037,21.569501069200513,20.5,21.5
2886.0,21.071064183501356,21.472470590838782,6.167082422712235,21.0,0,-0.47247059083878185,21.175571101826563,20.5,21.5
2887.0,21.068083387149198,21.403812376527117,6.165664625365567,21.0,0,-0.4038123765271173,20.717230233410472,20.5,21.5
2888.0,21.06510290339684,21.439313629899033,6.164245940314579,21.0,0,-0.4393136298990328,21.794326163618187,20.5,21.5
2889.0,21.062122732004227,21.383092436276744,6.162826368639662,21.0,0,-0.38309243627674405,20.820880500053857,20.5,21.5
2890.0,21.059142872731552,21.297661507430952,6.1614059114218795,21.0,1,-0.2976615074309521,20.443352218973033,20.5,21.5
2891.0,21.07616332533929,21.35374848981185,6.159984569742974,21.0,0,-0.35374848981184925,21.91461831362082,20.5,21.5
2892.0,21.07318008958817,21.397409393926107,6.1585623446853575,21.0,0,-0.3974093939261074,21.83401843506869,20.5,21.5
2893.0,21.07019716603919,21.408278711334777,6.157139237332117,21.0,0,-0.408278711334777,21.516971885421473,20.5,21.5
2894.0,21.06721455445345,21.46130876677982,6.155715248767011,21.0,0,-0.461308766779819,21.99160932123024,20.5,21.5
2895.0,21.064232254592312,21.46209071980133,6.1542903800744675,21.0,0,-0.4620907198013313,21.469910250016454,20.5,21.5
2896.0,21.06125026621741,21.456112615397068,6.152864632339586,21.0,0,-0.4561126153970676,21.39633157135443,20.5,21.5
2897.0,21.058268589090634,21.41654135961387,6.151438006648138,21.0,0,-0.41654135961386984,21.020828801781892,20.5,21.5
2898.0,21.055287222974144,21.399183363094473,6.1500105040865565,21.0,0,-0.39918336309447255,21.2256033979005,20.5,21.5
2899.0,21.052306167630366,21.373563590413983,6.148582125741951,21.0,0,-0.37356359041398335,21.11736586360909,20.5,21.5
2900.0,21.049325422821987,21.4070786964128,6.147152872702093,21.0,0,-0.4070786964127997,21.742229756400963,20.5,21.5
2901.0,21.04634498831196,21.407293343078862,6.1457227460554185,21.0,0,-0.40729334307886234,21.40943980973949,20.5,21.5
2902.0,21.04336486386351,21.40290819159772,6.1442917468910325,21.0,0,-0.40290819159772084,21.359056676786306,20.5,21.5
2903.0,21.040385049240115,21.3860635250572,6.1428598762987034,21.0,0,-0.38606352505719954,21.217616859651987,20.5,21.5
2904.0,21.037405544205527,21.40355344006927,6.141427135368863,21.0,0,-0.4035534400692704,21.57845259018998,20.5,21.5
2905.0,21.03442634852376,21.36153330228505,6.139993525192606,21.0,0,-0.36153330228505,20.941331924442846,20.5,21.5
2906.0,21.031447461959093,21.221378443035544,6.138559046861689,21.0,1,-0.22137844303554388,19.819829850540483,20.5,21.5
2907.0,21.048468884276073,21.212444290325628,6.1371237014685285,21.0,1,-0.21244429032562806,21.12310276322647,20.5,21.5
2908.0,21.06548661523951,21.29155661555459,6.135687490106202,21.0,0,-0.29155661555459034,22.082679867844213,20.5,21.5
2909.0,21.062500655414485,21.28986061829022,6.1342504138684495,21.0,0,-0.2898606182902199,21.272900645646516,20.5,21.5
2910.0,21.059515005366176,21.328038085967286,6.1328124738496665,21.0,0,-0.328038085967286,21.709812762737947,20.5,21.5
2911.0,21.056529664859873,21.462970402304784,6.131373671144904,21.0,0,-0.4629704023047836,22.81229356567976,20.5,21.5
2912.0,21.05354463366113,21.48464601977456,6.129934006849876,21.0,0,-0.48464601977455857,21.70140219447231,20.5,21.5
2913.0,21.050559911535768,21.37963411928144,6.128493482060948,21.0,1,-0.379634119281441,20.329515114350265,20.5,21.5
2914.0,21.067575498249873,21.33302444020559,6.1270520978751435,21.0,1,-0.3330244402055911,20.866927649447092,20.5,21.5
2915.0,21.084587393569798,21.322581460290657,6.125609855390136,21.0,1,-0.3225814602906567,21.218151661141313,20.5,21.5
2916.0,21.10159559806216,21.256573189668394,6.124166755704262,21.0,1,-0.25657318966839426,20.59649048344577,20.5,21.5
2917.0,21.118600112293688,21.29262453648902,6.122722799916499,21.0,0,-0.29262453648901854,21.65313800469526,20.5,21.5
2918.0,21.115600936831214,21.323994854603477,6.121277989126483,21.0,0,-0.32399485460347677,21.63769803574806,20.5,21.5
2919.0,21.112602072241675,21.308596226853066,6.119832324434503,21.0,0,-0.30859622685306576,21.154609949348956,20.5,21.5
2920.0,21.109603518292115,21.335472057533625,6.118385806941494,21.0,0,-0.3354720575336252,21.60423036433922,20.5,21.5
2921.0,21.106605274749846,21.393381763989133,6.116938437749042,21.0,0,-0.39338176398913305,21.97247882854421,20.5,21.5
2922.0,21.103607341382446,21.347543367934787,6.115490217959381,21.0,0,-0.3475433679347866,20.889159407391322,20.5,21.5
2923.0,21.100609717957763,21.354565930211503,6.114041148675394,21.0,0,-0.3545659302115034,21.42479155297867,20.5,21.5
2924.0,21.097612404243907,21.405921224588834,6.112591231000609,21.0,0,-0.40592122458883395,21.91947416836214,20.5,21.5
2925.0,21.09461540000926,21.515838254480165,6.111140466039204,21.0,0,-0.5158382544801654,22.61500855339348,20.5,21.5
2926.0,21.091618705022466,21.462536393288296,6.109688854895999,21.0,0,-0.4625363932882962,20.929517781369604,20.5,21.5
2927.0,21.08862231905244,21.55337111312316,6.108236398676458,21.0,0,-0.5533711131231591,22.461718311471788,20.5,21.5
2928.0,21.085626241868365,21.5109146344464,6.106783098486688,21.0,0,-0.5109146344464008,21.086349847678818,20.5,21.5
2929.0,21.08263047323969,21.45186864120189,6.105328955433444,21.0,0,-0.45186864120189085,20.86140870875679,20.5,21.5
2930.0,21.079635012936127,21.367772740429746,6.103873970624116,21.0,0,-0.3677727404297464,20.526813732708302,20.5,21.5
2931.0,21.076639860727663,21.435340484373267,6.10241814516674,21.0,0,-0.4353404843732669,22.111017923808472,20.5,21.5
2932.0,21.07364501638455,21.362487435948502,6.100961480169992,21.0,0,-0.36248743594850197,20.633956951700853,20.5,21.5
2933.0,21.070650479677308,21.458545010066736,6.099503976743182,21.0,0,-0.45854501006673587,22.419120751249075,20.5,21.5
2934.0,21.06765625037672,21.544375645468687,6.098045635996264,21.0,0,-0.544375645468687,22.4026819994882,20.5,21.5
2935.0,21.064662328253846,21.45528317436015,6.096586459039828,21.0,0,-0.45528317436015087,20.56435846327479,20.5,21.5
2936.0,21.061668713080003,21.378714833796714,6.0951264469851,21.0,0,-0.3787148337967139,20.613031428162344,20.5,21.5
2937.0,21.058675404626783,21.413258116408212,6.093665600943944,21.0,0,-0.41325811640821186,21.75869094252319,20.5,21.5
2938.0,21.055682402666047,21.413620580621313,6.092203922028858,21.0,0,-0.4136205806213127,21.41724522275232,20.5,21.5
2939.0,21.052689706969918,21.408703404038754,6.0907414113529725,21.0,0,-0.4087034040387536,21.359531638213163,20.5,21.5
2940.0,21.049697317310795,21.484999922090918,6.089278070030055,21.0,0,-0.4849999220909176,22.247965102612557,20.5,21.5
2941.0,21.04670523346134,21.6162953022992,6.0878138991745,21.0,0,-0.6162953022991999,22.929249104382023,20.5,21.5
2942.0,21.04371345519448,21.52049930672994,6.086348899901341,21.0,0,-0.5204993067299384,20.562539351037323,20.5,21.5
2943.0,21.040721982283422,21.481714898128086,6.084883073326238,21.0,0,-0.4817148981280859,21.09387081210956,20.5,21.5
2944.0,21.037730814501632,21.423300553065282,6.08341642056548,21.0,0,-0.4233005530652818,20.83915710243724,20.5,21.5
2945.0,21.034739951622846,21.327350924882122,6.081948942735988,21.0,1,-0.32735092488212203,20.367854643050524,20.5,21.5
2946.0,21.05174939342107,21.227605177540696,6.08048064095531,21.0,1,-0.22760517754069554,20.23014770412643,20.5,21.5
2947.0,21.068755139670575,21.262314691077556,6.079011516341621,21.0,0,-0.262314691077556,21.60940982644616,20.5,21.5
2948.0,21.06575719094591,21.223498148017395,6.077541570013725,21.0,0,-0.22349814801739498,20.835332717415785,20.5,21.5
2949.0,21.062759547821724,21.232959814655608,6.076070803091051,21.0,0,-0.232959814655608,21.327576481037738,20.5,21.5
2950.0,21.059762210072776,21.261959630741558,6.074599216693648,21.0,0,-0.2619596307415577,21.551957791601055,20.5,21.5
2951.0,21.0567651774741,21.305145944508958,6.0731268119421955,21.0,0,-0.3051459445089577,21.737009082182958,20.5,21.5
2952.0,21.053768449800994,21.27850513803285,6.071653589957993,21.0,0,-0.27850513803284827,21.012097073271754,20.5,21.5
2953.0,21.050772026829026,21.344057722722745,6.070179551862965,21.0,0,-0.34405772272274504,21.999583569621713,20.5,21.5
2954.0,21.04777590833403,21.380600097246734,6.068704698779653,21.0,0,-0.3806000972467345,21.74602384248663,20.5,21.5
2955.0,21.044780094092122,21.453843954106652,6.067229031831223,21.0,0,-0.45384395410665235,22.18628252270583,20.5,21.5
2956.0,21.041784583879668,21.476439834667392,6.06575255214146,21.0,0,-0.47643983466739215,21.70239864027479,20.5,21.5
2957.0,21.03878937747332,21.55095870035271,6.0642752608347665,21.0,0,-0.5509587003527088,22.296147357205875,20.5,21.5
2958.0,21.035794474649993,21.444880035408545,6.062797159036165,21.0,1,-0.4448800354085449,20.384093385966906,20.5,21.5
2959.0,21.05279987518687,21.34444294818852,6.061318247871295,21.0,1,-0.3444429481885187,20.340072075988257,20.5,21.5
2960.0,21.06980157886141,21.27354756224924,6.059838528466411,21.0,1,-0.2735475622492416,20.56459370285647,20.5,21.5
2961.0,21.08679958625133,21.258588922264696,6.058358001948381,21.0,1,-0.2585889222646962,21.109002522419242,20.5,21.5
2962.0,21.10379389793447,21.195641928673123,6.056876669444694,21.0,1,-0.19564192867312258,20.566171992757386,20.5,21.5
2963.0,21.120784514488772,21.247602515593275,6.055394532083449,21.0,0,-0.24760251559327529,21.767208384794802,20.5,21.5
2964.0,21.11777143649229,21.32257438331846,6.053911590993355,21.0,0,-0.3225743833184609,22.072293060570317,20.5,21.5
2965.0,21.11475866452319,21.363331472442432,6.05242784730374,21.0,0,-0.36333147244243236,21.770902363682147,20.5,21.5
2966.0,21.111746198359747,21.347458752764318,6.050943302144536,21.0,0,-0.34745875276431804,21.188731555983175,20.5,21.5
2967.0,21.108734037780504,21.402978462324548,6.04945795664629,21.0,0,-0.4029784623245476,21.958175557926843,20.5,21.5
2968.0,21.10572218256428,21.453191661098423,6.047971811940158,21.0,0,-0.45319166109842257,21.955323648837172,20.5,21.5
2969.0,21.102710632490155,21.413126088218867,6.046484869157903,21.0,0,-0.413126088218867,21.01247035942331,20.5,21.5
2970.0,21.099699387337488,21.377733592659766,6.044997129431897,21.0,0,-0.3777335926597658,21.023808637068754,20.5,21.5
2971.0,21.096688446885906,21.31978134362928,6.043508593895119,21.0,0,-0.31978134362928046,20.740258853324427,20.5,21.5
2972.0,21.09367781091531,21.302806498924106,6.042019263681153,21.0,0,-0.30280649892410594,21.13305805187236,20.5,21.5
2973.0,21.090667479205862,21.287192174439685,6.040529139924188,21.0,0,-0.28719217443968503,21.131048929595476,20.5,21.5
2974.0,21.087657451538007,21.31563108977472,6.039038223759018,21.0,0,-0.315631089774719,21.60002024312506,20.5,21.5
2975.0,21.084647727692452,21.42052298270484,6.037546516321043,21.0,0,-0.42052298270483845,22.469441912006033,20.5,21.5
2976.0,21.081638307450177,21.458066045468808,6.0360540187462615,21.0,0,-0.4580660454688079,21.833496673108503,20.5,21.5
2977.0,21.078629190592437,21.469068548393114,6.034560732171273,21.0,0,-0.46906854839311407,21.579093577636176,20.5,21.5
2978.0,21.07562037690075,21.467565608328577,6.033066657733284,21.0,0,-0.4675656083285773,21.45253620768321,20.5,21.5
2979.0,21.07261186615692,21.42979301910979,6.031571796570095,21.0,0,-0.4297930191097912,21.05206712692193,20.5,21.5
2980.0,21.069603658143002,21.347259595035013,6.030076149820108,21.0,0,-0.3472595950350126,20.521925354287227,20.5,21.5
2981.0,21.066595752641337,21.386885036528547,6.028579718622324,21.0,0,-0.3868850365285468,21.78313945146389,20.5,21.5
2982.0,21.063588149434533,21.293613543648387,6.027082504116341,21.0,1,-0.2936135436483873,20.360898614846793,20.5,21.5
2983.0,21.08058084830547,21.26169890878834,6.025584507442351,21.0,1,-0.2616989087883397,20.942552560187863,20.5,21.5
2984.0,21.097569849037296,21.305083511391707,6.024085729741143,21.0,0,-0.3050835113917074,21.738929537425385,20.5,21.5
2985.0,21.094555152213438,21.36070259720838,6.022586172154105,21.0,0,-0.3607025972083804,21.91689345537511,20.5,21.5
2986.0,21.091540758417427,21.339089404174516,6.021085835823212,21.0,0,-0.3390894041745156,21.122957473835868,20.5,21.5
2987.0,21.08852666743291,21.425728880219058,6.019584721891037,21.0,0,-0.42572888021905797,22.29212364066448,20.5,21.5
2988.0,21.0855128790438,21.458807340753815,6.018082831500743,21.0,0,-0.4588073407538147,21.789591946101382,20.5,21.5
2989.0,21.082499393034293,21.43145520871089,6.016580165796086,21.0,0,-0.43145520871089005,21.157933888281644,20.5,21.5
2990.0,21.079486209188847,21.441949058472144,6.015076725921408,21.0,0,-0.4419490584721437,21.54688755608468,20.5,21.5
2991.0,21.076473327292195,21.26764112498814,6.013572513021648,21.0,1,-0.2676411249881383,19.524561790148084,20.5,21.5
2992.0,21.093460747129342,21.210646642259153,6.012067528242327,21.0,1,-0.21064664225915308,20.6407018149693,20.5,21.5
2993.0,21.110444468485564,21.179804301723077,6.0105617727295595,21.0,1,-0.1798043017230775,20.87138089636232,20.5,21.5
2994.0,21.127424491946414,21.269657978922954,6.009055247630039,21.0,0,-0.26965797892295384,22.168194750921717,20.5,21.5
2995.0,21.124400818097552,21.321449999796084,6.007547954091053,21.0,0,-0.3214499997960836,21.83937020852738,20.5,21.5
2996.0,21.12137744752475,21.513062007488536,6.00603989326047,21.0,0,-0.5130620074885357,23.429182084413057,20.5,21.5
2997.0,21.118354380013898,21.590753866658254,6.004531066286745,21.0,0,-0.5907538666582539,22.367672458355436,20.5,21.5
2998.0,21.115331615351153,21.71006491928506,6.003021474318915,21.0,0,-0.7100649192850597,22.903175445553117,20.5,21.5
2999.0,21.112309153322947,21.67087367065721,6.0015111185066,21.0,0,-0.6708736706572083,21.278961184378694,20.5,21.5
3000.0,21.109286993715983,21.51563342499089,6.0,21.0,1,-0.5156334249908916,19.963230968327725,20.5,21.5
3001.0,21.12626513631724,21.49014243447589,5.9984881199499,21.0,1,-0.4901424344758887,21.23523252932586,20.5,21.5
3002.0,21.143239580913967,21.475927778282134,5.996975479507661,21.0,1,-0.4759277782821343,21.33378121634459,20.5,21.5
3003.0,21.160210328093687,21.427224750107488,5.995462079825224,21.0,1,-0.42722475010748795,20.940194468361025,20.5,21.5
3004.0,21.177177378444032,21.370668141869466,5.993947922055111,21.0,1,-0.37066814186946573,20.805102059489244,20.5,21.5
3005.0,21.194140732552754,21.455807431828713,5.992433007350417,21.0,0,-0.4558074318287133,22.30720033142119,20.5,21.5
3006.0,21.191100391007712,21.48704116097673,5.990917336864816,21.0,0,-0.4870411609767302,21.7993784524569,20.5,21.5
3007.0,21.18806035439688,21.428423544247163,5.989400911752556,21.0,0,-0.42842354424716333,20.842247376951494,20.5,21.5
3008.0,21.185020622508354,21.352978148998606,5.987883733168462,21.0,0,-0.3529781489986057,20.59852419651303,20.5,21.5
3009.0,21.181981195130486,21.355277103052718,5.986365802267932,21.0,0,-0.35527710305271754,21.378266643593836,20.5,21.5
3010.0,21.178942072051914,21.348337742043693,5.984847120206934,21.0,0,-0.34833774204369305,21.27894413195345,20.5,21.5
3011.0,21.175903253061545,21.356944651850956,5.983327688142014,21.0,0,-0.3569446518509558,21.443013749923583,20.5,21.5
3012.0,21.17286473794856,21.441984857694877,5.981807507230282,21.0,0,-0.4419848576948766,22.292386916134085,20.5,21.5
3013.0,21.16982652650242,21.453017306255568,5.980286578629423,21.0,0,-0.4530173062555676,21.563341791862477,20.5,21.5
3014.0,21.166788618512843,21.51709114380371,5.978764903497693,21.0,0,-0.5170911438037109,22.157829519285144,20.5,21.5
3015.0,21.16375101376984,21.46533746270785,5.97724248299391,21.0,0,-0.4653374627078506,20.947800651749247,20.5,21.5
3016.0,21.160713712063686,21.440471200754455,5.975719318277466,21.0,0,-0.44047120075445534,21.191808581220503,20.5,21.5
3017.0,21.15767671318493,21.472562414813574,5.974195410508315,21.0,0,-0.47256241481357364,21.793474555404757,20.5,21.5
3018.0,21.154640016924393,21.488885230899633,5.972670760846981,21.0,0,-0.4888852308996334,21.65211339176023,20.5,21.5
3019.0,21.15160362307318,21.46067713924247,5.9711453704545505,21.0,0,-0.46067713924247045,21.17859622267084,20.5,21.5
3020.0,21.148567531422653,21.50971112263709,5.9696192404926745,21.0,0,-0.5097111226370892,22.000050956583276,20.5,21.5
3021.0,21.14553174176447,21.499206918717228,5.968092372123567,21.0,0,-0.49920691871722767,21.394164879518613,20.5,21.5
3022.0,21.142496253890542,21.457468583096556,5.966564766510006,21.0,0,-0.45746858309655636,21.040085226889843,20.5,21.5
3023.0,21.139461067593064,21.492899343115567,5.9650364248153265,21.0,0,-0.4928993431155675,21.84720694330568,20.5,21.5
3024.0,21.136426182664508,21.506994606329307,5.96350734820343,21.0,0,-0.5069946063293074,21.647947238466706,20.5,21.5
3025.0,21.133391598897614,21.428479798260007,5.961977537838775,21.0,0,-0.4284797982600068,20.643331717567,20.5,21.5
3026.0,21.1303573160854,21.49999676453303,5.960446994886379,21.0,0,-0.4999967645330301,22.215166427263263,20.5,21.5
3027.0,21.127323334021163,21.563644252502474,5.958915720511813,21.0,0,-0.5636442525024741,22.200119132196914,20.5,21.5
3028.0,21.12428965249846,21.55190498890845,5.957383715881214,21.0,0,-0.5519049889084506,21.434512352968216,20.5,21.5
3029.0,21.12125627131114,21.56381772507004,5.955850982161268,21.0,0,-0.5638177250700416,21.68294508668595,20.5,21.5
3030.0,21.11822319025331,21.60041918609643,5.954317520519217,21.0,0,-0.6004191860964312,21.966433796360327,20.5,21.5
3031.0,21.115190409119364,21.535476013506656,5.952783332122862,21.0,0,-0.5354760135066563,20.886044287608907,20.5,21.5
3032.0,21.112157927703965,21.37143046792757,5.951248418140551,21.0,1,-0.3714304679275706,19.730975012136714,20.5,21.5
3033.0,21.129125745802053,21.378257413171596,5.949712779741189,21.0,1,-0.3782574131715961,21.44652686561185,20.5,21.5
3034.0,21.14608986320884,21.340116394897525,5.948176418094232,21.0,1,-0.34011639489752454,20.95870621215681,20.5,21.5
3035.0,21.163050280519816,21.38320612157344,5.946639334369687,21.0,0,-0.3832061215734406,21.8141033883326,20.5,21.5
3036.0,21.160006998330587,21.323363575071895,5.945101529738108,21.0,0,-0.3233635750718946,20.724938110056435,20.5,21.5
3037.0,21.15696401723687,21.407130047870535,5.943563005370602,21.0,0,-0.40713004787053464,22.244794775856935,20.5,21.5
3038.0,21.153921337034497,21.396272256354568,5.94202376243882,21.0,0,-0.39627225635456753,21.287694341194896,20.5,21.5
3039.0,21.150878957519577,21.36056333212553,5.940483802114965,21.0,0,-0.3605633321255297,21.00347408983515,20.5,21.5
3040.0,21.147836878488498,21.40456975215897,5.9389431255717815,21.0,0,-0.4045697521589702,21.844633952493375,20.5,21.5
3041.0,21.144795099737916,21.45489541137531,5.937401733982563,21.0,0,-0.4548954113753112,21.95815200353872,20.5,21.5
3042.0,21.141753621064765,21.399547746015426,5.935859628521148,21.0,0,-0.39954774601542553,20.84607109241657,20.5,21.5
3043.0,21.138712442266257,21.396814561923314,5.934316810361912,21.0,0,-0.3968145619233141,21.3694827210022,20.5,21.5
3044.0,21.135671563139876,21.445535532226337,5.932773280679783,21.0,0,-0.44553553222633724,21.93274523525657,20.5,21.5
3045.0,21.132630983483384,21.34578307047512,5.931229040650223,21.0,1,-0.3457830704751217,20.348258452962966,20.5,21.5
3046.0,21.149590703094816,21.304993342569567,5.929684091449239,21.0,1,-0.304993342569567,20.89709606351402,20.5,21.5
3047.0,21.166546721772487,21.376147331001754,5.928138434253378,21.0,0,-0.37614733100175357,22.08768721532362,20.5,21.5
3048.0,21.163499040114985,21.389560388143604,5.926592070239725,21.0,0,-0.38956038814360383,21.523690959562106,20.5,21.5
3049.0,21.16045165872101,21.415767701839698,5.9250450005859,21.0,0,-0.41576770183969813,21.67784083880064,20.5,21.5
3050.0,21.157404577389382,21.491641879418015,5.923497226470068,21.0,0,-0.4916418794180153,22.250383655201187,20.5,21.5
3051.0,21.1543577959192,21.61291020073796,5.921948749070925,21.0,0,-0.6129102007379608,22.825593413937415,20.5,21.5
3052.0,21.15131131410983,21.599111463846175,5.920399569567704,21.0,0,-0.5991114638461745,21.461124094928312,20.5,21.5
3053.0,21.148265131760922,21.522218475526238,5.918849689140171,21.0,0,-0.5222184755262376,20.753288592326868,20.5,21.5
3054.0,21.145219248672397,21.51086473267122,5.91729910896863,21.0,0,-0.5108647326712195,21.39732730412104,20.5,21.5
3055.0,21.142173664644456,21.51602742947251,5.915747830233914,21.0,0,-0.5160274294725085,21.5676543974854,20.5,21.5
3056.0,21.139128379477576,21.436240260517685,5.914195854117388,21.0,0,-0.4362402605176854,20.638368570969455,20.5,21.5
3057.0,21.136083392972505,21.383146087252065,5.912643181800951,21.0,0,-0.3831460872520651,20.852204354595862,20.5,21.5
3058.0,21.13303870493027,21.390608813579533,5.911089814467031,21.0,0,-0.3906088135795329,21.46523607685421,20.5,21.5
3059.0,21.129994315152178,21.34370593648594,5.909535753298584,21.0,0,-0.3437059364859394,20.874677165550004,20.5,21.5
3060.0,21.126950223439806,21.323849371907617,5.9079809994790935,21.0,0,-0.32384937190761676,21.12528372612439,20.5,21.5
3061.0,21.123906429595014,21.343168175458032,5.906425554192575,21.0,0,-0.34316817545803247,21.53635621096219,20.5,21.5
3062.0,21.120862933419932,21.373489738234703,5.904869418623566,21.0,0,-0.3734897382347029,21.676705366001407,20.5,21.5
3063.0,21.117819734716974,21.45159324989868,5.903312593957131,21.0,0,-0.45159324989867855,22.232628366538435,20.5,21.5
3064.0,21.114776833288822,21.48388261027806,5.901755081378862,21.0,0,-0.4838826102780587,21.80677621407186,20.5,21.5
3065.0,21.111734228938438,21.473610115808043,5.900196882074871,21.0,0,-0.473610115808043,21.370885171107886,20.5,21.5
3066.0,21.108691921469067,21.409786413606973,5.898637997231793,21.0,0,-0.4097864136069731,20.771549391596274,20.5,21.5
3067.0,21.105649910684217,21.44292570357342,5.89707842803679,21.0,0,-0.44292570357341887,21.774318603237877,20.5,21.5
3068.0,21.10260819638769,21.381089386847226,5.895518175677539,21.0,0,-0.3810893868472256,20.762726219585293,20.5,21.5
3069.0,21.099566778383547,21.411289091906767,5.893957241342242,21.0,0,-0.41128909190676666,21.713286142502177,20.5,21.5
3070.0,21.09652565647614,21.40140428876048,5.892395626219618,21.0,0,-0.4014042887604816,21.30255625729763,20.5,21.5
3071.0,21.09348483047009,21.412588314072114,5.890833331498904,21.0,0,-0.4125883140721136,21.524428567188433,20.5,21.5
3072.0,21.090444300170294,21.421413945721724,5.889270358369855,21.0,0,-0.4214139457217243,21.50967026221783,20.5,21.5
3073.0,21.087404065381932,21.354464692456165,5.887706708022744,21.0,0,-0.3544646924561654,20.684972159800576,20.5,21.5
3074.0,21.08436412591046,21.398536577236364,5.88614238164836,21.0,0,-0.3985365772363636,21.839255425038345,20.5,21.5
3075.0,21.08132448156161,21.4069253427133,5.884577380438003,21.0,0,-0.4069253427133006,21.49081299748267,20.5,21.5
3076.0,21.078285132141385,21.414987628415417,5.88301170558349,21.0,0,-0.4149876284154175,21.495610485436586,20.5,21.5
3077.0,21.075246077456075,21.374837817856896,5.881445358277153,21.0,0,-0.3748378178568963,20.973339712271684,20.5,21.5
3078.0,21.07220731731224,21.445792049496077,5.879878339711831,21.0,0,-0.4457920494960774,22.15533436588789,20.5,21.5
3079.0,21.06916885151672,21.327808567660924,5.878310651080876,21.0,1,-0.3278085676609237,20.147973749309386,20.5,21.5
3080.0,21.086130679876636,21.3330494776363,5.876742293578155,21.0,1,-0.3330494776363011,21.385458577390075,20.5,21.5
3081.0,21.103088802199377,21.38019049095185,5.875173268398038,21.0,0,-0.38019049095185053,21.851600624107345,20.5,21.5
3082.0,21.100043219092615,21.35973154758425,5.873603576735405,21.0,0,-0.35973154758424997,21.155142113908244,20.5,21.5
3083.0,21.096997931164143,21.43818984301884,5.872033219785646,21.0,0,-0.43818984301884,22.22277279736474,20.5,21.5
3084.0,21.093952938221868,21.432129324229333,5.870462198744655,21.0,0,-0.4321293242293329,21.371524136334262,20.5,21.5
3085.0,21.090908240073972,21.353054103202936,5.868890514808834,21.0,0,-0.3530541032029362,20.56230189293897,20.5,21.5
3086.0,21.087863836528918,21.275660710012374,5.867318169175089,21.0,0,-0.27566071001237447,20.501726778106757,20.5,21.5
3087.0,21.08481972739545,21.315081339116013,5.865745163040828,21.0,0,-0.31508133911601277,21.709287630152396,20.5,21.5
3088.0,21.081775912482577,21.275113031797893,5.864171497603965,21.0,0,-0.27511303179789337,20.8754299586167,20.5,21.5
3089.0,21.0787323915996,21.39999873626862,5.8625971740629135,21.0,0,-0.39999873626862126,22.6488557809759,20.5,21.5
3090.0,21.075689164556096,21.475014072467083,5.8610221936165905,21.0,0,-0.4750140724670828,22.2251674344517,20.5,21.5
3091.0,21.072646231161908,21.505948975341354,5.859446557464411,21.0,0,-0.5059489753413544,21.81529800408407,20.5,21.5
3092.0,21.069603591227168,21.48921935783627,5.857870266806293,21.0,0,-0.48921935783626935,21.32192318278542,20.5,21.5
3093.0,21.066561244562283,21.439791986575603,5.856293322842646,21.0,0,-0.43979198657560303,20.94551827396894,20.5,21.5
3094.0,21.06351919097794,21.28791535515493,5.854715726774385,21.0,1,-0.2879153551549294,19.769149040948193,20.5,21.5
3095.0,21.080477430285097,21.27690416681268,5.853137479802917,21.0,1,-0.27690416681268104,21.166792283390198,20.5,21.5
3096.0,21.097431962295,21.30674766664594,5.851558583130145,21.0,0,-0.3067476666459399,21.60518266497853,20.5,21.5
3097.0,21.094382787619168,21.359819082775523,5.8499790379584695,21.0,0,-0.3598190827755232,21.890533244071356,20.5,21.5
3098.0,21.091333906869234,21.35483522278667,5.848398845490781,21.0,0,-0.3548352227866687,21.304996622898123,20.5,21.5
3099.0,21.088285319856958,21.49803780963973,5.846818006930464,21.0,0,-0.49803780963972955,22.930063678170338,20.5,21.5
3100.0,21.085237026394374,21.540804729162605,5.8452365234813985,21.0,0,-0.5408047291626055,21.968473924391365,20.5,21.5
3101.0,21.08218902629379,21.491506226704196,5.843654396347952,21.0,0,-0.4915062267041961,20.998521202120102,20.5,21.5
3102.0,21.0791413193678,21.455626169199377,5.842071626734981,21.0,0,-0.4556261691993768,21.096825594151184,20.5,21.5
3103.0,21.076093905429275,21.474971764207908,5.840488215847838,21.0,0,-0.47497176420790765,21.668427714293216,20.5,21.5
3104.0,21.073046784291357,21.362463873685936,5.838904164892355,21.0,1,-0.362463873685936,20.23738496846622,20.5,21.5
3105.0,21.089999955767478,21.356438728028213,5.837319475074857,21.0,1,-0.35643872802821264,21.29618727145098,20.5,21.5
3106.0,21.10694941967134,21.428980965190384,5.835734147602153,21.0,0,-0.42898096519038376,22.154403336812095,20.5,21.5
3107.0,21.103895176616927,21.38971267759657,5.834148183681542,21.0,0,-0.38971267759657024,20.997029801658435,20.5,21.5
3108.0,21.10084122721834,21.444419856136456,5.832561584520803,21.0,0,-0.44441985613645585,21.991491641535312,20.5,21.5
3109.0,21.0977875712898,21.534327972321087,5.830974351328199,21.0,0,-0.534327972321087,22.4334091341674,20.5,21.5
3110.0,21.094734208645807,21.579459288595512,5.829386485312479,21.0,0,-0.5794592885955119,22.03077245133976,20.5,21.5
3111.0,21.09168113910114,21.500267009803956,5.82779798768287,21.0,0,-0.5002670098039559,20.708344221888396,20.5,21.5
3112.0,21.088628362470857,21.4977351738306,5.826208859649083,21.0,0,-0.4977351738305984,21.472416814097024,20.5,21.5
3113.0,21.085575878570292,21.50429501849654,5.82461910242131,21.0,0,-0.5042950184965385,21.56989346515594,20.5,21.5
3114.0,21.082523687215062,21.479729582275127,5.823028717210218,21.0,0,-0.47972958227512663,21.23407522006101,20.5,21.5
3115.0,21.07947178822106,21.375936127772547,5.821437705226955,21.0,1,-0.3759361277725475,20.338001582746756,20.5,21.5
3116.0,21.09642018140446,21.35153470916611,5.819846067683145,21.0,1,-0.35153470916610985,21.107520523101734,20.5,21.5
3117.0,21.113364866581716,21.35896948681509,5.818253805790892,21.0,1,-0.35896948681509144,21.433317263304907,20.5,21.5
3118.0,21.13030584436956,21.33849790929043,5.81666092076277,21.0,1,-0.33849790929043166,21.133782134043834,20.5,21.5
3119.0,21.14724311538484,21.381980030836477,5.815067413811832,21.0,0,-0.3819800308364769,21.81680124629693,20.5,21.5
3120.0,21.144176680244524,21.427962779371338,5.813473286151601,21.0,0,-0.4279627793713381,21.88779026471995,20.5,21.5
3121.0,21.141110539565705,21.510666246429274,5.811878538996076,21.0,0,-0.5106662464292739,22.337700917008632,20.5,21.5
3122.0,21.13804469316559,21.534670421819236,5.810283173559725,21.0,0,-0.5346704218192357,21.774712175718854,20.5,21.5
3123.0,21.134979140861667,21.474651791007062,5.80868719105749,21.0,0,-0.47465179100706223,20.874465482885327,20.5,21.5
3124.0,21.131913882471707,21.418853285171167,5.80709059270478,21.0,0,-0.41885328517116704,20.860868226812215,20.5,21.5
3125.0,21.128848917813755,21.410455944374235,5.805493379717475,21.0,0,-0.4104559443742346,21.32648253640491,20.5,21.5
3126.0,21.125784246706136,21.460995957322233,5.8038955533119205,21.0,0,-0.46099595732223264,21.966396086802213,20.5,21.5
3127.0,21.122719868967458,21.474219470279433,5.802297114704932,21.0,0,-0.4742194702794329,21.606454599851435,20.5,21.5
3128.0,21.119655784416604,21.46203315089037,5.80069806511379,21.0,0,-0.46203315089037034,21.340169956999745,20.5,21.5
3129.0,21.116591992872745,21.493918098247875,5.79909840575624,21.0,0,-0.4939180982478746,21.812767571822917,20.5,21.5
3130.0,21.11352849415532,21.434120665312506,5.797498137850493,21.0,0,-0.4341206653125056,20.836146335958816,20.5,21.5
3131.0,21.11046528808406,21.353103447495563,5.795897262615221,21.0,0,-0.3531034474955632,20.54293126932614,20.5,21.5
3132.0,21.107402374478966,21.26761367027312,5.794295781269561,21.0,1,-0.26761367027312133,20.412715898048702,20.5,21.5
3133.0,21.124339753160324,21.290124635192786,5.792693695033112,21.0,0,-0.290124635192786,21.515234284389432,20.5,21.5
3134.0,21.1212734239487,21.210914817601132,5.79109100512593,21.0,1,-0.2109148176011324,20.418816641684597,20.5,21.5
3135.0,21.138207387464934,21.234592967249746,5.789487712768534,21.0,1,-0.2345929672497462,21.471374463735884,20.5,21.5
3136.0,21.155137643529994,21.30839790892179,5.787883819181903,21.0,0,-0.30839790892179053,22.046447325642234,20.5,21.5
3137.0,21.152064192765124,21.422506571296665,5.7862793255874685,21.0,0,-0.42250657129666536,22.563593195045414,20.5,21.5
3138.0,21.14899103579169,21.44697690182686,5.784674233207123,21.0,0,-0.44697690182686145,21.691680207128822,20.5,21.5
3139.0,21.14591817243117,21.512237324670018,5.783068543263215,21.0,0,-0.5122373246700178,22.16484155310158,20.5,21.5
3140.0,21.142845602505336,21.501132773701023,5.781462256978547,21.0,0,-0.5011327737010234,21.39008726401108,20.5,21.5
3141.0,21.13977332583623,21.463108956751107,5.7798553755763775,21.0,0,-0.46310895675110686,21.08287078725194,20.5,21.5
3142.0,21.13670134224618,21.430955170673172,5.778247900280412,21.0,0,-0.43095517067317246,21.10941730989383,20.5,21.5
3143.0,21.133629651557786,21.45403997815344,5.776639832314818,21.0,0,-0.454039978153439,21.684888052956104,20.5,21.5
3144.0,21.13055825359394,21.427595313231357,5.775031172904207,21.0,0,-0.42759531323135747,21.163148664010542,20.5,21.5
3145.0,21.127487148177803,21.54256916669122,5.773421923273641,21.0,0,-0.5425691666912194,22.692307701289838,20.5,21.5
3146.0,21.12441633513282,21.547168204955103,5.771812084648637,21.0,0,-0.5471682049551028,21.593158587593937,20.5,21.5
3147.0,21.121345814282723,21.580134301727632,5.770201658255157,21.0,0,-0.5801343017276324,21.90979526945293,20.5,21.5
3148.0,21.118275585451517,21.52493736098459,5.768590645319607,21.0,0,-0.5249373609845911,20.97296795355418,20.5,21.5
3149.0,21.11520564846349,21.52963940919607,5.766979047068848,21.0,0,-0.5296394091960686,21.576659891310843,20.5,21.5
3150.0,21.112136003143213,21.50715974365415,5.76536686473018,21.0,0,-0.5071597436541495,21.28236308823496,20.5,21.5
3151.0,21.10906664931553,21.518360117294698,5.763754099531349,21.0,0,-0.5183601172946979,21.63036385370018,20.5,21.5
3152.0,21.10599758680557,21.487965011988965,5.762140752700549,21.0,0,-0.48796501198896536,21.18401395893164,20.5,21.5
3153.0,21.10292881543875,21.54957294469046,5.76052682546641,21.0,0,-0.5495729446904605,22.16565227170541,20.5,21.5
3154.0,21.099860335040756,21.522431732406403,5.758912319058011,21.0,0,-0.5224317324064032,21.25101960956583,20.5,21.5
3155.0,21.096792145437558,21.424970579030973,5.757297234704866,21.0,1,-0.4249705790309726,20.450359045276667,20.5,21.5
3156.0,21.113724246455412,21.378861386901274,5.7556815736369344,21.0,1,-0.37886138690127424,20.91776946560429,20.5,21.5
3157.0,21.13065263792085,21.352013468333467,5.7540653370846115,21.0,1,-0.35201346833346747,21.0835342826554,20.5,21.5
3158.0,21.147577320460684,21.32267615547144,5.752448526278731,21.0,1,-0.32267615547144146,21.02930302685118,20.5,21.5
3159.0,21.164498294701847,21.379333705809465,5.750831142450567,21.0,0,-0.379333705809465,21.9459092091897,20.5,21.5
3160.0,21.161415561271397,21.35889069754823,5.749213186831825,21.0,0,-0.35889069754822955,21.154460614935875,20.5,21.5
3161.0,21.15833312079651,21.344406044394578,5.747594660654649,21.0,0,-0.344406044394578,21.199559512858063,20.5,21.5
3162.0,21.155250973104483,21.37651149636236,5.745975565151618,21.0,0,-0.3765114963623617,21.6975660160402,20.5,21.5
3163.0,21.152169118022893,21.410897166199664,5.744355901555744,21.0,0,-0.4108971661996641,21.754753864572688,20.5,21.5
3164.0,21.1490875553796,21.39709280432848,5.742735671100471,21.0,0,-0.39709280432848004,21.25904918561664,20.5,21.5
3165.0,21.146006285002745,21.471543908408847,5.741114875019672,21.0,0,-0.4715439084088473,22.21605494921252,20.5,21.5
3166.0,21.14292530672075,21.42403233361683,5.739493514547659,21.0,0,-0.4240323336168288,20.948916585696644,20.5,21.5
3167.0,21.139844620362314,21.422640863159465,5.737871590919164,21.0,0,-0.42264086315946514,21.40872615858583,20.5,21.5
3168.0,21.136764225756426,21.386268543018883,5.736249105369356,21.0,0,-0.3862685430188826,21.022545341613057,20.5,21.5
3169.0,21.133684122732348,21.319747703854123,5.734626059133826,21.0,0,-0.319747703854123,20.654539312206527,20.5,21.5
3170.0,21.13060431111963,21.32281161687719,5.733002453448595,21.0,0,-0.32281161687718907,21.35345074710785,20.5,21.5
3171.0,21.127524790748094,21.365589306844623,5.731378289550109,21.0,0,-0.36558930684462254,21.793366206518957,20.5,21.5
3172.0,21.124445561447853,21.454227237059293,5.729753568675239,21.0,0,-0.4542272370592926,22.340606539205993,20.5,21.5
3173.0,21.121366623049298,21.468909604421707,5.728128292061283,21.0,0,-0.46890960442170737,21.615733278045855,20.5,21.5
3174.0,21.1182879753831,21.457852766679572,5.726502460945958,21.0,0,-0.4578527666795722,21.34728438925822,20.5,21.5
3175.0,21.115209618280215,21.449094739787697,5.724876076567403,21.0,0,-0.44909473978769654,21.36151447086894,20.5,21.5
3176.0,21.11213155157187,21.55430577711715,5.723249140164185,21.0,0,-0.5543057771171505,22.60641615041169,20.5,21.5
3177.0,21.10905377508959,21.491415234972305,5.721621652975284,21.0,0,-0.49141523497230466,20.862509813523847,20.5,21.5
3178.0,21.105976288665165,21.541061455988878,5.719993616240102,21.0,0,-0.5410614559888778,22.03752366615461,20.5,21.5
3179.0,21.10289909213068,21.631261559928618,5.718365031198462,21.0,0,-0.6312615599286175,22.533262599326015,20.5,21.5
3180.0,21.099822185318494,21.633990533584498,5.716735899090601,21.0,0,-0.6339905335844982,21.661280270143305,20.5,21.5
3181.0,21.096745568061248,21.568652127989992,5.715106221157173,21.0,0,-0.5686521279899921,20.91526807204493,20.5,21.5
3182.0,21.09366924019187,21.566331151306855,5.71347599863925,21.0,0,-0.566331151306855,21.543121384475484,20.5,21.5
3183.0,21.09059320154356,21.52763799741832,5.711845232778318,21.0,0,-0.5276379974183207,21.14070645853298,20.5,21.5
3184.0,21.087517451949807,21.45467969571,5.710213924816274,21.0,0,-0.45467969570999855,20.725096678626777,20.5,21.5
3185.0,21.08444199124438,21.42078437184306,5.708582075995432,21.0,0,-0.42078437184305884,21.08183113317366,20.5,21.5
3186.0,21.08136681926133,21.365387475139617,5.706949687558515,21.0,0,-0.36538747513961667,20.811418508105195,20.5,21.5
3187.0,21.07829193583499,21.182291841060803,5.705316760748657,21.0,1,-0.18229184106080254,19.35133550027266,20.5,21.5
3188.0,21.095217340799973,21.11111279337976,5.703683296809404,21.0,1,-0.11111279337976043,20.39932231656934,20.5,21.5
3189.0,21.112139033991173,21.14257823702117,5.702049296984709,21.0,1,-0.14257823702116923,21.457232673435257,20.5,21.5
3190.0,21.129057016043774,21.11220583809589,5.700414762518935,21.0,1,-0.11220583809588902,20.808481848843087,20.5,21.5
3191.0,21.14597128759307,21.211851545996893,5.69877969465685,21.0,0,-0.21185154599689326,22.208308625006936,20.5,21.5
3192.0,21.142881849274485,21.31698087818868,5.6971440946436305,21.0,0,-0.31698087818868004,22.368274200106548,20.5,21.5
3193.0,21.139792701723557,21.336602056041265,5.6955079637248565,21.0,0,-0.33660205604126503,21.532813834567115,20.5,21.5
3194.0,21.13670384477596,21.34463915154273,5.693871303146511,21.0,0,-0.3446391515427294,21.425010106557373,20.5,21.5
3195.0,21.133615278267634,21.365809623539437,5.692234114154986,21.0,0,-0.36580962353943747,21.577514343506518,20.5,21.5
3196.0,21.13052700203481,21.367203565071257,5.69059639799707,21.0,0,-0.3672035650712573,21.381142980389455,20.5,21.5
3197.0,21.127439015914003,21.399186793834975,5.688958155919955,21.0,0,-0.3991867938349749,21.71901908147215,20.5,21.5
3198.0,21.124351319742004,21.51103405509881,5.687319389171233,21.0,0,-0.5110340550988113,22.629506667737175,20.5,21.5
3199.0,21.12126391335589,21.517618172086266,5.685680098998897,21.0,0,-0.5176181720862658,21.58345934196081,20.5,21.5
3200.0,21.11817679659302,21.556397542360063,5.684040286651338,21.0,0,-0.5563975423600631,21.944191245098036,20.5,21.5
3201.0,21.11508996929103,21.499649543242754,5.6823999533773435,21.0,0,-0.4996495432427537,20.93216955206966,20.5,21.5
3202.0,21.11200343128785,21.47288067325193,5.6807591004261,21.0,0,-0.47288067325192884,21.20519197334368,20.5,21.5
3203.0,21.108917182421678,21.33591573698522,5.679117729047189,21.0,1,-0.33591573698522126,19.966266374318145,20.5,21.5
3204.0,21.125831222531,21.32828326420448,5.677475840490582,21.0,1,-0.3282832642044795,21.251958536397062,20.5,21.5
3205.0,21.142741551454595,21.41586833377579,5.675833436006654,21.0,0,-0.4158683337757907,22.291719029488902,20.5,21.5
3206.0,21.139648169831506,21.40858786980008,5.674190516846164,21.0,0,-0.4085878698000798,21.33578323004297,20.5,21.5
3207.0,21.13655507830091,21.45083599928551,5.672547084260269,21.0,0,-0.4508359992855091,21.873317294139802,20.5,21.5
3208.0,21.1334622767021,21.521301271361086,5.67090313950051,21.0,0,-0.5213012713610858,22.225953992116853,20.5,21.5
3209.0,21.13036976487466,21.488497714958044,5.669258683818827,21.0,0,-0.4884977149580436,21.16046215092762,20.5,21.5
3210.0,21.12727754265845,21.3890469679124,5.667613718467543,21.0,1,-0.38904696791239957,20.39453949745596,20.5,21.5
3211.0,21.14418560989361,21.35888805778768,5.665968244699369,21.0,1,-0.35888805778768074,21.057298956540492,20.5,21.5
3212.0,21.161089966420572,21.41138526385661,5.664322263767406,21.0,0,-0.4113852638566087,21.936357324545888,20.5,21.5
3213.0,21.15799061288004,21.42781352111746,5.662675776925143,21.0,0,-0.42781352111746074,21.59209609372598,20.5,21.5
3214.0,21.15489154991285,21.570020165999537,5.6610287854264465,21.0,0,-0.5700201659995372,22.992086614820302,20.5,21.5
3215.0,21.151792777359955,21.549403761261534,5.659381290525575,21.0,0,-0.5494037612615337,21.3432397138815,20.5,21.5
3216.0,21.148694295062587,21.65918760175038,5.6577332934771665,21.0,0,-0.6591876017503786,22.757026006638828,20.5,21.5
3217.0,21.14559610286227,21.61556315586559,5.656084795536243,21.0,0,-0.6155631558655905,21.17931869701771,20.5,21.5
3218.0,21.142498200600805,21.54006440387253,5.654435797958208,21.0,0,-0.5400644038725311,20.785076883941937,20.5,21.5
3219.0,21.139400588120278,21.425466021598012,5.6527863019988445,21.0,1,-0.4254660215980124,20.279482198852826,20.5,21.5
3220.0,21.156303265263055,21.434107401280063,5.651136308914314,21.0,0,-0.43410740128006253,21.520521198100564,20.5,21.5
3221.0,21.153202231871784,21.39080565423049,5.649485819961159,21.0,0,-0.3908056542304905,20.95778818373477,20.5,21.5
3222.0,21.150101488589403,21.32029041285784,5.647834836396299,21.0,0,-0.3202904128578403,20.61513799913134,20.5,21.5
3223.0,21.147001035258963,21.39885562298246,5.64618335947703,21.0,0,-0.3988556229824596,22.184507724228652,20.5,21.5
3224.0,21.143900871723808,21.442827012180683,5.644531390461022,21.0,0,-0.44282701218068254,21.882540904162912,20.5,21.5
3225.0,21.140800997827554,21.36394242031617,5.642878930606323,21.0,0,-0.36394242031617097,20.575096501671055,20.5,21.5
3226.0,21.13770141341411,21.357695130277765,5.6412259811713525,21.0,0,-0.3576951302777651,21.295222229893707,20.5,21.5
3227.0,21.13460211832766,21.39780938523749,5.639572543414903,21.0,0,-0.39780938523749043,21.798951934834744,20.5,21.5
3228.0,21.131503112412677,21.360185468740788,5.63791861859614,21.0,0,-0.36018546874078794,20.983946303773763,20.5,21.5
3229.0,21.128404395513915,21.30241654508655,5.636264207974599,21.0,0,-0.302416545086551,20.724727308544182,20.5,21.5
3230.0,21.125305967476407,21.33368627891951,5.634609312810185,21.0,0,-0.33368627891951164,21.646383617249118,20.5,21.5
3231.0,21.122207828145473,21.354402901658858,5.632953934363172,21.0,0,-0.3544029016588581,21.561569129052323,20.5,21.5
3232.0,21.119109977366715,21.345546035543844,5.631298073894206,21.0,0,-0.345546035543844,21.256977374393703,20.5,21.5
3233.0,21.11601241498602,21.281712164182117,5.629641732664292,21.0,0,-0.2817121641821174,20.64337345056485,20.5,21.5
3234.0,21.112915140849555,21.310274710089963,5.627984911934809,21.0,0,-0.31027471008996343,21.595900169168424,20.5,21.5
3235.0,21.109818154803772,21.386333443676182,5.6263276129675,21.0,0,-0.3863334436761825,22.146920779538373,20.5,21.5
3236.0,21.106721456695404,21.401797460692404,5.624669837024466,21.0,0,-0.4017974606924035,21.556437630854614,20.5,21.5
3237.0,21.10362504637147,21.47156692601681,5.623011585368176,21.0,0,-0.47156692601680916,22.169261579260866,20.5,21.5
3238.0,21.100528923679267,21.534625290124183,5.621352859261464,21.0,0,-0.5346252901241826,22.165208931197917,20.5,21.5
3239.0,21.097433088466385,21.55736175194271,5.619693659967519,21.0,0,-0.557361751942711,21.784726370127995,20.5,21.5
3240.0,21.094337540580685,21.52013313940872,5.618033988749896,21.0,0,-0.5201331394087205,21.147847014068816,20.5,21.5
3241.0,21.09124227987032,21.398172672771956,5.616373846872504,21.0,1,-0.3981726727719561,20.178568006404312,20.5,21.5
3242.0,21.108147306183717,21.318266226979127,5.6147132355996145,21.0,1,-0.31826622697912654,20.51920176905083,20.5,21.5
3243.0,21.1250486193696,21.318584683403742,5.613052156195856,21.0,1,-0.318584683403742,21.321769247649897,20.5,21.5
3244.0,21.141946220076967,21.261060162253152,5.611390609926211,21.0,1,-0.2610601622531519,20.68581495074725,20.5,21.5
3245.0,21.158840108954937,21.335511898209575,5.609728598056021,21.0,0,-0.3355118982095746,22.080029257773802,20.5,21.5
3246.0,21.15573028665276,21.436996325022477,5.608066121850982,21.0,0,-0.4369963250224771,22.451840593151502,20.5,21.5
3247.0,21.152620753819797,21.59313298064837,5.606403182577136,21.0,0,-0.5931329806483703,23.154499536907302,20.5,21.5
3248.0,21.149511510305548,21.58193445978663,5.604739781500889,21.0,0,-0.5819344597866305,21.469949251169233,20.5,21.5
3249.0,21.146402555959785,21.65614589626328,5.603075919888992,21.0,0,-0.6561458962632791,22.398260261029765,20.5,21.5
3250.0,21.14329389063257,21.58810323985447,5.601411599008546,21.0,0,-0.588103239854469,20.907676675766368,20.5,21.5
3251.0,21.140185514174245,21.519256031457225,5.599746820127007,21.0,0,-0.5192560314572248,20.830783947484782,20.5,21.5
3252.0,21.137077426435436,21.35436514610112,5.598081584512174,21.0,1,-0.35436514610112013,19.705456292540074,20.5,21.5
3253.0,21.153969627267053,21.41067090247919,5.596415893432197,21.0,0,-0.4106709024791897,21.973728466259885,20.5,21.5
3254.0,21.150858116520286,21.395941041340915,5.5947497481555715,21.0,0,-0.39594104134091523,21.24864242995817,20.5,21.5
3255.0,21.147746894846613,21.354198230139385,5.593083149951142,21.0,0,-0.3541982301393851,20.936770118124084,20.5,21.5
3256.0,21.144635962097635,21.424513769460347,5.591416100088093,21.0,0,-0.42451376946034713,22.127669162669967,20.5,21.5
3257.0,21.141525318125233,21.472644099239467,5.589748599835958,21.0,0,-0.47264409923946715,21.953947397030667,20.5,21.5
3258.0,21.138414962781575,21.46799634443958,5.588080650464608,21.0,0,-0.46799634443958027,21.42151879644071,20.5,21.5
3259.0,21.135304895919113,21.46301408030059,5.586412253244261,21.0,0,-0.46301408030058866,21.413191438910673,20.5,21.5
3260.0,21.132195117390577,21.521530413583314,5.5847434094454735,21.0,0,-0.5215304135833136,22.106693746410564,20.5,21.5
3261.0,21.129085627048987,21.478606543983425,5.583074120339143,21.0,0,-0.4786065439834246,21.049367847984534,20.5,21.5
3262.0,21.125976424747645,21.381499752474387,5.581404387196506,21.0,1,-0.3814997524743866,20.410431837384007,20.5,21.5
3263.0,21.142867510340135,21.339572506681105,5.579734211289136,21.0,1,-0.3395725066811046,20.920300048748285,20.5,21.5
3264.0,21.159754883680325,21.394890010088652,5.578063593888944,21.0,0,-0.3948900100886519,21.948065044164125,20.5,21.5
3265.0,21.156638545422368,21.343774666793063,5.5763925362681785,21.0,0,-0.34377466679306323,20.832621233837177,20.5,21.5
3266.0,21.153522496220535,21.39005904294734,5.5747210396994245,21.0,0,-0.39005904294733895,21.852902804490096,20.5,21.5
3267.0,21.15040673592923,21.473649114454016,5.573049105455596,21.0,0,-0.47364911445401603,22.309549829520787,20.5,21.5
3268.0,21.147291264403137,21.49699525771383,5.571376734809948,21.0,0,-0.4969952577138308,21.73045669031198,20.5,21.5
3269.0,21.144176081497218,21.429749878490647,5.569703929036059,21.0,0,-0.4297498784906466,20.757296086258805,20.5,21.5
3270.0,21.141061187066725,21.46546692557098,5.568030689407845,21.0,0,-0.46546692557097913,21.822637396374304,20.5,21.5
3271.0,21.137946580967192,21.41191176959091,5.566357017199552,21.0,0,-0.41191176959090825,20.8763602097902,20.5,21.5
3272.0,21.134832263054438,21.411340506984473,5.564682913685753,21.0,0,-0.4113405069844731,21.40562788092012,20.5,21.5
3273.0,21.131718233184564,21.418356476132438,5.563008380141352,21.0,0,-0.41835647613243765,21.488516167612083,20.5,21.5
3274.0,21.128604491213956,21.397820492300763,5.561333417841576,21.0,0,-0.3978204923007631,21.192460653984018,20.5,21.5
3275.0,21.125491036999282,21.416142064021898,5.5596580280619845,21.0,0,-0.4161420640218978,21.599357781233245,20.5,21.5
3276.0,21.122377870397493,21.485312817823022,5.557982212078459,21.0,0,-0.48531281782302216,22.177020355834266,20.5,21.5
3277.0,21.11926499126583,21.505137062882408,5.556305971167205,21.0,0,-0.5051370628824081,21.703379513476268,20.5,21.5
3278.0,21.11615239946181,21.476814943730588,5.554629306604755,21.0,0,-0.47681494373058797,21.193593752212387,20.5,21.5
3279.0,21.11304009484324,21.431927300327708,5.552952219667962,21.0,0,-0.43192730032770754,20.983050866298903,20.5,21.5
3280.0,21.109928077268204,21.47414080669216,5.551274711633998,21.0,0,-0.47414080669215863,21.89627587033667,20.5,21.5
3281.0,21.106816346595078,21.39192359750106,5.549596783780362,21.0,0,-0.39192359750105865,20.56975150559006,20.5,21.5
3282.0,21.103704902682516,21.337369828406036,5.547918437384865,21.0,0,-0.337369828406036,20.79183213745581,20.5,21.5
3283.0,21.100593745389457,21.352746567119077,5.546239673725643,21.0,0,-0.3527465671190768,21.506513954249485,20.5,21.5
3284.0,21.097482874575125,21.446758898745564,5.544560494081149,21.0,0,-0.4467588987455642,22.386882215010438,20.5,21.5
3285.0,21.094372290099027,21.457634965953822,5.542880899730149,21.0,0,-0.45763496595382236,21.566395638036404,20.5,21.5
3286.0,21.091261991820954,21.470766557716253,5.541200891951728,21.0,0,-0.470766557716253,21.60208247534056,20.5,21.5
3287.0,21.08815197960098,21.487571984385603,5.539520472025284,21.0,0,-0.48757198438560323,21.655626251079106,20.5,21.5
3288.0,21.085042253299466,21.378494390258556,5.537839641230532,21.0,1,-0.378494390258556,20.287718448988084,20.5,21.5
3289.0,21.101932812777054,21.39799774554998,5.536158400847496,21.0,0,-0.39799774554997924,21.59303129846421,20.5,21.5
3290.0,21.09881965789467,21.251931008450804,5.534476752156514,21.0,1,-0.2519310084508035,19.791263637459046,20.5,21.5
3291.0,21.11570678931352,21.280525947246996,5.532794696438235,21.0,0,-0.2805259472469963,21.566475335208924,20.5,21.5
3292.0,21.112590206894946,21.253875506504613,5.531112234973618,21.0,0,-0.2538755065046132,20.987371099080782,20.5,21.5
3293.0,21.10947391130056,21.31343307374185,5.529429369043929,21.0,0,-0.3134330737418516,21.909008746114235,20.5,21.5
3294.0,21.10635790239211,21.219424082757165,5.527746099930746,21.0,1,-0.21942408275716474,20.279334172910296,20.5,21.5
3295.0,21.123242180031617,21.28269347030466,5.52606242891595,21.0,0,-0.2826934703046611,21.915387345779624,20.5,21.5
3296.0,21.120122744081396,21.190448153186942,5.52437835728173,21.0,1,-0.1904481531869422,20.267994982009753,20.5,21.5
3297.0,21.137003595204035,21.156873419373436,5.522693886310579,21.0,1,-0.15687341937343646,20.82112608123838,20.5,21.5
3298.0,21.153880733262255,21.137730964410505,5.521009017285297,21.0,1,-0.1377309644105047,20.946306414781187,20.5,21.5
3299.0,21.17075415891906,21.179244644480214,5.519323751488983,21.0,0,-0.17924464448021382,21.594381445177305,20.5,21.5
3300.0,21.167623872837574,21.27921648405505,5.5176380902050415,21.0,0,-0.2792164840550484,22.278934879803394,20.5,21.5
3301.0,21.164493875681046,21.357806137913734,5.515952034717177,21.0,0,-0.35780613791373383,22.143702676500588,20.5,21.5
3302.0,21.161364167312854,21.445924643777968,5.514265586309393,21.0,0,-0.4459246437779676,22.327109702420305,20.5,21.5
3303.0,21.158234747596655,21.511028656795517,5.512578746265993,21.0,0,-0.5110286567955171,22.162068786971012,20.5,21.5
3304.0,21.15510561639639,21.520440562845753,5.510891515871581,21.0,0,-0.5204405628457529,21.61455962334811,20.5,21.5
3305.0,21.151976773576287,21.451263324159594,5.509203896411055,21.0,0,-0.45126332415959425,20.759490937298008,20.5,21.5
3306.0,21.148848219000854,21.4134699405216,5.507515889169611,21.0,0,-0.41346994052160113,21.03553610414167,20.5,21.5
3307.0,21.145719952534886,21.434418137362712,5.50582749543274,21.0,0,-0.4344181373627123,21.643900105773824,20.5,21.5
3308.0,21.142591974043466,21.455008035972252,5.504138716486228,21.0,0,-0.45500803597225215,21.66090702206765,20.5,21.5
3309.0,21.139464283391955,21.433655574343415,5.5024495536161515,21.0,0,-0.4336555743434154,21.220130958055048,20.5,21.5
3310.0,21.136336880446,21.43097459543123,5.500760008108883,21.0,0,-0.4309745954312305,21.40416480630938,20.5,21.5
3311.0,21.13320976507153,21.43124251822797,5.499070081251085,21.0,0,-0.43124251822797177,21.433921746195384,20.5,21.5
3312.0,21.130082937134766,21.318617237090784,5.49737977432971,21.0,1,-0.31861723709078404,20.192364425718907,20.5,21.5
3313.0,21.146956396502205,21.30769889968368,5.495689088632,21.0,1,-0.3076988996836789,21.198515525612628,20.5,21.5
3314.0,21.16382614304063,21.359346264989547,5.493998025445486,21.0,0,-0.35934626498954714,21.87581991804823,20.5,21.5
3315.0,21.16069217741711,21.407150180102597,5.492306586057986,21.0,0,-0.4071501801025974,21.8851893312331,20.5,21.5
3316.0,21.15755850029884,21.43992598160308,5.490614771757604,21.0,0,-0.4399259816030785,21.76768399660789,20.5,21.5
3317.0,21.15442511155313,21.536308811271198,5.488922583832734,21.0,0,-0.5363088112711978,22.50013710795239,20.5,21.5
3318.0,21.151292011047587,21.50250579446479,5.487230023572046,21.0,0,-0.5025057944647884,21.164475626400694,20.5,21.5
3319.0,21.14815919865009,21.44321784012083,5.485537092264499,21.0,0,-0.44321784012083043,20.85033829668125,20.5,21.5
3320.0,21.145026674228813,21.47602207598477,5.483843791199336,21.0,0,-0.4760220759847691,21.804064434624156,20.5,21.5
3321.0,21.14189443765221,21.539139158517667,5.482150121666077,21.0,0,-0.539139158517667,22.170309983846646,20.5,21.5
3322.0,21.138762488789013,21.602077207730993,5.480456084954528,21.0,0,-0.6020772077309928,22.23145769986425,20.5,21.5
3323.0,21.135630827508244,21.57575326199825,5.478761682354769,21.0,0,-0.5757532619982513,21.312513804670836,20.5,21.5
3324.0,21.132499453679213,21.640695025046803,5.477066915157162,21.0,0,-0.6406950250468029,22.29011265553232,20.5,21.5
3325.0,21.12936836717151,21.576906403763182,5.475371784652347,21.0,0,-0.5769064037631821,20.939020190926975,20.5,21.5
3326.0,21.126237567855004,21.55128874231055,5.473676292131238,21.0,0,-0.5512887423105504,21.295112127784233,20.5,21.5
3327.0,21.12310705559986,21.468488466284718,5.471980438885026,21.0,0,-0.4684884662847182,20.640485706026396,20.5,21.5
3328.0,21.119976830276517,21.522566560121042,5.47028422620518,21.0,0,-0.5225665601210423,22.063347498484283,20.5,21.5
3329.0,21.116846891755703,21.511270783990494,5.468587655383438,21.0,0,-0.5112707839904935,21.398313022685006,20.5,21.5
3330.0,21.11371723990843,21.466734503043188,5.466890727711811,21.0,0,-0.4667345030431882,21.021371693570135,20.5,21.5
3331.0,21.11058787460599,21.465470259149885,5.465193444482585,21.0,0,-0.4654702591498854,21.452827820216857,20.5,21.5
3332.0,21.107458795719964,21.408759513913406,5.463495806988314,21.0,0,-0.4087595139134059,20.84165206154861,20.5,21.5
3333.0,21.104330003122218,21.443351192634346,5.461797816521824,21.0,0,-0.44335119263434564,21.789267979843743,20.5,21.5
3334.0,21.101201496684897,21.3196282145101,5.460099474376209,21.0,1,-0.31962821451010015,20.082398433267645,20.5,21.5
3335.0,21.118073276280434,21.345957245138827,5.458400781844829,21.0,0,-0.34595724513882686,21.609247551426094,20.5,21.5
3336.0,21.114941341781545,21.357993614081323,5.456701740221312,21.0,0,-0.35799361408132313,21.478357303506286,20.5,21.5
3337.0,21.111809693861233,21.387551042700764,5.455002350799552,21.0,0,-0.387551042700764,21.683125328895173,20.5,21.5
3338.0,21.10867833239262,21.286902308137233,5.45330261487371,21.0,1,-0.2869023081372326,20.28041496250192,20.5,21.5
3339.0,21.125547257249117,21.384161281942497,5.451602533738207,21.0,0,-0.38416128194249666,22.356751019995137,20.5,21.5
3340.0,21.122412468304415,21.41048735202973,5.449902108687731,21.0,0,-0.41048735202972964,21.67374805290206,20.5,21.5
3341.0,21.11927796623249,21.344906042392978,5.448201341017226,21.0,0,-0.34490604239297795,20.68909294602546,20.5,21.5
3342.0,21.116143750907447,21.365593259000228,5.4465002320219025,21.0,0,-0.365593259000228,21.57246542507273,20.5,21.5
3343.0,21.11300982220367,21.403506972464065,5.44479878299723,21.0,0,-0.403506972464065,21.782644107102435,20.5,21.5
3344.0,21.109876179995826,21.436216253416898,5.4430969952389345,21.0,0,-0.43621625341689807,21.76330906294523,20.5,21.5
3345.0,21.106742824158875,21.35299572317847,5.441394870043003,21.0,0,-0.35299572317846994,20.52079042079419,20.5,21.5
3346.0,21.10360975456805,21.401280235189148,5.4396924087056755,21.0,0,-0.401280235189148,21.88412535529593,20.5,21.5
3347.0,21.100476971098878,21.382627985229437,5.4379896125234515,21.0,0,-0.382627985229437,21.196105485632327,20.5,21.5
3348.0,21.097344473627164,21.398897170833948,5.4362864827930855,21.0,0,-0.3988971708339477,21.561589026879055,20.5,21.5
3349.0,21.094212262028996,21.318608063453897,5.434583020811583,21.0,0,-0.31860806345389747,20.515716989653395,20.5,21.5
3350.0,21.091080336180752,21.395140835108716,5.432879227876206,21.0,0,-0.395140835108716,22.1604685516569,20.5,21.5
3351.0,21.087948695959092,21.373523247144497,5.431175105284466,21.0,0,-0.37352324714449736,21.15734736750231,20.5,21.5
3352.0,21.084817341240957,21.366402274710506,5.429470654334127,21.0,0,-0.3664022747105058,21.29519255037059,20.5,21.5
3353.0,21.081686271903575,21.317338899273462,5.4277658763232015,21.0,0,-0.31733889927346226,20.826705144903027,20.5,21.5
3354.0,21.07855548782446,21.30939488549117,5.4260607725499534,21.0,0,-0.30939488549116945,21.22995474766824,20.5,21.5
3355.0,21.075424988881405,21.305639804691964,5.424355344312892,21.0,0,-0.30563980469196395,21.26808899669991,20.5,21.5
3356.0,21.072294774952493,21.26444373537426,5.422649592910778,21.0,0,-0.264443735374261,20.852483042197232,20.5,21.5
3357.0,21.069164845916085,21.18292540401025,5.420943519642612,21.0,1,-0.18292540401024837,20.367742090370122,20.5,21.5
3358.0,21.08603520165083,21.201126313583394,5.419237125807644,21.0,1,-0.20112631358339428,21.383135409314853,20.5,21.5
3359.0,21.10290184203566,21.238886147859205,5.417530412705367,21.0,0,-0.2388861478592048,21.61648449061731,20.5,21.5
3360.0,21.099764767749793,21.205050958232267,5.415823381635518,21.0,0,-0.20505095823226682,20.866699061962887,20.5,21.5
3361.0,21.09662797947257,21.267695964152352,5.414116033898076,21.0,0,-0.2676959641523524,21.89414602335321,20.5,21.5
3362.0,21.093491477083454,21.415062965262074,5.412408370793259,21.0,0,-0.41506296526207365,22.888732976359286,20.5,21.5
3363.0,21.090355260462196,21.40843150614139,5.410700393621528,21.0,0,-0.40843150614139034,21.342116914934557,20.5,21.5
3364.0,21.08721932948883,21.331517447107963,5.408992103683581,21.0,0,-0.33151744710796294,20.56237685677369,20.5,21.5
3365.0,21.084083684043666,21.420766652070192,5.407283502280355,21.0,0,-0.42076665207019204,22.313258701692483,20.5,21.5
3366.0,21.080948324007313,21.413721387766223,5.405574590713025,21.0,0,-0.41372138776622336,21.343268744726537,20.5,21.5
3367.0,21.077813249260654,21.36981809499869,5.403865370283002,21.0,0,-0.36981809499868845,20.93078516732334,20.5,21.5
3368.0,21.074678459684858,21.41726703199902,5.40215584229193,21.0,0,-0.41726703199902104,21.891756402002347,20.5,21.5
3369.0,21.071543955161378,21.396608891508425,5.40044600804169,21.0,0,-0.39660889150842493,21.190027486602464,20.5,21.5
3370.0,21.068409735571954,21.333237123889383,5.398735868834395,21.0,0,-0.33323712388938276,20.69951944769896,20.5,21.5
3371.0,21.065275800798606,21.29528520724304,5.39702542597239,21.0,0,-0.2952852072430403,20.915766040779616,20.5,21.5
3372.0,21.06214215072364,21.302311983062584,5.3953146807582515,21.0,0,-0.3023119830625838,21.37257974125802,20.5,21.5
3373.0,21.059008785229647,21.33613402526717,5.393603634494789,21.0,0,-0.33613402526717095,21.674354447313043,20.5,21.5
3374.0,21.0558757041995,21.390994814470538,5.391892288485036,21.0,0,-0.3909948144705382,21.93960270650421,20.5,21.5
3375.0,21.052742907516357,21.4412754342586,5.390180644032256,21.0,0,-0.44127543425859983,21.944081632139216,20.5,21.5
3376.0,21.04961039506366,21.478386204592976,5.388468702439944,21.0,0,-0.47838620459297587,21.849493907936736,20.5,21.5
3377.0,21.046478166725134,21.443507305224394,5.386756465011816,21.0,0,-0.44350730522439363,21.09471831153857,20.5,21.5
3378.0,21.04334622238479,21.404219906578767,5.385043933051816,21.0,0,-0.40421990657876705,21.0113459201225,20.5,21.5
3379.0,21.040214561926923,21.408167416579342,5.38333110786411,21.0,0,-0.4081674165793423,21.447642516585095,20.5,21.5
3380.0,21.03708318523611,21.45167484146013,5.38161799075309,21.0,0,-0.4516748414601288,21.886749090267994,20.5,21.5
3381.0,21.033952092197215,21.446136420235867,5.37990458302337,21.0,0,-0.44613642023586664,21.390752207993245,20.5,21.5
3382.0,21.03082128269538,21.44950517232338,5.378190885979782,21.0,0,-0.4495051723233807,21.48319269319852,20.5,21.5
3383.0,21.02769075661604,21.408153386165345,5.3764769009273845,21.0,0,-0.40815338616534547,20.994635524584993,20.5,21.5
3384.0,21.0245605138449,21.39163569241929,5.37476262917145,21.0,0,-0.39163569241928897,21.226458754958724,20.5,21.5
3385.0,21.021430554267965,21.26408895384651,5.373048072017469,21.0,1,-0.2640889538465103,19.988621568118724,20.5,21.5
3386.0,21.038300877771515,21.22865678186011,5.371333230771154,21.0,1,-0.22865678186010996,20.874335061996106,20.5,21.5
3387.0,21.055167484242116,21.24138569896002,5.369618106738431,21.0,1,-0.24138569896001982,21.36867486995912,20.5,21.5
3388.0,21.072030374366616,21.32471162839081,5.367902701225439,21.0,0,-0.32471162839080847,22.157970922698695,20.5,21.5
3389.0,21.068889548831987,21.462585602364708,5.366187015538539,21.0,0,-0.46258560236470814,22.841325342103705,20.5,21.5
3390.0,21.065749008325326,21.444063696562623,5.364471050984296,21.0,0,-0.44406369656262257,21.258844638541767,20.5,21.5
3391.0,21.06260875273386,21.449732059239718,5.362754808869492,21.0,0,-0.44973205923971804,21.506415686010673,20.5,21.5
3392.0,21.059468781945085,21.508868944252868,5.36103829050112,21.0,0,-0.5088689442528675,22.100237794384363,20.5,21.5
3393.0,21.056329095846795,21.46243865041986,5.359321497186385,21.0,0,-0.462438650419859,20.998135712089773,20.5,21.5
3394.0,21.053189694327063,21.382677929274816,5.3576044302326995,21.0,0,-0.38267792927481636,20.58507071782439,20.5,21.5
3395.0,21.050050577274245,21.385929115979263,5.355887090947684,21.0,0,-0.3859291159792626,21.418440983023725,20.5,21.5
3396.0,21.04691174457698,21.394310166481564,5.354169480639166,21.0,0,-0.3943101664815636,21.478120671504573,20.5,21.5
3397.0,21.043773196124192,21.416644413416815,5.352451600615184,21.0,0,-0.41664441341681524,21.639986882769332,20.5,21.5
3398.0,21.04063493180509,21.384702204135454,5.350733452183974,21.0,0,-0.3847022041354542,21.065280111321844,20.5,21.5
3399.0,21.037496951509166,21.33145723543866,5.3490150366539835,21.0,0,-0.3314572354386591,20.79900754847071,20.5,21.5
3400.0,21.034359255126194,21.37075395079673,5.347296355333861,21.0,0,-0.370753950796729,21.763721104377428,20.5,21.5
3401.0,21.031221842546234,21.387824279291333,5.3455774095324555,21.0,0,-0.38782427929133334,21.558527564237377,20.5,21.5
3402.0,21.02808471365963,21.32380839572677,5.343858200558819,21.0,0,-0.32380839572676834,20.68364956008112,20.5,21.5
3403.0,21.02494786835701,21.33525149923087,5.342138729722206,21.0,0,-0.3352514992308713,21.4496825342719,20.5,21.5
3404.0,21.021811306529283,21.377429934092213,5.340418998332066,21.0,0,-0.3774299340922127,21.799214282705627,20.5,21.5
3405.0,21.018675028067644,21.36128492317294,5.3386990076980485,21.0,0,-0.3612849231729385,21.199834813980196,20.5,21.5
3406.0,21.015539032863572,21.33668703771796,5.336978759130005,21.0,0,-0.3366870377179616,21.090708183168193,20.5,21.5
3407.0,21.012403320808826,21.30162161360268,5.335258253937978,21.0,0,-0.3016216136026806,20.95096737244987,20.5,21.5
3408.0,21.009267891795453,21.27717437119481,5.333537493432204,21.0,0,-0.2771743711948105,21.03270194711611,20.5,21.5
3409.0,21.00613274571578,21.29789321747444,5.3318164789231215,21.0,0,-0.29789321747443864,21.50508168027072,20.5,21.5
3410.0,21.002997882462424,21.186267494640084,5.330095211721355,21.0,1,-0.1862674946400844,20.070010266296542,20.5,21.5
3411.0,21.019863301928275,21.131698389065047,5.328373693137727,21.0,1,-0.13169838906504694,20.586007333314672,20.5,21.5
3412.0,21.036725004006517,21.166706009236567,5.326651924483245,21.0,0,-0.16670600923656664,21.516782210951764,20.5,21.5
3413.0,21.033582989390613,21.273083385730867,5.324929907069113,21.0,0,-0.27308338573086743,22.336857150673875,20.5,21.5
3414.0,21.03044125877415,21.2275820675783,5.3232076422067225,21.0,0,-0.22758206757830024,20.77256888605263,20.5,21.5
3415.0,21.02729981205084,21.31773889557425,5.321485131207652,21.0,0,-0.3177388955742515,22.219307175533764,20.5,21.5
3416.0,21.02415864911467,21.419679987830854,5.31976237538367,21.0,0,-0.4196799878308539,22.439090910396878,20.5,21.5
3417.0,21.021017769859924,21.41377687952012,5.3180393760467295,21.0,0,-0.4137768795201211,21.354745796412793,20.5,21.5
3418.0,21.017877174181162,21.394862744341697,5.316316134508967,21.0,0,-0.39486274434169744,21.20572139255746,20.5,21.5
3419.0,21.014736861973226,21.40142029889318,5.314592652082709,21.0,0,-0.40142029889317854,21.46699584440799,20.5,21.5
3420.0,21.011596833131247,21.408689543461584,5.312868930080462,21.0,0,-0.40868954346158404,21.48138198914564,20.5,21.5
3421.0,21.008457087550635,21.383417379321,5.311144969814913,21.0,0,-0.3834173793209992,21.13069573791515,20.5,21.5
3422.0,21.005317625127088,21.358953944081886,5.309420772598937,21.0,0,-0.3589539440818861,21.114319591690755,20.5,21.5
3423.0,21.00217844575658,21.32674852557193,5.307696339745581,21.0,0,-0.32674852557192935,21.004694340472362,20.5,21.5
3424.0,20.99903954933538,21.328615132598088,5.305971672568077,21.0,0,-0.32861513259808817,21.347281202859676,20.5,21.5
3425.0,20.995900935760027,21.329816530434975,5.304246772379833,21.0,0,-0.32981653043497516,21.341830508803845,20.5,21.5
3426.0,20.99276260492735,21.334177626116077,5.302521640494438,21.0,0,-0.3341776261160767,21.377788582927092,20.5,21.5
3427.0,20.989624556734462,21.35773544130135,5.300796278225654,21.0,0,-0.35773544130135093,21.593313593154093,20.5,21.5
3428.0,20.98648679107876,21.34521761101812,5.299070686887419,21.0,0,-0.3452176110181213,21.220039308185825,20.5,21.5
3429.0,20.98334930785792,21.369879163690097,5.297344867793846,21.0,0,-0.3698791636900971,21.616494690409855,20.5,21.5
3430.0,20.98021210696991,21.386016354725417,5.295618822259222,21.0,0,-0.38601635472541673,21.547388265078613,20.5,21.5
3431.0,20.977075188312966,21.286587876576142,5.293892551598003,21.0,1,-0.28658787657614226,20.292303095083398,20.5,21.5
3432.0,20.99393855178562,21.284363341825348,5.292166057124823,21.0,1,-0.2843633418253475,21.2621179943174,20.5,21.5
3433.0,21.01079819728669,21.2347925684251,5.290439340154482,21.0,1,-0.23479256842509955,20.73908483442262,20.5,21.5
3434.0,21.027654125515262,21.234184407407874,5.288712402001948,21.0,1,-0.2341844074078736,21.228102797235614,20.5,21.5
3435.0,21.04450633717056,21.289790641643812,5.286985243982358,21.0,0,-0.28979064164381185,21.845852984003194,20.5,21.5
3436.0,21.04135483295192,21.41812528469863,5.2852578674110235,21.0,0,-0.418125284698629,22.7014717152468,20.5,21.5
3437.0,21.038203613558814,21.40214123288817,5.2835302736034135,21.0,0,-0.4021412328881695,21.242300714783575,20.5,21.5
3438.0,21.03505267889082,21.419288284038544,5.281802463875165,21.0,0,-0.4192882840385437,21.590758795542285,20.5,21.5
3439.0,21.031902028847817,21.401628416822827,5.2800744395420836,21.0,0,-0.40162841682282746,21.225029744665665,20.5,21.5
3440.0,21.028751663329956,21.336278515990614,5.278346201920131,21.0,0,-0.33627851599061387,20.682779507668478,20.5,21.5
3441.0,21.025601582237673,21.291298418328633,5.276617752325437,21.0,0,-0.29129841832863335,20.841497441708828,20.5,21.5
3442.0,21.02245178547169,21.333366660109675,5.274889092074293,21.0,0,-0.3333666601096752,21.754049077920094,20.5,21.5
3443.0,21.01930227293301,21.345263550991074,5.273160222483147,21.0,0,-0.3452635509910742,21.464232459805064,20.5,21.5
3444.0,21.01615304452292,21.379836095447267,5.27143114486861,21.0,0,-0.37983609544726704,21.725561540009195,20.5,21.5
3445.0,21.01300410014299,21.389418339944363,5.269701860547446,21.0,0,-0.38941833994436337,21.485240784915327,20.5,21.5
3446.0,21.00985543969507,21.363318469552986,5.267972370836585,21.0,0,-0.3633184695529863,21.102319765639216,20.5,21.5
3447.0,21.006707063081297,21.372926463101564,5.266242677053105,21.0,0,-0.37292646310156385,21.46900639858734,20.5,21.5
3448.0,21.003558970204093,21.33449283601204,5.264512780514244,21.0,0,-0.33449283601203916,20.950156565116792,20.5,21.5
3449.0,21.000411160966156,21.266328301869176,5.262782682537396,21.0,0,-0.26632830186917644,20.58468296044055,20.5,21.5
3450.0,20.99726363527047,21.21766201662037,5.261052384440104,21.0,0,-0.21766201662036977,20.730999164132303,20.5,21.5
3451.0,20.994116393020306,21.193192580526528,5.259321887540064,21.0,0,-0.193192580526528,20.94849821958811,20.5,21.5
3452.0,20.99096943411921,21.182431643436445,5.257591193155125,21.0,0,-0.1824316434364448,21.074822272535613,20.5,21.5
3453.0,20.98782275847102,21.17079876157296,5.255860302603288,21.0,0,-0.1707987615729607,21.05446994293812,20.5,21.5
3454.0,20.984676365979844,21.205098599853876,5.2541292172027,21.0,0,-0.20509859985387635,21.548096982663033,20.5,21.5
3455.0,20.981530256550087,21.246532610728444,5.25239793827166,21.0,0,-0.246532610728444,21.66087271947412,20.5,21.5
3456.0,20.978384430086432,21.30347410721358,5.250666467128609,21.0,0,-0.3034741072135816,21.872889072064957,20.5,21.5
3457.0,20.97523888649384,21.290623326529186,5.248934805092139,21.0,0,-0.290623326529186,21.16211551968523,20.5,21.5
3458.0,20.972093625677562,21.37281757674402,5.247202953480985,21.0,0,-0.37281757674401916,22.19476007889235,20.5,21.5
3459.0,20.968948647543122,21.306408358003956,5.24547091361403,21.0,0,-0.3064083580039565,20.64231617060333,20.5,21.5
3460.0,20.965803951996335,21.297638594497563,5.243738686810295,21.0,0,-0.29763859449756325,21.20994095943363,20.5,21.5
3461.0,20.9626595389433,21.25592697234496,5.242006274388948,21.0,0,-0.25592697234495887,20.838810750818915,20.5,21.5
3462.0,20.95951540829039,21.208588658352163,5.240273677669294,21.0,0,-0.20858865835216278,20.735205518424202,20.5,21.5
3463.0,20.956371559944266,21.12374015097646,5.2385408979707835,21.0,1,-0.12374015097645952,20.275255077219427,20.5,21.5
3464.0,20.97322799381187,21.214681498141456,5.236807936613001,21.0,0,-0.21468149814145576,22.124094969791418,20.5,21.5
3465.0,20.97008070980043,21.236839146941325,5.2350747949156755,21.0,0,-0.23683914694132469,21.458415634940014,20.5,21.5
3466.0,20.966933708617454,21.262078216806792,5.233341474198667,21.0,0,-0.2620782168067919,21.514468915461464,20.5,21.5
3467.0,20.96378699017057,21.27913391405142,5.231607975781975,21.0,0,-0.2791339140514211,21.449690886497713,20.5,21.5
3468.0,20.96064055436769,21.301645819959322,5.229874300985733,21.0,0,-0.3016458199593224,21.526764879038335,20.5,21.5
3469.0,20.957494401117014,21.283851740719843,5.228140451130212,21.0,0,-0.2838517407198431,21.10591094832505,20.5,21.5
3470.0,20.954348530327017,21.236670580928603,5.226406427535814,21.0,0,-0.23667058092860316,20.764858983016204,20.5,21.5
3471.0,20.95120294190646,21.214356011014818,5.224672231523071,21.0,0,-0.21435601101481794,20.991210311876966,20.5,21.5
3472.0,20.948057635764382,21.21675187161158,5.222937864412652,21.0,0,-0.2167518716115815,21.240710477579217,20.5,21.5
3473.0,20.94491261181011,21.176654513510965,5.22120332752535,21.0,0,-0.1766545135109645,20.775680932504795,20.5,21.5
3474.0,20.941767869953253,21.156717521698305,5.219468622182091,21.0,0,-0.15671752169830455,20.957347603571705,20.5,21.5
3475.0,20.9386234101037,21.15141462110649,5.217733749703929,21.0,0,-0.15141462110648973,21.09838561518834,20.5,21.5
3476.0,20.93547923217162,21.100119553371265,5.215998711412046,21.0,0,-0.10011955337126466,20.587168876019014,20.5,21.5
3477.0,20.932335336067467,21.186596216143037,5.214263508627749,21.0,0,-0.18659621614303745,22.051362843860765,20.5,21.5
3478.0,20.92919172170198,21.257786666655225,5.212528142672467,21.0,0,-0.25778666665522465,21.969691171777097,20.5,21.5
3479.0,20.926048388986175,21.311638160606247,5.21079261486776,21.0,0,-0.31163816060624683,21.85015310011647,20.5,21.5
3480.0,20.922905337831352,21.443675652131198,5.2090569265353075,21.0,0,-0.44367565213119775,22.764050567380707,20.5,21.5
3481.0,20.919762568149093,21.50477565616042,5.207321078996911,21.0,0,-0.5047756561604189,22.11577569645263,20.5,21.5
3482.0,20.916620079851263,21.428671770663733,5.205585073574493,21.0,0,-0.4286717706637333,20.667632915696878,20.5,21.5
3483.0,20.91347787285001,21.407535349629697,5.203848911590101,21.0,0,-0.40753534962969695,21.196171139289333,20.5,21.5
3484.0,20.910335947057757,21.355491039548223,5.202112594365893,21.0,0,-0.35549103954822314,20.835047938733485,20.5,21.5
3485.0,20.907194302387218,21.23512845073814,5.200376123224153,21.0,1,-0.23512845073814148,20.031502562637325,20.5,21.5
3486.0,20.924052938751384,21.218799520873052,5.198639499487278,21.0,1,-0.218799520873052,21.055510222222157,20.5,21.5
3487.0,20.940907856063532,21.202700250880145,5.196902724477783,21.0,1,-0.2027002508801452,21.041707550951077,20.5,21.5
3488.0,20.957759055037215,21.183251443679346,5.1951657995183,21.0,1,-0.18325144367934598,20.988763371671354,20.5,21.5
3489.0,20.974606536386112,21.158005111851306,5.193428725931569,21.0,1,-0.15800511185130617,20.905541793570908,20.5,21.5
3490.0,20.99145030082402,21.174727540150894,5.191691505040449,21.0,1,-0.17472754015089365,21.34195182314677,20.5,21.5
3491.0,21.008290349064865,21.21721444790122,5.189954138167908,21.0,0,-0.21721444790122035,21.642083525404487,20.5,21.5
3492.0,21.005126681822684,21.239278582616866,5.188216626637029,21.0,0,-0.23927858261686552,21.459919929773317,20.5,21.5
3493.0,21.001963299811646,21.250222199393214,5.186478971771001,21.0,0,-0.2502221993932139,21.359658367156698,20.5,21.5
3494.0,20.998800202946036,21.27065621967565,5.184741174893124,21.0,0,-0.2706562196756508,21.47499642250002,20.5,21.5
3495.0,20.995637391140427,21.299201807958404,5.183003237326806,21.0,0,-0.29920180795840423,21.58465769078594,20.5,21.5
3496.0,20.992474864309663,21.296381262249067,5.181265160395561,21.0,0,-0.29638126224906713,21.268175805155696,20.5,21.5
3497.0,20.98931262236888,21.326262967007022,5.179526945423011,21.0,0,-0.32626296700702184,21.62508001458657,20.5,21.5
3498.0,20.98615066523349,21.407659749619608,5.177788593732883,21.0,0,-0.40765974961960794,22.22162757574547,20.5,21.5
3499.0,20.98298899281919,21.3738679809382,5.176050106649008,21.0,0,-0.3738679809382006,21.035950294124127,20.5,21.5
3500.0,20.979827605041958,21.42198532149461,5.174311485495317,21.0,0,-0.4219853214946099,21.903158727058702,20.5,21.5
3501.0,20.97666650181805,21.47430345593238,5.172572731595847,21.0,0,-0.4743034559323789,21.99748480031007,20.5,21.5
3502.0,20.973505683064005,21.46456859243847,5.170833846274736,21.0,0,-0.4645685924384715,21.367219957499398,20.5,21.5
3503.0,20.970345148696648,21.40848091108216,5.169094830856218,21.0,0,-0.40848091108216167,20.847604097519064,20.5,21.5
3504.0,20.96718489863308,21.470536311031417,5.167355686664631,21.0,0,-0.4705363110314167,22.091090310523967,20.5,21.5
3505.0,20.964024932790686,21.453029983135572,5.1656164150244095,21.0,0,-0.45302998313557197,21.277966704177125,20.5,21.5
3506.0,20.96086525108713,21.402742368095353,5.1638770172600825,21.0,0,-0.40274236809535324,20.899866217693166,20.5,21.5
3507.0,20.957705853440366,21.331455628523198,5.162137494696277,21.0,0,-0.331455628523198,20.618588232801645,20.5,21.5
3508.0,20.954546739768617,21.391230956382202,5.160397848657718,21.0,0,-0.39123095638220207,21.988984234972243,20.5,21.5
3509.0,20.951387909990395,21.364563414164415,5.158658080469219,21.0,0,-0.3645634141644152,21.097887991986546,20.5,21.5
3510.0,20.948229364024492,21.37526217965077,5.156918191455691,21.0,0,-0.37526217965076825,21.4822498345143,20.5,21.5
3511.0,20.945071101789978,21.35209521153388,5.155178182942132,21.0,0,-0.3520952115338787,21.120425530364983,20.5,21.5
3512.0,20.94191312320621,21.34509900980948,5.153438056253638,21.0,0,-0.3450990098094806,21.2751369925655,20.5,21.5
3513.0,20.93875542819282,21.24331714838677,5.151697812715389,21.0,1,-0.24331714838676888,20.22549853415965,20.5,21.5
3514.0,20.955598016669725,21.310399359289654,5.149957453652656,21.0,0,-0.31039935928965434,21.98122146831851,20.5,21.5
3515.0,20.952436888557123,21.297621456131402,5.1482169803907984,21.0,0,-0.29762145613140234,21.169842424548882,20.5,21.5
3516.0,20.94927604457549,21.285252516471935,5.146476394255265,21.0,0,-0.2852525164719353,21.161563119877265,20.5,21.5
3517.0,20.94611548464543,21.269079117807596,5.1447356965715825,21.0,0,-0.2690791178075962,21.107345131164205,20.5,21.5
3518.0,20.942955208687813,21.22460006685268,5.142994888665372,21.0,0,-0.2246000668526804,20.779809557303523,20.5,21.5
3519.0,20.939795216623807,21.174739666769774,5.141253971862334,21.0,0,-0.17473966676977426,20.676135665940713,20.5,21.5
3520.0,20.936635508374856,21.11111497326299,5.13951294748825,21.0,1,-0.11111497326298903,20.474868038195137,20.5,21.5
3521.0,20.95347608386268,21.16599615541415,5.13777181686899,21.0,0,-0.16599615541414892,21.714807976925748,20.5,21.5
3522.0,20.95031294300928,21.222939360688855,5.136030581330497,21.0,0,-0.222939360688855,21.792371413435916,20.5,21.5
3523.0,20.947150086536944,21.23952032076575,5.134289242198799,21.0,0,-0.2395203207657488,21.405329921534687,20.5,21.5
3524.0,20.943987514368075,21.25092639688455,5.1325478008,21.0,0,-0.25092639688455165,21.36498715807258,20.5,21.5
3525.0,20.94082522642536,21.272573741961047,5.130806258460286,21.0,0,-0.2725737419610468,21.489047192725998,20.5,21.5
3526.0,20.937663222631766,21.230199969101676,5.129064616505916,21.0,0,-0.23019996910167606,20.80646224050797,20.5,21.5
3527.0,20.934501502910543,21.299053355371463,5.127322876263226,21.0,0,-0.2990533553714627,21.98758721806933,20.5,21.5
3528.0,20.931340067185214,21.375537236806238,5.125581039058627,21.0,0,-0.3755372368062382,22.140376051153993,20.5,21.5
3529.0,20.92817891537959,21.292262926011905,5.123839106218604,21.0,1,-0.2922629260119045,20.459519818068568,20.5,21.5
3530.0,20.945018047417758,21.269672789881326,5.122097079069714,21.0,1,-0.2696727898813265,21.043771428575546,20.5,21.5
3531.0,20.961853463224088,21.255255594324495,5.120354958938587,21.0,1,-0.2552555943244954,21.111083638756185,20.5,21.5
3532.0,20.97868516352323,21.216451687212974,5.118612747151924,21.0,1,-0.2164516872129738,20.828412616097758,20.5,21.5
3533.0,20.995513149039958,21.240422839267303,5.116870445036493,21.0,1,-0.24042283926730335,21.4801343598106,20.5,21.5
3534.0,21.012337420499158,21.332849103504547,5.115128053919134,21.0,0,-0.33284910350454666,22.25711174587698,20.5,21.5
3535.0,21.00915797862584,21.441731586154088,5.113385575126755,21.0,0,-0.4417315861540878,22.5305564126495,20.5,21.5
3536.0,21.00597882414514,21.49697670632687,5.111643009986328,21.0,0,-0.4969767063268691,22.049427908054682,20.5,21.5
3537.0,21.002799956982308,21.503854646688154,5.109900359824891,21.0,0,-0.5038546466881542,21.572634050301005,20.5,21.5
3538.0,20.999621377062876,21.518709096037036,5.108157625969551,21.0,0,-0.5187090960370355,21.66725358952585,20.5,21.5
3539.0,20.99644308431266,21.489558157788288,5.1064148097474735,21.0,0,-0.48955815778828793,21.198048775300812,20.5,21.5
3540.0,20.993265078657746,21.43893387068214,5.1046719124858875,21.0,0,-0.4389338706821384,20.932690999620643,20.5,21.5
3541.0,20.99008736002451,21.374661855947796,5.102928935512089,21.0,0,-0.3746618559477959,20.73194170860437,20.5,21.5
3542.0,20.986909928339607,21.35060257209495,5.101185880153427,21.0,0,-0.3506025720949495,21.110009733566486,20.5,21.5
3543.0,20.98373278352997,21.30509049857088,5.099442747737316,21.0,0,-0.30509049857088044,20.84996976333019,20.5,21.5
3544.0,20.98055592552281,21.374842584162344,5.097699539591227,21.0,0,-0.3748425841623444,22.072363440076984,20.5,21.5
3545.0,20.977379354245624,21.319597710640057,5.095956257042689,21.0,0,-0.31959771064005693,20.767148975417182,20.5,21.5
3546.0,20.974203069626185,21.40426064081699,5.094212901419285,21.0,0,-0.40426064081698954,22.250889942586316,20.5,21.5
3547.0,20.971027071592545,21.33758195046015,5.092469474048659,21.0,0,-0.3375819504601516,20.670795046891772,20.5,21.5
3548.0,20.967851360073038,21.290465046372542,5.090725976258508,21.0,0,-0.29046504637254245,20.81929600549645,20.5,21.5
3549.0,20.964675934996276,21.268591730322264,5.0889824093765785,21.0,0,-0.2685917303222638,21.049858569819477,20.5,21.5
3550.0,20.96150079629115,21.188330626300846,5.087238774730672,21.0,1,-0.1883306263008464,20.385719586086672,20.5,21.5
3551.0,20.97832594388684,21.109429025437272,5.085495073648644,21.0,1,-0.10942902543727229,20.32041301680153,20.5,21.5
3552.0,20.995147377712794,21.14144228087445,5.0837513074583995,21.0,1,-0.14144228087445043,21.461574835246232,20.5,21.5
3553.0,21.01196509849874,21.189091176846034,5.08200747748789,21.0,0,-0.18909117684603416,21.66558013656187,20.5,21.5
3554.0,21.00877910697454,21.16751993434002,5.08026358506512,21.0,0,-0.16751993434002088,20.951807509279888,20.5,21.5
3555.0,21.005593403870158,21.23282731286496,5.078519631518138,21.0,0,-0.23282731286495917,21.885901098114342,20.5,21.5
3556.0,21.00240798911569,21.212123762184216,5.07677561817504,21.0,0,-0.21212376218421625,21.005088255376787,20.5,21.5
3557.0,20.9992228626415,21.203006078661183,5.075031546363969,21.0,0,-0.2030060786611827,21.111829243430847,20.5,21.5
3558.0,20.996038024378244,21.190702205740745,5.073287417413113,21.0,0,-0.19070220574074526,21.06766347653637,20.5,21.5
3559.0,20.99285347425685,21.16915040251841,5.071543232650699,21.0,0,-0.16915040251841162,20.953632370295075,20.5,21.5
3560.0,20.98966921220853,21.1546112111275,5.069798993405002,21.0,0,-0.15461121112749865,21.00921929721837,20.5,21.5
3561.0,20.986485238164768,21.196479158483488,5.0680547010043355,21.0,0,-0.19647915848348774,21.61515863204338,20.5,21.5
3562.0,20.983301552057338,21.281249960798398,5.066310356777053,21.0,0,-0.28124996079839804,22.1289579839475,20.5,21.5
3563.0,20.98011815381828,21.317676907939717,5.064565962051549,21.0,0,-0.3176769079397168,21.681946379352905,20.5,21.5
3564.0,20.976935043379928,21.292182819749605,5.062821518156256,21.0,0,-0.29218281974960547,21.037241937848492,20.5,21.5
3565.0,20.973752220674882,21.47517210008813,5.061077026419646,21.0,0,-0.4751721000881304,23.30506490347338,20.5,21.5
3566.0,20.970569685636033,21.486961399477067,5.059332488170222,21.0,0,-0.4869613994770674,21.604854393366438,20.5,21.5
3567.0,20.96738743819654,21.418037645230484,5.057587904736527,21.0,0,-0.41803764523048415,20.72880010276465,20.5,21.5
3568.0,20.96420547828985,21.414876461669067,5.0558432774471385,21.0,0,-0.414876461669067,21.383264626054896,20.5,21.5
3569.0,20.96102380584968,21.424016829439303,5.054098607630663,21.0,0,-0.42401682943930297,21.515420507141663,20.5,21.5
3570.0,20.95784242081004,21.27553803765905,5.052353896615746,21.0,1,-0.27553803765905016,19.790750119856522,20.5,21.5
3571.0,20.9746613231052,21.275613393431573,5.05060914573106,21.0,1,-0.27561339343157343,21.276366951156806,20.5,21.5
3572.0,20.991476512669724,21.313374489178607,5.048864356305307,21.0,0,-0.31337448917860655,21.690985446648938,20.5,21.5
3573.0,20.98828799023845,21.32533999464245,5.047119529667221,21.0,0,-0.32533999464245156,21.4449950492809,20.5,21.5
3574.0,20.985099756546337,21.32735972314197,5.045374667145563,21.0,0,-0.3273597231419707,21.347557008137162,20.5,21.5
3575.0,20.981911811528455,21.35255526711675,5.043629770069122,21.0,0,-0.3525552671167489,21.60451070686453,20.5,21.5
3576.0,20.97872415512016,21.347949382414804,5.041884839766714,21.0,0,-0.34794938241480367,21.30189053539535,20.5,21.5
3577.0,20.97553678725709,21.327393526463542,5.040139877567179,21.0,0,-0.3273935264635419,21.121834966950924,20.5,21.5
3578.0,20.972349707875154,21.286879155766822,5.03839488479938,21.0,0,-0.28687915576682244,20.881735448799628,20.5,21.5
3579.0,20.969162916910538,21.302167663182033,5.036649862792205,21.0,0,-0.3021676631820327,21.455052737334135,20.5,21.5
3580.0,20.965976414299714,21.24421566381261,5.034904812874567,21.0,0,-0.24421566381261073,20.66469567011839,20.5,21.5
3581.0,20.96279019997943,21.232294098490705,5.033159736375395,21.0,0,-0.23229409849070493,21.113078445271647,20.5,21.5
3582.0,20.95960427388671,21.217497092783912,5.031414634623642,21.0,0,-0.21749709278391194,21.069527035715982,20.5,21.5
3583.0,20.95641863595886,21.226703865428124,5.029669508948277,21.0,0,-0.22670386542812437,21.31877159187025,20.5,21.5
3584.0,20.953233286133457,21.207252412678475,5.02792436067829,21.0,0,-0.20725241267847494,21.01273788518198,20.5,21.5
3585.0,20.950048224348368,21.2034858814332,5.026179191142689,21.0,0,-0.203485881433199,21.16582056898044,20.5,21.5
3586.0,20.946863450541727,21.255959608645632,5.024434001670494,21.0,0,-0.2559596086456324,21.780696880769966,20.5,21.5
3587.0,20.94367896465195,21.243094148887057,5.022688793590746,21.0,0,-0.2430941488870566,21.1144395513013,20.5,21.5
3588.0,20.94049476661774,21.19438361855518,5.020943568232492,21.0,0,-0.19438361855517883,20.7072783152364,20.5,21.5
3589.0,20.937310856378062,21.139977925997698,5.0191983269248,21.0,0,-0.1399779259976981,20.59592100042289,20.5,21.5
3590.0,20.93412723387217,21.158488880085393,5.017453070996748,21.0,0,-0.1584888800853932,21.343598420962344,20.5,21.5
3591.0,20.930943899039598,21.143035883856655,5.015707801777423,21.0,0,-0.14303588385665478,20.98850592156927,20.5,21.5
3592.0,20.927760851820146,21.190679687111302,5.013962520595922,21.0,0,-0.19067968711130234,21.667117719657778,20.5,21.5
3593.0,20.9245780921539,21.246891424712395,5.012217228781357,21.0,0,-0.24689142471239478,21.80900880072332,20.5,21.5
3594.0,20.921395619981226,21.228389349265704,5.01047192766284,21.0,0,-0.2283893492657043,21.0433685947988,20.5,21.5
3595.0,20.918213435242762,21.252192919109387,5.008726618569494,21.0,0,-0.2521929191093868,21.49022861754621,20.5,21.5
3596.0,20.91503153787943,21.20956615749292,5.0069813028304475,21.0,0,-0.20956615749291885,20.78329854132824,20.5,21.5
3597.0,20.91184992783242,21.21350058372516,5.0052359817748355,21.0,0,-0.21350058372516045,21.252844846047577,20.5,21.5
3598.0,20.90866860504321,21.1546763226327,5.003490656731797,21.0,0,-0.15467632263269948,20.56643371170809,20.5,21.5
3599.0,20.90548756945355,21.21714327577907,5.00174532903047,21.0,0,-0.217143275779069,21.841812807242764,20.5,21.5
